item_id,original_name,released,category,candidate,reason,original_description
ammo_cacnea_spike,Cacnea Spike,True,ammo,,Thrown ammunition has no matching Cyber Sleuth item.,A weapon to be hurled. It flies in a straight line to inflict damage and sharply lowers the Attack of any Pokémon it hits.
ammo_corsola_twig,Corsola Twig,True,ammo,,Thrown ammunition has no matching Cyber Sleuth item.,A weapon to be hurled. It flies in a straight line to inflict damage and sharply lowers the Sp.Atk of any Pokémon it hits.
ammo_geo_pebble,Geo Pebble,True,ammo,,Thrown ammunition has no matching Cyber Sleuth item.,A weapon to be thrown. It flies high in an arc to clear obstacles and strike the target. It causes the target to flinch.
ammo_golden_thorn,Golden Thorn,True,ammo,,Thrown ammunition has no matching Cyber Sleuth item.,"A brilliantly shining thorn crafted from solid gold. When hurled, it flies in a straight line to inflict damage on any Pokémon it hits, scattering coins everywhere."
ammo_gravelerock,Gravelerock,True,ammo,,Thrown ammunition has no matching Cyber Sleuth item.,A weapon to be thrown. It flies high in an arc to clear obstacles and strike the target's area.
ammo_iron_thorn,Iron Thorn,True,ammo,,Thrown ammunition has no matching Cyber Sleuth item.,A weapon to be hurled. It flies in a straight line to inflict damage on any Pokémon it hits. Critical hits land more easily.
ammo_rare_fossil,Rare Fossil,True,ammo,,Thrown ammunition has no matching Cyber Sleuth item.,A weapon to be thrown. It flies high in an arc to clear obstacles and strike the target's area. It deals Special damage.
ammo_silver_spike,Silver Spike,True,ammo,,Thrown ammunition has no matching Cyber Sleuth item.,"A weapon to be hurled. It flies in a straight line to inflict damage to any Pokémon it hits, passing through walls."
ammo_stick,Stick,True,ammo,,Thrown ammunition has no matching Cyber Sleuth item.,A weapon to be hurled. It flies in a straight line to inflict damage on any Pokémon it hits. It causes the target to flinch.
apricorn_big,Big Apricorn,True,apricorn,,Recruitment item removed from loot and shops; acquisition uses scan restoration.,An apricorn with a pleasant scent. It can tossed at wild Pokémon as a gift for a high chance to recruit them into the team.
apricorn_black,Black Apricorn,True,apricorn,,Recruitment item removed from loot and shops; acquisition uses scan restoration.,An apricorn that can be tossed at Ghost- or Dark-type Pokémon as a gift for a high chance to recruit them into the team.
apricorn_blue,Blue Apricorn,True,apricorn,,Recruitment item removed from loot and shops; acquisition uses scan restoration.,An apricorn that can be tossed at Water- or Ice-type Pokémon as a gift for a high chance to recruit them into the team.
apricorn_brown,Brown Apricorn,True,apricorn,,Recruitment item removed from loot and shops; acquisition uses scan restoration.,"An apricorn that can be tossed at Fighting-, Rock-, or Ground-type Pokémon as a gift for a high chance to recruit them into the team."
apricorn_glittery,Glittery Apricorn,True,apricorn,,Recruitment item removed from loot and shops; acquisition uses scan restoration.,An apricorn that can be tossed at shiny Pokémon as a gift for a high chance to recruit them into the team.
apricorn_green,Green Apricorn,True,apricorn,,Recruitment item removed from loot and shops; acquisition uses scan restoration.,An apricorn that can be tossed at Grass- or Bug-type Pokémon as a gift for a high chance to recruit them into the team.
apricorn_perfect,Perfect Apricorn,True,apricorn,,Recruitment item removed from loot and shops; acquisition uses scan restoration.,A beautiful apricorn with an indescribable scent. It can be tossed at wild Pokémon as a gift to recruit them into the team without any hesitation.
apricorn_plain,Plain Apricorn,True,apricorn,,Recruitment item removed from loot and shops; acquisition uses scan restoration.,"An apricorn with a pleasant scent. It can tossed at wild Pokémon of any type, as a gift to recruit them into the team."
apricorn_purple,Purple Apricorn,True,apricorn,,Recruitment item removed from loot and shops; acquisition uses scan restoration.,An apricorn that can be tossed at Poison- or Psychic-type Pokémon as a gift for a high chance to recruit them into the team.
apricorn_red,Red Apricorn,True,apricorn,,Recruitment item removed from loot and shops; acquisition uses scan restoration.,An apricorn that can be tossed at Fire- or Dragon-type Pokémon as a gift for a high chance to recruit them into the team.
apricorn_white,White Apricorn,True,apricorn,,Recruitment item removed from loot and shops; acquisition uses scan restoration.,"An apricorn that can be tossed at Normal-, Flying-, or Fairy-type Pokémon as a gift for a high chance to recruit them into the team."
apricorn_yellow,Yellow Apricorn,True,apricorn,,Recruitment item removed from loot and shops; acquisition uses scan restoration.,An apricorn that can be tossed at Electric- or Steel-type Pokémon as a gift for a high chance to recruit them into the team.
berry_apicot,Apicot Berry,True,berry,,No equivalent with the same effect in the supplied Cyber Sleuth item reference.,"A very mystifying Berry. There is no telling how it can be used, or what may happen if it is used. It maximizes Special Defense."
berry_aspear,Aspear Berry,False,berry,,No equivalent with the same effect in the supplied Cyber Sleuth item reference.,
berry_babiri,Babiri Berry,True,berry,,No equivalent with the same effect in the supplied Cyber Sleuth item reference.,This berry is very tough with a strong flavor. It was used to make medicine in the past. It changes the Pokémon to the Steel-type.
berry_charti,Charti Berry,True,berry,,No equivalent with the same effect in the supplied Cyber Sleuth item reference.,It is often used for pickles because of its very dry flavor. It can also be eaten raw for its provocative taste. It changes the Pokémon to the Rock-type.
berry_cheri,Cheri Berry,False,berry,,No equivalent with the same effect in the supplied Cyber Sleuth item reference.,
berry_chesto,Chesto Berry,False,berry,,No equivalent with the same effect in the supplied Cyber Sleuth item reference.,
berry_chilan,Chilan Berry,True,berry,,No equivalent with the same effect in the supplied Cyber Sleuth item reference.,This berry can be cored out and dried to make a whistle. Blowing through its hole makes an indescribable sound. It changes the Pokémon to the Normal-type.
berry_chople,Chople Berry,True,berry,,No equivalent with the same effect in the supplied Cyber Sleuth item reference.,This berry contains a substance that generates heat. It can even heat up a chilly heart. It changes the Pokémon to the Fighting-type.
berry_coba,Coba Berry,True,berry,,No equivalent with the same effect in the supplied Cyber Sleuth item reference.,This berry is said to be a new kind that is a cross of two berries brought together by winds from far away. It changes the Pokémon to the Flying-type.
berry_colbur,Colbur Berry,True,berry,,No equivalent with the same effect in the supplied Cyber Sleuth item reference.,Tiny hooks grow on the surface of this berry. It latches on to Pokémon so it can be carried to far-off places. It changes the Pokémon to the Dark-type.
berry_custap,Custap Berry,False,berry,,No equivalent with the same effect in the supplied Cyber Sleuth item reference.,
berry_enigma,Enigma Berry,True,berry,,No equivalent with the same effect in the supplied Cyber Sleuth item reference.,A completely enigmatic Berry that appears to have the power of stars. It restores HP when hit by a super-effective move.
berry_ganlon,Ganlon Berry,True,berry,,No equivalent with the same effect in the supplied Cyber Sleuth item reference.,"A Berry surrounded by mystery, rumored to be imbued with the power of the land. It maximizes Defense."
berry_haban,Haban Berry,True,berry,,No equivalent with the same effect in the supplied Cyber Sleuth item reference.,"If a large enough volume of this berry is boiled down, its bitterness fades away. It makes a good jam. It changes the Pokémon to the Dragon-type."
berry_hondew,Hondew Berry,False,berry,,No equivalent with the same effect in the supplied Cyber Sleuth item reference.,
berry_jaboca,Jaboca Berry,True,berry,,No equivalent with the same effect in the supplied Cyber Sleuth item reference.,"The cluster of drupelets that make up this berry pop rhythmically if the berry is handled roughly. If a physical attack hits the Pokémon, the damage will be reflected to all enemies nearby."
berry_kasib,Kasib Berry,True,berry,,No equivalent with the same effect in the supplied Cyber Sleuth item reference.,"Considered to have a special power from the olden days, this berry is sometimes dried and used as a good-luck charm. It changes the Pokémon to the Ghost-type."
berry_kebia,Kebia Berry,True,berry,,No equivalent with the same effect in the supplied Cyber Sleuth item reference.,"This berry is a brilliant green on the outside. Inside, it is packed with a dry-flavored, black-colored flesh. It changes the Pokémon to the Poison-type."
berry_kee,Kee Berry,False,berry,,No equivalent with the same effect in the supplied Cyber Sleuth item reference.,
berry_kelpsy,Kelpsy Berry,False,berry,,No equivalent with the same effect in the supplied Cyber Sleuth item reference.,
berry_liechi,Liechi Berry,True,berry,,No equivalent with the same effect in the supplied Cyber Sleuth item reference.,"A mysterious Berry, rumored to contain the power of the sea. It maximizes Attack."
berry_maranga,Maranga Berry,False,berry,,No equivalent with the same effect in the supplied Cyber Sleuth item reference.,
berry_micle,Micle Berry,True,berry,,No equivalent with the same effect in the supplied Cyber Sleuth item reference.,This berry has a very dry flavor. It has the effect of making other food eaten at the same time taste sweet. It maximizes Accuracy.
berry_occa,Occa Berry,True,berry,,No equivalent with the same effect in the supplied Cyber Sleuth item reference.,This berry is said to have grown plentiful in the tropics of the past. It boasts an intensely hot spiciness. It changes the Pokémon to the Fire-type.
berry_passho,Passho Berry,True,berry,,No equivalent with the same effect in the supplied Cyber Sleuth item reference.,This berry's flesh is dotted with tiny bubbles of air that keep it afloat in water. It changes the Pokémon to the Water-type.
berry_payapa,Payapa Berry,True,berry,,No equivalent with the same effect in the supplied Cyber Sleuth item reference.,This berry is said to sense emotions for the way it swells roundly when anything approaches. It changes the Pokémon to the Psychic-type.
berry_pecha,Pecha Berry,False,berry,,No equivalent with the same effect in the supplied Cyber Sleuth item reference.,
berry_persim,Persim Berry,False,berry,,No equivalent with the same effect in the supplied Cyber Sleuth item reference.,
berry_petaya,Petaya Berry,True,berry,,No equivalent with the same effect in the supplied Cyber Sleuth item reference.,A mysterious Berry rumored to contain the power of all living things. It maximizes Special Attack.
berry_qualot,Qualot Berry,False,berry,,No equivalent with the same effect in the supplied Cyber Sleuth item reference.,
berry_rawst,Rawst Berry,False,berry,,No equivalent with the same effect in the supplied Cyber Sleuth item reference.,
berry_rindo,Rindo Berry,True,berry,,No equivalent with the same effect in the supplied Cyber Sleuth item reference.,"This berry has a disagreeable ""green"" flavor and scent typical of vegetables. It is rich in health-promoting fiber. It changes the Pokémon to the Grass-type."
berry_roseli,Roseli Berry,True,berry,,No equivalent with the same effect in the supplied Cyber Sleuth item reference.,The slight bitterness that cuts through the rich sweetness makes this Berry perfect for adding an accent.  It changes the Pokémon to the Fairy-type.
berry_rowap,Rowap Berry,True,berry,,No equivalent with the same effect in the supplied Cyber Sleuth item reference.,"In days of old, people worked the top-shaped pieces of this berry free and used them as toys. If a special attack hits the Pokémon, the damage will be reflected to all enemies nearby."
berry_salac,Salac Berry,True,berry,,No equivalent with the same effect in the supplied Cyber Sleuth item reference.,"A Berry surrounded by mystery, rumored to be imbued with the power of the sky. It maximizes Movement Speed."
berry_shuca,Shuca Berry,True,berry,,No equivalent with the same effect in the supplied Cyber Sleuth item reference.,The sweetness-laden pulp has just the hint of a hard-edged and fragrant bite to it. It changes the Pokémon to the Ground-type.
berry_sitrus,Sitrus Berry,True,berry,,No equivalent with the same effect in the supplied Cyber Sleuth item reference.,A large berry with a well-rounded flavor. It gradually restores HP for a few turns.
berry_starf,Starf Berry,True,berry,,No equivalent with the same effect in the supplied Cyber Sleuth item reference.,"So strong, it was abandoned at the world's edge. It is still considered a mirage to this very day. It sharply raises all stats."
berry_tamato,Tamato Berry,False,berry,,No equivalent with the same effect in the supplied Cyber Sleuth item reference.,
berry_tanga,Tanga Berry,True,berry,,No equivalent with the same effect in the supplied Cyber Sleuth item reference.,The flower grows at the tip of this berry. It attracts Bug Pokémon by letting its stringy petals stream out. It changes the Pokémon to the Bug-type.
berry_wacan,Wacan Berry,True,berry,,No equivalent with the same effect in the supplied Cyber Sleuth item reference.,"Energy from lightning strikes is drawn into the plant, making the berries grow big and rich. It changes the Pokémon to the Electric-type."
berry_yache,Yache Berry,True,berry,,No equivalent with the same effect in the supplied Cyber Sleuth item reference.,This berry has a refreshing flavor that strikes a good balance of dryness and sourness. It tastes better chilled. It changes the Pokémon to the Ice-type.
boost_nectar,Nectar,True,boost,,No equivalent with the same effect in the supplied Cyber Sleuth item reference.,A drink that permanently raises the Pokémon's stats.
box_dainty,Dainty Box,True,box,,Dungeon container mechanic has no matching Cyber Sleuth item.,A box that is dainty and fashionable. There is something tasty inside!
box_deluxe,Deluxe Box,True,box,,Dungeon container mechanic has no matching Cyber Sleuth item.,A box that is extravagant and opulent. It looks like something is inside.
box_glittery,Glittery Box,True,box,,Dungeon container mechanic has no matching Cyber Sleuth item.,A box that glitters with dazzling light. Whatever's inside is sure to sell for a high price!
box_heavy,Heavy Box,True,box,,Dungeon container mechanic has no matching Cyber Sleuth item.,A box that is unbelievably heavy. Specific Pokémon adore the items inside.
box_light,Light Box,True,box,,Dungeon container mechanic has no matching Cyber Sleuth item.,A box that is somewhat light. Specific Pokémon adore the items inside.
box_nifty,Nifty Box,True,box,,Dungeon container mechanic has no matching Cyber Sleuth item.,A box that is completely impressive. There is something mysterious inside.
egg_mystery,Mystery Egg,True,egg,,No equivalent with the same effect in the supplied Cyber Sleuth item reference.,An egg with bizarre colors that have never been seen before. What could this egg be?
empty,Empty,True,empty,,No equivalent with the same effect in the supplied Cyber Sleuth item reference.,
evo_chipped_pot,Chipped Pot,True,evo,,Pokemon evolution or held effect has no matching remaining Cyber Sleuth unlock.,"A peculiar teapot that can make a certain species of Pokémon evolve. It may be chipped, but tea poured from it is delicious."
evo_cracked_pot,Cracked Pot,True,evo,,Pokemon evolution or held effect has no matching remaining Cyber Sleuth unlock.,"A peculiar teapot that can make a certain species of Pokémon evolve. It may be cracked, but tea poured from it is delicious."
evo_deep_sea_scale,Deep Sea Scale,True,evo,,Pokemon evolution or held effect has no matching remaining Cyber Sleuth unlock.,A pretty scale that shines faintly. It allows a certain kind of Pokémon to evolve.
evo_deep_sea_tooth,Deep Sea Tooth,True,evo,,Pokemon evolution or held effect has no matching remaining Cyber Sleuth unlock.,A supersharp fang with a subtle gleam. It allows a certain kind of Pokémon to evolve.
evo_dubious_disc,Dubious Disc,True,evo,,Pokemon evolution or held effect has no matching remaining Cyber Sleuth unlock.,An enigmatic disc that overflows with dubious data. It allows a certain kind of Pokémon to evolve.
evo_electirizer,Electirizer,True,evo,,Pokemon evolution or held effect has no matching remaining Cyber Sleuth unlock.,A box full of a massive amount of electric energy. It allows a certain kind of Pokémon to evolve.
evo_everstone,Everstone,False,evo,,Pokemon evolution or held effect has no matching remaining Cyber Sleuth unlock.,
evo_harmony_scarf,Harmony Scarf,True,evo,,Pokemon evolution or held effect has no matching remaining Cyber Sleuth unlock.,"A scarf woven from the fibers of a legendary tree. It allows the Pokémon to evolve, regardless of its requirements."
evo_ice_stone,Ice Stone,True,evo,,Pokemon evolution or held effect has no matching remaining Cyber Sleuth unlock.,"A peculiar stone that can make certain species of Pokémon evolve. It has an unmistakable snowflake pattern. If held, it changes the Pokémon's regular attacks and thrown items to Ice-type."
evo_kings_rock,King's Rock,True,evo,,Pokemon evolution or held effect has no matching remaining Cyber Sleuth unlock.,"An impressive icon that conveys a kingly nobility. When the holder successfully inflicts damage, the target may also flinch."
evo_leaf_stone,Leaf Stone,True,evo,,Pokemon evolution or held effect has no matching remaining Cyber Sleuth unlock.,"A peculiar stone inscribed with a leafy pattern. It allows certain kinds of Pokémon to evolve. If held, it changes the Pokémon's regular attacks and thrown items to Grass-type."
evo_link_cable,Link Cable,True,evo,,Pokemon evolution or held effect has no matching remaining Cyber Sleuth unlock.,An intriguing cable used for linking unknown devices. It allows a certain kind of Pokémon to evolve.
evo_lunar_ribbon,Lunar Ribbon,True,evo,,Pokemon evolution or held effect has no matching remaining Cyber Sleuth unlock.,A ribbon infused with moonlight. It allows a certain kind of Pokémon to evolve.
evo_magmarizer,Magmarizer,True,evo,,Pokemon evolution or held effect has no matching remaining Cyber Sleuth unlock.,A box brimming with a huge amount of magma energy. It allows a certain kind of Pokémon to evolve.
evo_oval_stone,Oval Stone,False,evo,,Pokemon evolution or held effect has no matching remaining Cyber Sleuth unlock.,"A surprisingly smooth, rounded stone. It allows a certain kind of Pokémon to evolve."
evo_prism_scale,Prism Scale,True,evo,,Pokemon evolution or held effect has no matching remaining Cyber Sleuth unlock.,A mysterious scale that shines in rainbow colors. It allows a certain kind of Pokémon to evolve.
evo_protector,Protector,True,evo,,Pokemon evolution or held effect has no matching remaining Cyber Sleuth unlock.,"A heavy, durable piece of protective equipment. It allows a certain kind of Pokémon to evolve."
evo_razor_claw,Razor Claw,True,evo,,Pokemon evolution or held effect has no matching remaining Cyber Sleuth unlock.,A wickedly sharp claw perfect for raking enemies. It increases the holder’s critical-hit ratio.
evo_razor_fang,Razor Fang,True,evo,,Pokemon evolution or held effect has no matching remaining Cyber Sleuth unlock.,"A savagely sharp, piercing fang. When the holder successfully inflicts damage, the target may also flinch."
evo_reaper_cloth,Reaper Cloth,True,evo,,Pokemon evolution or held effect has no matching remaining Cyber Sleuth unlock.,An eerie cloth imbued with horrifyingly strong spiritual energy. It allows a certain kind of Pokémon to evolve.
evo_sun_ribbon,Sun Ribbon,True,evo,,Pokemon evolution or held effect has no matching remaining Cyber Sleuth unlock.,A ribbon infused with sunshine. It allows a certain kind of Pokémon to evolve.
evo_up_grade,Up-Grade,True,evo,,Pokemon evolution or held effect has no matching remaining Cyber Sleuth unlock.,A mysterious device filled with all sorts of data. It allows a certain kind of Pokémon to evolve.
evo_water_stone,Water Stone,True,evo,,Pokemon evolution or held effect has no matching remaining Cyber Sleuth unlock.,"A peculiar stone that holds the color of clearest blue. It allows certain kinds of Pokémon to evolve. If held, it changes the Pokémon's regular attacks and thrown items to Water-type."
food_apple,Apple,True,food,,Belly/hunger mechanic has no equivalent in the Cyber Sleuth item reference.,A food item that somewhat fills the Pokémon's belly.
food_apple_big,Big Apple,True,food,,Belly/hunger mechanic has no equivalent in the Cyber Sleuth item reference.,A food item that amply fills the Pokémon's belly.
food_apple_golden,Golden Apple,True,food,,Belly/hunger mechanic has no equivalent in the Cyber Sleuth item reference.,"A miraculous apple that glows with an alluring golden aura. It's far too precious and beautiful to even consider eating! If eaten, however, it would completely fill and greatly enlarge the Pokémon's belly."
food_apple_huge,Huge Apple,True,food,,Belly/hunger mechanic has no equivalent in the Cyber Sleuth item reference.,A food item that completely fills and slightly enlarges the Pokémon's belly.
food_apple_perfect,Perfect Apple,True,food,,Belly/hunger mechanic has no equivalent in the Cyber Sleuth item reference.,A food item that completely fills and somewhat enlarges the Pokémon's belly.
food_banana,Banana,True,food,,Belly/hunger mechanic has no equivalent in the Cyber Sleuth item reference.,A rare food item that somewhat fills the entire team's belly.
food_banana_big,Big Banana,True,food,,Belly/hunger mechanic has no equivalent in the Cyber Sleuth item reference.,A rare food item that amply fills the entire team's belly.
food_banana_golden,Golden Banana,True,food,,Belly/hunger mechanic has no equivalent in the Cyber Sleuth item reference.,"An alluring banana that gives off a golden glow. It's valued far more as a treasure than as a food. If eaten, however, it would completely fill and enlarge the entire team's belly."
food_chestnut,Chestnut,False,food,,Belly/hunger mechanic has no equivalent in the Cyber Sleuth item reference.,
food_grimy,Grimy Food,True,food,,Belly/hunger mechanic has no equivalent in the Cyber Sleuth item reference.,"A food item that somewhat fills the Pokémon's belly. However, it will also inflict a variety of status problems because it's covered in filthy grime. Be careful of what you eat!"
gummi_black,Black Gummi,True,gummi,,Random type-favored growth and belly effects do not match a specific training food.,"A food item that somewhat fills the Pokémon's belly, and permanently boosts its stats. It usually boosts Maximum HP, and Dark-type Pokémon like it the most."
gummi_blue,Blue Gummi,True,gummi,,Random type-favored growth and belly effects do not match a specific training food.,"A food item that somewhat fills the Pokémon's belly, and permanently boosts its stats. It usually boosts Maximum HP, and Water-type Pokémon like it the most."
gummi_brown,Brown Gummi,True,gummi,,Random type-favored growth and belly effects do not match a specific training food.,"A food item that somewhat fills the Pokémon's belly, and permanently boosts its stats. It usually boosts Attack, and Ground-type Pokémon like it the most."
gummi_clear,Clear Gummi,True,gummi,,Random type-favored growth and belly effects do not match a specific training food.,"A food item that somewhat fills the Pokémon's belly, and permanently boosts its stats. It usually boosts Special Defense, and Ice-type Pokémon like it the most."
gummi_foul,Foul Gummi,True,gummi,,Random type-favored growth and belly effects do not match a specific training food.,"A food item that somewhat fills the Pokémon's belly. However, it will also reduce the Pokémon's level by 1."
gummi_gold,Gold Gummi,True,gummi,,Random type-favored growth and belly effects do not match a specific training food.,"A food item that somewhat fills the Pokémon's belly, and permanently boosts its stats. It usually boosts Special Attack, and Psychic-type Pokémon like it the most."
gummi_grass,Grass Gummi,True,gummi,,Random type-favored growth and belly effects do not match a specific training food.,"A food item that somewhat fills the Pokémon's belly, and permanently boosts its stats. It usually boosts Special Defense, and Grass-type Pokémon like it the most."
gummi_gray,Gray Gummi,True,gummi,,Random type-favored growth and belly effects do not match a specific training food.,"A food item that somewhat fills the Pokémon's belly, and permanently boosts its stats. It usually boosts Defense, and Rock-type Pokémon like it the most."
gummi_green,Green Gummi,True,gummi,,Random type-favored growth and belly effects do not match a specific training food.,"A food item that somewhat fills the Pokémon's belly, and permanently boosts its stats. It usually boosts Speed, and Bug-type Pokémon like it the most."
gummi_magenta,Magenta Gummi,True,gummi,,Random type-favored growth and belly effects do not match a specific training food.,"A food item that somewhat fills the Pokémon's belly, and permanently boosts its stats. It usually boosts Special Defense, and Fairy-type Pokémon like it the most."
gummi_orange,Orange Gummi,True,gummi,,Random type-favored growth and belly effects do not match a specific training food.,"A food item that somewhat fills the Pokémon's belly, and permanently boosts its stats. It usually boosts Attack, and Fighting-type Pokémon like it the most."
gummi_pink,Pink Gummi,True,gummi,,Random type-favored growth and belly effects do not match a specific training food.,"A food item that somewhat fills the Pokémon's belly, and permanently boosts its stats. It usually boosts Defense, and Poison-type Pokémon like it the most."
gummi_purple,Purple Gummi,True,gummi,,Random type-favored growth and belly effects do not match a specific training food.,"A food item that somewhat fills the Pokémon's belly, and permanently boosts its stats. It usually boosts Special Attack, and Ghost-type Pokémon like it the most."
gummi_red,Red Gummi,True,gummi,,Random type-favored growth and belly effects do not match a specific training food.,"A food item that somewhat fills the Pokémon's belly, and permanently boosts its stats. It usually boosts Special Attack, and Fire-type Pokémon like it the most."
gummi_royal,Royal Gummi,True,gummi,,Random type-favored growth and belly effects do not match a specific training food.,"A food item that somewhat fills the Pokémon's belly, and permanently boosts its stats. It usually boosts Attack, and Dragon-type Pokémon like it the most."
gummi_silver,Silver Gummi,True,gummi,,Random type-favored growth and belly effects do not match a specific training food.,"A food item that somewhat fills the Pokémon's belly, and permanently boosts its stats. It usually boosts Defense, and Steel-type Pokémon like it the most."
gummi_sky,Sky Gummi,True,gummi,,Random type-favored growth and belly effects do not match a specific training food.,"A food item that somewhat fills the Pokémon's belly, and permanently boosts its stats. It usually boosts Speed, and Flying-type Pokémon like it the most."
gummi_white,White Gummi,True,gummi,,Random type-favored growth and belly effects do not match a specific training food.,"A food item that somewhat fills the Pokémon's belly, and permanently boosts its stats. It usually boosts Maximum HP, and Normal-type Pokémon like it the most."
gummi_wonder,Wonder Gummi,True,gummi,,Random type-favored growth and belly effects do not match a specific training food.,"A food item that somewhat fills the Pokémon's belly, and permanently boosts its stats."
gummi_yellow,Yellow Gummi,True,gummi,,Random type-favored growth and belly effects do not match a specific training food.,"A food item that somewhat fills the Pokémon's belly, and permanently boosts its stats. It usually boosts Speed, and Electric-type Pokémon like it the most."
held_assault_vest,Assault Vest,True,held,,No equivalent with the same effect in the supplied Cyber Sleuth item reference.,"An offensive vest that raises Special Defense, but prevents the use of status moves. This item sticks when held."
held_big_root,Big Root,True,held,,No equivalent with the same effect in the supplied Cyber Sleuth item reference.,A held item that increases HP recovery.
held_binding_band,Binding Band,True,held,,No equivalent with the same effect in the supplied Cyber Sleuth item reference.,"An item to be held by a Pokémon. When the holder successfully inflicts damage, the target may also be immobilized."
held_black_belt,Black Belt,True,held,,No equivalent with the same effect in the supplied Cyber Sleuth item reference.,An item to be held by a Pokémon. This belt helps the wearer to focus and boosts the power of Fighting-type moves.
held_black_glasses,Black Glasses,True,held,,No equivalent with the same effect in the supplied Cyber Sleuth item reference.,An item to be held by a Pokémon. A pair of shady-looking glasses that boost the power of Dark-type moves.
held_charcoal,Charcoal,True,held,,No equivalent with the same effect in the supplied Cyber Sleuth item reference.,An item to be held by a Pokémon. It is a combustible fuel that boosts the power of Fire-type moves.
held_choice_band,Choice Band,True,held,,No equivalent with the same effect in the supplied Cyber Sleuth item reference.,"A curious headband that boosts Attack, but only allows the use of one move. This item sticks when held."
held_choice_scarf,Choice Scarf,True,held,,No equivalent with the same effect in the supplied Cyber Sleuth item reference.,"A curious scarf that boosts Movement Speed, but only allows the use of one move. This item sticks when held."
held_choice_specs,Choice Specs,True,held,,No equivalent with the same effect in the supplied Cyber Sleuth item reference.,"Distinctive glasses that boost Special Attack, but only allows the use of one move. This item sticks when held."
held_cover_band,Cover Band,True,held,,No equivalent with the same effect in the supplied Cyber Sleuth item reference.,"An item to be held by a Pokémon. While the holder's HP is at half or above, it will take attacks for nearby allies."
held_draco_plate,Draco Plate,True,held,,No equivalent with the same effect in the supplied Cyber Sleuth item reference.,An item to be held by a Pokémon. It's a stone tablet that halves the damage of Dragon-type moves.
held_dragon_scale,Dragon Scale,True,held,,No equivalent with the same effect in the supplied Cyber Sleuth item reference.,"An item to be held by a Pokémon. This thick, tough scale boosts the power of Dragon-type moves."
held_expert_belt,Expert Belt,True,held,,No equivalent with the same effect in the supplied Cyber Sleuth item reference.,A well-worn belt that boosts the power of super-effective moves.
held_fickle_lens,Fickle Lens,True,held,,No equivalent with the same effect in the supplied Cyber Sleuth item reference.,"A held item that boosts the Pokémon's Attack Range, but prevents it from using the same move successively. This item sticks when held."
held_fist_plate,Fist Plate,True,held,,No equivalent with the same effect in the supplied Cyber Sleuth item reference.,An item to be held by a Pokémon. It's a stone tablet that halves the damage of Fighting-type moves.
held_flame_orb,Flame Orb,True,held,,No equivalent with the same effect in the supplied Cyber Sleuth item reference.,A bizarre orb that will afflict the holder with a burn. This item sticks when held.
held_friend_bow,Friend Bow,True,held,,No equivalent with the same effect in the supplied Cyber Sleuth item reference.,A held item that makes it easier for team members to recruit wild Pokémon.
held_goggle_specs,Goggle Specs,True,held,,No equivalent with the same effect in the supplied Cyber Sleuth item reference.,A held item that enables the Pokémon to identify traps on the floor.
held_golden_mask,Golden Mask,True,held,,No equivalent with the same effect in the supplied Cyber Sleuth item reference.,A held item that makes it easier for team members to recruit lower-leveled wild Pokémon.
held_grip_claw,Grip Claw,True,held,,No equivalent with the same effect in the supplied Cyber Sleuth item reference.,An item that increases the duration of binding moves used by the holder.
held_hard_stone,Hard Stone,True,held,,No equivalent with the same effect in the supplied Cyber Sleuth item reference.,An item to be held by a Pokémon. It is a durable stone that boosts the power of Rock-type moves.
held_heal_ribbon,Heal Ribbon,True,held,,No equivalent with the same effect in the supplied Cyber Sleuth item reference.,A held item that speeds up the Pokémon's natural HP recovery. This item sticks when held.
held_icicle_plate,Icicle Plate,True,held,,No equivalent with the same effect in the supplied Cyber Sleuth item reference.,An item to be held by a Pokémon. It's a stone tablet that halves the damage of Ice-type moves.
held_insect_plate,Insect Plate,True,held,,No equivalent with the same effect in the supplied Cyber Sleuth item reference.,An item to be held by a Pokémon. It's a stone tablet that halves the damage of Bug-type moves.
held_iron_ball,Iron Ball,True,held,,No equivalent with the same effect in the supplied Cyber Sleuth item reference.,"A held item that weighs the Pokémon down, forcing it to pause between moves. It also allows Ground-type moves to hit Flying-type and levitating holders. This item sticks when held."
held_iron_plate,Iron Plate,True,held,,No equivalent with the same effect in the supplied Cyber Sleuth item reference.,An item to be held by a Pokémon. It's a stone tablet that halves the damage of Steel-type moves.
held_life_orb,Life Orb,True,held,,No equivalent with the same effect in the supplied Cyber Sleuth item reference.,"A held item that boosts the power of moves, but at the cost of some HP on each use. This item sticks when held."
held_magnet,Magnet,True,held,,No equivalent with the same effect in the supplied Cyber Sleuth item reference.,An item to be held by a Pokémon. It is a powerful magnet that boosts the power of Electric-type moves.
held_metal_coat,Metal Coat,True,held,,No equivalent with the same effect in the supplied Cyber Sleuth item reference.,An item to be held by a Pokémon. It is a special metallic film that can boost the power of Steel-type moves.
held_metronome,Metronome,True,held,,No equivalent with the same effect in the supplied Cyber Sleuth item reference.,"An item to be held by a Pokémon. It boosts moves used consecutively, but only until a different move is used."
held_mind_plate,Mind Plate,True,held,,No equivalent with the same effect in the supplied Cyber Sleuth item reference.,An item to be held by a Pokémon. It's a stone tablet that halves the damage of Psychic-type moves.
held_miracle_seed,Miracle Seed,True,held,,No equivalent with the same effect in the supplied Cyber Sleuth item reference.,An item to be held by a Pokémon. It is a seed imbued with life force that boosts the power of Grass-type moves.
held_mobile_scarf,Mobile Scarf,True,held,,No equivalent with the same effect in the supplied Cyber Sleuth item reference.,A held item that enables the Pokémon to move through walls.
held_mystic_water,Mystic Water,True,held,,No equivalent with the same effect in the supplied Cyber Sleuth item reference.,An item to be held by a Pokémon. This teardrop-shaped gem boosts the power of Water-type moves.
held_never_melt_ice,Never-Melt Ice,True,held,,No equivalent with the same effect in the supplied Cyber Sleuth item reference.,An item to be held by a Pokémon. It's a piece of ice that repels heat effects and boosts Ice-type moves.
held_pass_scarf,Pass Scarf,True,held,,No equivalent with the same effect in the supplied Cyber Sleuth item reference.,A held item that causes the Pokémon to shrug off damaging moves and pass them on to an adjacent Pokémon.
held_pierce_band,Pierce Band,True,held,,No equivalent with the same effect in the supplied Cyber Sleuth item reference.,A headband that allows the Pokémon's moves and items to hit through multiple targets.
held_pink_bow,Pink Bow,True,held,,No equivalent with the same effect in the supplied Cyber Sleuth item reference.,An item to be held by a Pokémon. It's a cute bow that boosts the power of Fairy-type moves.
held_poison_barb,Poison Barb,True,held,,No equivalent with the same effect in the supplied Cyber Sleuth item reference.,"An item to be held by a Pokémon. This small, poisonous barb boosts the power of Poison-type moves."
held_reunion_cape,Reunion Cape,True,held,,No equivalent with the same effect in the supplied Cyber Sleuth item reference.,A held item that warps the Pokémon to its teammate or leader when attacked.
held_ring_target,Ring Target,True,held,,No equivalent with the same effect in the supplied Cyber Sleuth item reference.,A held item that removes the Pokémon's type immunities. This item sticks when held.
held_sharp_beak,Sharp Beak,True,held,,No equivalent with the same effect in the supplied Cyber Sleuth item reference.,"An item to be held by a Pokémon. It's a long, sharp beak that boosts the power of Flying-type moves."
held_shed_shell,Shed Shell,True,held,,No equivalent with the same effect in the supplied Cyber Sleuth item reference.,"A tough, discarded carapace that prevents the holder from being immobilized."
held_shell_bell,Shell Bell,True,held,,No equivalent with the same effect in the supplied Cyber Sleuth item reference.,A held item that restores a little HP to the holder every time it inflicts damage on others.
held_silk_scarf,Silk Scarf,True,held,,No equivalent with the same effect in the supplied Cyber Sleuth item reference.,An item to be held by a Pokémon. It's a sumptuous scarf that boosts the power of Normal-type moves.
held_silver_powder,Silver Powder,True,held,,No equivalent with the same effect in the supplied Cyber Sleuth item reference.,"An item to be held by a Pokémon. It is a shiny, silver powder that will boost the power of Bug-type moves."
held_soft_sand,Soft Sand,True,held,,No equivalent with the same effect in the supplied Cyber Sleuth item reference.,"An item to be held by a Pokémon. It is a loose, silky sand that boosts the power of Ground-type moves."
held_spell_tag,Spell Tag,True,held,,No equivalent with the same effect in the supplied Cyber Sleuth item reference.,"An item to be held by a Pokémon. It is a sinister, eerie tag that boosts the power of Ghost-type moves."
held_spooky_plate,Spooky Plate,True,held,,No equivalent with the same effect in the supplied Cyber Sleuth item reference.,An item to be held by a Pokémon. It's a stone tablet that halves the damage of Ghost-type moves.
held_sticky_barb,Sticky Barb,True,held,,No equivalent with the same effect in the supplied Cyber Sleuth item reference.,A held item that damages the holder and sticks when held. It may latch on to Pokémon that make contact with the holder.
held_stone_plate,Stone Plate,True,held,,No equivalent with the same effect in the supplied Cyber Sleuth item reference.,An item to be held by a Pokémon. It's a stone tablet that halves the damage of Rock-type moves.
held_toxic_orb,Toxic Orb,True,held,,No equivalent with the same effect in the supplied Cyber Sleuth item reference.,A bizarre orb that will badly poison the holder. This item sticks when held.
held_toxic_plate,Toxic Plate,True,held,,No equivalent with the same effect in the supplied Cyber Sleuth item reference.,An item to be held by a Pokémon. It's a stone tablet that halves the damage of Poison-type moves.
held_trap_scarf,Trap Scarf,True,held,,No equivalent with the same effect in the supplied Cyber Sleuth item reference.,A held item that prevents the Pokémon from setting off traps.
held_twist_band,Twist Band,True,held,,No equivalent with the same effect in the supplied Cyber Sleuth item reference.,A held item that prevents the Pokémon's Attack and Special Attack from being reduced.
held_twisted_spoon,Twisted Spoon,True,held,,No equivalent with the same effect in the supplied Cyber Sleuth item reference.,An item to be held by a Pokémon. This spoon is imbued with telekinetic power and boosts Psychic-type moves.
held_warp_scarf,Warp Scarf,True,held,,No equivalent with the same effect in the supplied Cyber Sleuth item reference.,A held item that warps the Pokémon to another place on the floor after being attacked.
held_weather_rock,Weather Rock,True,held,,No equivalent with the same effect in the supplied Cyber Sleuth item reference.,An item that increases the duration of weather moves used by the holder.
held_x_ray_specs,X-Ray Specs,True,held,,No equivalent with the same effect in the supplied Cyber Sleuth item reference.,A held item that enables the Pokémon to see enemies through heavy darkness.
herb_mental,Mental Herb,True,herb,,No equivalent with the same effect in the supplied Cyber Sleuth item reference.,"An herb that removes all move-binding effects, and prevents moves from being sealed."
herb_power,Power Herb,True,herb,,No equivalent with the same effect in the supplied Cyber Sleuth item reference.,"An herb that allows the use of two-turn attacks in one turn, and protects against PP-draining effects."
herb_white,White Herb,True,herb,,No equivalent with the same effect in the supplied Cyber Sleuth item reference.,"An herb that removes all stat changes, and prevents them from changing."
key,Key,True,key,,No equivalent with the same effect in the supplied Cyber Sleuth item reference.,A key that unlocks a chest or door inside a dungeon.
key_ancient,Ancient Key,False,key,,No equivalent with the same effect in the supplied Cyber Sleuth item reference.,A key that unlocks an ancient door inside a dungeon.
loot_adamant_orb,Adamant Orb,False,loot,,No equivalent with the same effect in the supplied Cyber Sleuth item reference.,
loot_berserk_gene,Berserk Gene,False,loot,,No equivalent with the same effect in the supplied Cyber Sleuth item reference.,
loot_blue_orb,Blue Orb,False,loot,,No equivalent with the same effect in the supplied Cyber Sleuth item reference.,
loot_gracidea,Gracidea,True,loot,,No equivalent with the same effect in the supplied Cyber Sleuth item reference.,A beautiful flower that blooms in the Secret Garden. It can be used on Shaymin once per floor to cause a Forme change.
loot_griseous_orb,Griseous Orb,True,loot,,No equivalent with the same effect in the supplied Cyber Sleuth item reference.,A glowing orb can be used on Giratina once per floor to cause a Forme change.
loot_heart_scale,Heart Scale,True,loot,,No equivalent with the same effect in the supplied Cyber Sleuth item reference.,"A pretty, heart-shaped scale that is extremely rare. It glows faintly with all of the colors of the rainbow."
loot_jade_orb,Jade Orb,False,loot,,No equivalent with the same effect in the supplied Cyber Sleuth item reference.,
loot_lustrous_orb,Lustrous Orb,False,loot,,No equivalent with the same effect in the supplied Cyber Sleuth item reference.,
loot_meteorite,Meteorite,True,loot,,No equivalent with the same effect in the supplied Cyber Sleuth item reference.,A meteorite that fell from space long ago. It can be used on Deoxys once per floor to cause a Forme change.
loot_music_box,Music Box,True,loot,,No equivalent with the same effect in the supplied Cyber Sleuth item reference.,An enchanting music box that plays a beautiful melody. It is said to draw something special to it when it is kept close by.
loot_mystery_part,Mystery Part,False,loot,,No equivalent with the same effect in the supplied Cyber Sleuth item reference.,"A mysterious mechanical part that has lain undisturbed for eons, veiled by legendary mystery. It is said to have an effect on mysterious distortions."
loot_prison_bottle,Prison Bottle,True,loot,,No equivalent with the same effect in the supplied Cyber Sleuth item reference.,"A bottle believed to have been used to seal away the power of a certain Pokémon long, long ago."
loot_red_orb,Red Orb,False,loot,,No equivalent with the same effect in the supplied Cyber Sleuth item reference.,
loot_secret_slab,Secret Slab,True,loot,,No equivalent with the same effect in the supplied Cyber Sleuth item reference.,An ancient stone slab inscribed with what seems to be prehistoric legend. Its writings change depending on where it's read.
loot_spacetime_globe,Spacetime Globe,False,loot,,No equivalent with the same effect in the supplied Cyber Sleuth item reference.,
lost_item_bug,Gold Berry,True,lost,,No equivalent with the same effect in the supplied Cyber Sleuth item reference.,A peculiar berry once used for medicine. It is loved by Shuckle for making fermented juice.
lost_item_dark,Lost Satchel,True,lost,,No equivalent with the same effect in the supplied Cyber Sleuth item reference.,A satchel of items left behind from an exploration. Return it to Mightyena.
lost_item_grass,Herba Mystica,True,lost,,No equivalent with the same effect in the supplied Cyber Sleuth item reference.,A rare and bitter herb that's said to dramatically bolster a body's immune defenses. Chimecho can make it into a medicine.
lost_item_ground,Lost Scarf,True,lost,,No equivalent with the same effect in the supplied Cyber Sleuth item reference.,A tattered scarf that Donphan was looking for. Did it belong to an explorer?
lost_item_normal,Not-So-Normal Gem,True,lost,,No equivalent with the same effect in the supplied Cyber Sleuth item reference.,A mission item.
machine_ability_capsule,Ability Capsule,True,machine,,No equivalent with the same effect in the supplied Cyber Sleuth item reference.,A capsule that allows a Pokémon to change its Abilities when used.
machine_assembly_box,Assembly Box,True,machine,,No equivalent with the same effect in the supplied Cyber Sleuth item reference.,A marvelous box that lets the user add a Pokémon from the assembly to the team.
machine_recall_box,Recall Box,True,machine,,No equivalent with the same effect in the supplied Cyber Sleuth item reference.,A marvelous box that lets the user recall any move they've learned in the past.
machine_storage_box,Storage Box,True,machine,,No equivalent with the same effect in the supplied Cyber Sleuth item reference.,A marvelous box that sends the item currently held by the user to storage.
medicine_amber_tear,Amber Tear,True,medicine,,No equivalent with the same effect in the supplied Cyber Sleuth item reference.,"An amber liquid that sparkles like crystal-clear tears, rumored to be the most precious of even the rarest treasures. It raises chances of recruiting other Pokémon to the team on the floor it's used."
medicine_full_restore,Full Restore,False,medicine,,No equivalent with the same effect in the supplied Cyber Sleuth item reference.,
medicine_guard_spec,Guard Spec.,False,medicine,,No equivalent with the same effect in the supplied Cyber Sleuth item reference.,
medicine_x_sp_def,X Sp. Def,True,medicine,,No equivalent with the same effect in the supplied Cyber Sleuth item reference.,An item that sharply raises Special Defense. It affects all team members up to 5 tiles away.
orb_all_aim,All-Aim Orb,True,orb,,No equivalent with the same effect in the supplied Cyber Sleuth item reference.,An orb that ensures that all of the team's attacks hit.
orb_all_hit,All-Hit Orb,False,orb,,No equivalent with the same effect in the supplied Cyber Sleuth item reference.,
orb_all_power_up,All Power-Up Orb,False,orb,,No equivalent with the same effect in the supplied Cyber Sleuth item reference.,
orb_all_protect,All Protect Orb,True,orb,,No equivalent with the same effect in the supplied Cyber Sleuth item reference.,An orb that protects the team from all attacks for several turns.
orb_cleanse,Cleanse Orb,True,orb,,No equivalent with the same effect in the supplied Cyber Sleuth item reference.,"An orb that un-sticks the team's items, allowing them to be removed."
orb_devolve,Devolve Orb,True,orb,,No equivalent with the same effect in the supplied Cyber Sleuth item reference.,An orb that devolves all enemies up to 5 tiles away.
orb_endure,Endure Orb,True,orb,,No equivalent with the same effect in the supplied Cyber Sleuth item reference.,An orb that allows the team to endure any attack with at least 1 HP.
orb_fill_in,Fill-In Orb,True,orb,,No equivalent with the same effect in the supplied Cyber Sleuth item reference.,"An orb that fills in all holes on the floor, removing all gullies, water, or lava."
orb_foe_hold,Foe-Hold Orb,True,orb,,No equivalent with the same effect in the supplied Cyber Sleuth item reference.,An orb that immobilizes all enemies for many turns. It affects all enemies up to 5 tiles away.
orb_foe_seal,Foe-Seal Orb,True,orb,,No equivalent with the same effect in the supplied Cyber Sleuth item reference.,An orb that seals the last-used move of all enemies. It affects all enemies up to 5 tiles away.
orb_freeze,Freeze Orb,True,orb,,No equivalent with the same effect in the supplied Cyber Sleuth item reference.,An orb that freezes all enemies. It affects all enemies up to 5 tiles away.
orb_halving,Halving Orb,True,orb,,No equivalent with the same effect in the supplied Cyber Sleuth item reference.,An orb that halves the HP of all enemies. It affects all enemies up to 5 tiles away.
orb_health,Health Orb,False,orb,,No equivalent with the same effect in the supplied Cyber Sleuth item reference.,
orb_invert,Invert Orb,True,orb,,No equivalent with the same effect in the supplied Cyber Sleuth item reference.,An orb that temporarily reverses all type matchups.
orb_invisify,Invisify Orb,True,orb,,No equivalent with the same effect in the supplied Cyber Sleuth item reference.,An orb that temporarily makes the user's team invisible.
orb_itemizer,Itemizer Orb,True,orb,,No equivalent with the same effect in the supplied Cyber Sleuth item reference.,An orb that transforms the target into an item. It affects the enemy in front.
orb_luminous,Luminous Orb,True,orb,,No equivalent with the same effect in the supplied Cyber Sleuth item reference.,A mapping orb that reveals the entire floor.
orb_mirror,Mirror Orb,True,orb,,No equivalent with the same effect in the supplied Cyber Sleuth item reference.,An orb that protects the team with a barrier that reflects status moves.
orb_mobile,Mobile Orb,True,orb,,No equivalent with the same effect in the supplied Cyber Sleuth item reference.,An orb that allows the user's team to move through walls.
orb_monster,Monster Orb,True,orb,,No equivalent with the same effect in the supplied Cyber Sleuth item reference.,An orb that summons a monster house near the user.
orb_mug,Mug Orb,True,orb,,No equivalent with the same effect in the supplied Cyber Sleuth item reference.,An orb that pulls all items held by enemy Pokémon to the user. It affects all enemies on the floor.
orb_nullify,Nullify Orb,True,orb,,No equivalent with the same effect in the supplied Cyber Sleuth item reference.,An orb that nullifies the Abilities of all enemies on the floor.
orb_one_room,One-Room Orb,True,orb,,No equivalent with the same effect in the supplied Cyber Sleuth item reference.,"A destructive orb that tears down all walls on the floor, turning the floor into one vast, open room."
orb_one_shot,One-Shot Orb,True,orb,,No equivalent with the same effect in the supplied Cyber Sleuth item reference.,"An orb that causes the target to instantly faint, if it hits. It affects all enemies up to 5 tiles away."
orb_petrify,Petrify Orb,True,orb,,No equivalent with the same effect in the supplied Cyber Sleuth item reference.,An orb that paralyzes all enemies. It affects all enemies up to 5 tiles away.
orb_pierce,Pierce Orb,True,orb,,No equivalent with the same effect in the supplied Cyber Sleuth item reference.,An orb that allows the team's attacks and items to pierce through multiple targets.
orb_rebound,Rebound Orb,True,orb,,No equivalent with the same effect in the supplied Cyber Sleuth item reference.,"An orb that gives the team the Mini-Counter status. If an attack hits any member of the team, the damage will be reflected back at the user."
orb_revival,Revival Orb,True,orb,,No equivalent with the same effect in the supplied Cyber Sleuth item reference.,An orb that revives all team members that have fainted.
orb_rollcall,Rollcall Orb,True,orb,,No equivalent with the same effect in the supplied Cyber Sleuth item reference.,A warping orb that draws all teammates to the user.
orb_scanner,Scanner Orb,True,orb,,No equivalent with the same effect in the supplied Cyber Sleuth item reference.,An orb that reveals the location of all items and enemies on the floor.
orb_slow,Slow Orb,True,orb,,No equivalent with the same effect in the supplied Cyber Sleuth item reference.,An orb that reduces the Movement Speed of all enemies by 1 level. It affects all enemies up to 5 tiles away.
orb_slumber,Slumber Orb,True,orb,,No equivalent with the same effect in the supplied Cyber Sleuth item reference.,An orb that puts all enemies to sleep. It affects all enemies up to 5 tiles away.
orb_spurn,Spurn Orb,True,orb,,No equivalent with the same effect in the supplied Cyber Sleuth item reference.,An orb that warps all enemies to random locations on the floor. It affects all enemies up to 5 tiles away.
orb_stayaway,Stayaway Orb,True,orb,,No equivalent with the same effect in the supplied Cyber Sleuth item reference.,"An orb that warps enemies to the nearest stairway, and puts them all into a deep sleep. It affects all enemies up to 5 tiles away."
orb_totter,Totter Orb,True,orb,,No equivalent with the same effect in the supplied Cyber Sleuth item reference.,An orb that confuses all enemies. It affects all enemies up to 5 tiles away.
orb_trap_see,Trap-See Orb,True,orb,,No equivalent with the same effect in the supplied Cyber Sleuth item reference.,An orb that reveals all traps on the floor.
orb_trapbust,Trapbust Orb,True,orb,,No equivalent with the same effect in the supplied Cyber Sleuth item reference.,An orb that destroys all traps on the floor.
orb_trawl,Trawl Orb,True,orb,,No equivalent with the same effect in the supplied Cyber Sleuth item reference.,An orb that pulls unclaimed items on the floor to the user.
orb_weather,Weather Orb,True,orb,,No equivalent with the same effect in the supplied Cyber Sleuth item reference.,A climate-control orb that changes the dungeon floor's condition depending on the user's type.
seed_ban,Ban Seed,True,seed,,No equivalent with the same effect in the supplied Cyber Sleuth item reference.,"A seed that bans the last move used by the Pokémon, preventing anyone in the dungeon from using it."
seed_blast,Blast Seed,True,seed,,No equivalent with the same effect in the supplied Cyber Sleuth item reference.,"A seed that causes the Pokémon to release a blast on the tile in front of it, causing damage."
seed_blinker,Blinker Seed,True,seed,,No equivalent with the same effect in the supplied Cyber Sleuth item reference.,"A seed that gives the Blinker status, reducing the Pokémon's Attack Range by 3."
seed_decoy,Decoy Seed,True,seed,,No equivalent with the same effect in the supplied Cyber Sleuth item reference.,"A seed that gives the Pokémon the Decoy status, making it a target of everyone's attacks. Moves that target the team's inventory will always pick this item first."
seed_doom,Doom Seed,True,seed,,No equivalent with the same effect in the supplied Cyber Sleuth item reference.,A seed that reduces the Pokémon's level by 5.
seed_golden,Golden Seed,True,seed,Brave Point A,"Related item exists, but native level or percentage/stage modification differs from its fixed-value/manual Cyber Sleuth effect; conversion deferred.",A seed that raises the Pokémon's level by 3.
seed_hunger,Hunger Seed,True,seed,,No equivalent with the same effect in the supplied Cyber Sleuth item reference.,A seed that makes the Pokémon's belly somewhat emptier.
seed_ice,Ice Seed,True,seed,,No equivalent with the same effect in the supplied Cyber Sleuth item reference.,A seed that freezes the Pokémon for many turns.
seed_joy,Joy Seed,True,seed,Brave Point E,"Related item exists, but native level or percentage/stage modification differs from its fixed-value/manual Cyber Sleuth effect; conversion deferred.",A seed that raises the Pokémon's level by 1.
seed_last_chance,Last-Chance Seed,True,seed,,No equivalent with the same effect in the supplied Cyber Sleuth item reference.,"A seed that sets the PP of the Pokémon's moves to 1, and drastically raises its Attack, Special Attack, and Speed."
seed_plain,Plain Seed,True,seed,,No equivalent with the same effect in the supplied Cyber Sleuth item reference.,A seed that has no special effect.
seed_pure,Pure Seed,True,seed,,No equivalent with the same effect in the supplied Cyber Sleuth item reference.,A seed that warps the Pokémon close to the stairs.
seed_sleep,Sleep Seed,True,seed,,No equivalent with the same effect in the supplied Cyber Sleuth item reference.,A seed that puts the Pokémon to sleep for many turns.
seed_spreader,Spreader Seed,False,seed,,No equivalent with the same effect in the supplied Cyber Sleuth item reference.,A seed that causes the Pokémon to share the effects of moves used on it.
seed_training,Training Seed,False,seed,,No equivalent with the same effect in the supplied Cyber Sleuth item reference.,
seed_vanish,Vanish Seed,False,seed,,No equivalent with the same effect in the supplied Cyber Sleuth item reference.,
seed_vile,Vile Seed,True,seed,,No equivalent with the same effect in the supplied Cyber Sleuth item reference.,A seed that lowers the Pokémon's Defense and Special Defense to their lowest levels.
seed_warp,Warp Seed,True,seed,,No equivalent with the same effect in the supplied Cyber Sleuth item reference.,A seed that warps the Pokémon and its nearby allies to a different place on the floor.
tm_acrobatics,TM Acrobatics,True,tm,,Move-teaching disc; Cyber Sleuth reference has no skill-disc consumable equivalent.,Teaches the move Acrobatics to a Pokémon.
tm_aerial_ace,TM Aerial Ace,True,tm,,Move-teaching disc; Cyber Sleuth reference has no skill-disc consumable equivalent.,Teaches the move Aerial Ace to a Pokémon.
tm_attract,TM Attract,True,tm,,Move-teaching disc; Cyber Sleuth reference has no skill-disc consumable equivalent.,Teaches the move Attract to a Pokémon.
tm_avalanche,TM Avalanche,True,tm,,Move-teaching disc; Cyber Sleuth reference has no skill-disc consumable equivalent.,Teaches the move Avalanche to a Pokémon.
tm_blizzard,TM Blizzard,True,tm,,Move-teaching disc; Cyber Sleuth reference has no skill-disc consumable equivalent.,Teaches the move Blizzard to a Pokémon.
tm_brick_break,TM Brick Break,True,tm,,Move-teaching disc; Cyber Sleuth reference has no skill-disc consumable equivalent.,Teaches the move Brick Break to a Pokémon.
tm_brine,TM Brine,True,tm,,Move-teaching disc; Cyber Sleuth reference has no skill-disc consumable equivalent.,Teaches the move Brine to a Pokémon.
tm_bulk_up,TM Bulk Up,True,tm,,Move-teaching disc; Cyber Sleuth reference has no skill-disc consumable equivalent.,Teaches the move Bulk Up to a Pokémon.
tm_bulldoze,TM Bulldoze,True,tm,,Move-teaching disc; Cyber Sleuth reference has no skill-disc consumable equivalent.,Teaches the move Bulldoze to a Pokémon.
tm_bullet_seed,TM Bullet Seed,True,tm,,Move-teaching disc; Cyber Sleuth reference has no skill-disc consumable equivalent.,Teaches the move Bullet Seed to a Pokémon.
tm_calm_mind,TM Calm Mind,True,tm,,Move-teaching disc; Cyber Sleuth reference has no skill-disc consumable equivalent.,Teaches the move Calm Mind to a Pokémon.
tm_captivate,TM Captivate,True,tm,,Move-teaching disc; Cyber Sleuth reference has no skill-disc consumable equivalent.,Teaches the move Captivate to a Pokémon.
tm_charge_beam,TM Charge Beam,True,tm,,Move-teaching disc; Cyber Sleuth reference has no skill-disc consumable equivalent.,Teaches the move Charge Beam to a Pokémon.
tm_cut,TM Cut,True,tm,,Move-teaching disc; Cyber Sleuth reference has no skill-disc consumable equivalent.,Teaches the move Cut to a Pokémon.
tm_dark_pulse,TM Dark Pulse,True,tm,,Move-teaching disc; Cyber Sleuth reference has no skill-disc consumable equivalent.,Teaches the move Dark Pulse to a Pokémon.
tm_dazzling_gleam,TM Dazzling Gleam,True,tm,,Move-teaching disc; Cyber Sleuth reference has no skill-disc consumable equivalent.,Teaches the move Dazzling Gleam to a Pokémon.
tm_defog,TM Defog,True,tm,,Move-teaching disc; Cyber Sleuth reference has no skill-disc consumable equivalent.,Teaches the move Defog to a Pokémon.
tm_dig,TM Dig,True,tm,,Move-teaching disc; Cyber Sleuth reference has no skill-disc consumable equivalent.,Teaches the move Dig to a Pokémon.
tm_dive,TM Dive,True,tm,,Move-teaching disc; Cyber Sleuth reference has no skill-disc consumable equivalent.,Teaches the move Dive to a Pokémon.
tm_double_team,TM Double Team,True,tm,,Move-teaching disc; Cyber Sleuth reference has no skill-disc consumable equivalent.,Teaches the move Double Team to a Pokémon.
tm_dragon_claw,TM Dragon Claw,True,tm,,Move-teaching disc; Cyber Sleuth reference has no skill-disc consumable equivalent.,Teaches the move Dragon Claw to a Pokémon.
tm_dragon_pulse,TM Dragon Pulse,True,tm,,Move-teaching disc; Cyber Sleuth reference has no skill-disc consumable equivalent.,Teaches the move Dragon Pulse to a Pokémon.
tm_dragon_tail,TM Dragon Tail,True,tm,,Move-teaching disc; Cyber Sleuth reference has no skill-disc consumable equivalent.,Teaches the move Dragon Tail to a Pokémon.
tm_drain_punch,TM Drain Punch,True,tm,,Move-teaching disc; Cyber Sleuth reference has no skill-disc consumable equivalent.,Teaches the move Drain Punch to a Pokémon.
tm_dream_eater,TM Dream Eater,True,tm,,Move-teaching disc; Cyber Sleuth reference has no skill-disc consumable equivalent.,Teaches the move Dream Eater to a Pokémon.
tm_earthquake,TM Earthquake,True,tm,,Move-teaching disc; Cyber Sleuth reference has no skill-disc consumable equivalent.,Teaches the move Earthquake to a Pokémon.
tm_echoed_voice,TM Echoed Voice,True,tm,,Move-teaching disc; Cyber Sleuth reference has no skill-disc consumable equivalent.,Teaches the move Echoed Voice to a Pokémon.
tm_embargo,TM Embargo,True,tm,,Move-teaching disc; Cyber Sleuth reference has no skill-disc consumable equivalent.,Teaches the move Embargo to a Pokémon.
tm_endure,TM Endure,True,tm,,Move-teaching disc; Cyber Sleuth reference has no skill-disc consumable equivalent.,Teaches the move Endure to a Pokémon.
tm_energy_ball,TM Energy Ball,True,tm,,Move-teaching disc; Cyber Sleuth reference has no skill-disc consumable equivalent.,Teaches the move Energy Ball to a Pokémon.
tm_explosion,TM Explosion,True,tm,,Move-teaching disc; Cyber Sleuth reference has no skill-disc consumable equivalent.,Teaches the move Explosion to a Pokémon.
tm_facade,TM Façade,True,tm,,Move-teaching disc; Cyber Sleuth reference has no skill-disc consumable equivalent.,Teaches the move Façade to a Pokémon.
tm_false_swipe,TM False Swipe,True,tm,,Move-teaching disc; Cyber Sleuth reference has no skill-disc consumable equivalent.,Teaches the move False Swipe to a Pokémon.
tm_fire_blast,TM Fire Blast,True,tm,,Move-teaching disc; Cyber Sleuth reference has no skill-disc consumable equivalent.,Teaches the move Fire Blast to a Pokémon.
tm_flame_charge,TM Flame Charge,True,tm,,Move-teaching disc; Cyber Sleuth reference has no skill-disc consumable equivalent.,Teaches the move Flame Charge to a Pokémon.
tm_flamethrower,TM Flamethrower,True,tm,,Move-teaching disc; Cyber Sleuth reference has no skill-disc consumable equivalent.,Teaches the move Flamethrower to a Pokémon.
tm_flash,TM Flash,True,tm,,Move-teaching disc; Cyber Sleuth reference has no skill-disc consumable equivalent.,Teaches the move Flash to a Pokémon.
tm_flash_cannon,TM Flash Cannon,True,tm,,Move-teaching disc; Cyber Sleuth reference has no skill-disc consumable equivalent.,Teaches the move Flash Cannon to a Pokémon.
tm_fling,TM Fling,True,tm,,Move-teaching disc; Cyber Sleuth reference has no skill-disc consumable equivalent.,Teaches the move Fling to a Pokémon.
tm_fly,TM Fly,True,tm,,Move-teaching disc; Cyber Sleuth reference has no skill-disc consumable equivalent.,Teaches the move Fly to a Pokémon.
tm_focus_blast,TM Focus Blast,True,tm,,Move-teaching disc; Cyber Sleuth reference has no skill-disc consumable equivalent.,Teaches the move Focus Blast to a Pokémon.
tm_focus_punch,TM Focus Punch,True,tm,,Move-teaching disc; Cyber Sleuth reference has no skill-disc consumable equivalent.,Teaches the move Focus Punch to a Pokémon.
tm_frost_breath,TM Frost Breath,True,tm,,Move-teaching disc; Cyber Sleuth reference has no skill-disc consumable equivalent.,Teaches the move Frost Breath to a Pokémon.
tm_frustration,TM Frustration,True,tm,,Move-teaching disc; Cyber Sleuth reference has no skill-disc consumable equivalent.,Teaches the move Frustration to a Pokémon.
tm_giga_drain,TM Giga Drain,True,tm,,Move-teaching disc; Cyber Sleuth reference has no skill-disc consumable equivalent.,Teaches the move Giga Drain to a Pokémon.
tm_giga_impact,TM Giga Impact,True,tm,,Move-teaching disc; Cyber Sleuth reference has no skill-disc consumable equivalent.,Teaches the move Giga Impact to a Pokémon.
tm_grass_knot,TM Grass Knot,True,tm,,Move-teaching disc; Cyber Sleuth reference has no skill-disc consumable equivalent.,Teaches the move Grass Knot to a Pokémon.
tm_gyro_ball,TM Gyro Ball,True,tm,,Move-teaching disc; Cyber Sleuth reference has no skill-disc consumable equivalent.,Teaches the move Gyro Ball to a Pokémon.
tm_hail,TM Hail,True,tm,,Move-teaching disc; Cyber Sleuth reference has no skill-disc consumable equivalent.,Teaches the move Hail to a Pokémon.
tm_hidden_power,TM Hidden Power,True,tm,,Move-teaching disc; Cyber Sleuth reference has no skill-disc consumable equivalent.,Teaches the move Hidden Power to a Pokémon.
tm_hone_claws,TM Hone Claws,True,tm,,Move-teaching disc; Cyber Sleuth reference has no skill-disc consumable equivalent.,Teaches the move Hone Claws to a Pokémon.
tm_hyper_beam,TM Hyper Beam,True,tm,,Move-teaching disc; Cyber Sleuth reference has no skill-disc consumable equivalent.,Teaches the move Hyper Beam to a Pokémon.
tm_ice_beam,TM Ice Beam,True,tm,,Move-teaching disc; Cyber Sleuth reference has no skill-disc consumable equivalent.,Teaches the move Ice Beam to a Pokémon.
tm_incinerate,TM Incinerate,True,tm,,Move-teaching disc; Cyber Sleuth reference has no skill-disc consumable equivalent.,Teaches the move Incinerate to a Pokémon.
tm_infestation,TM Infestation,True,tm,,Move-teaching disc; Cyber Sleuth reference has no skill-disc consumable equivalent.,Teaches the move Infestation to a Pokémon.
tm_iron_tail,TM Iron Tail,True,tm,,Move-teaching disc; Cyber Sleuth reference has no skill-disc consumable equivalent.,Teaches the move Iron Tail to a Pokémon.
tm_light_screen,TM Light Screen,True,tm,,Move-teaching disc; Cyber Sleuth reference has no skill-disc consumable equivalent.,Teaches the move Light Screen to a Pokémon.
tm_low_sweep,TM Low Sweep,True,tm,,Move-teaching disc; Cyber Sleuth reference has no skill-disc consumable equivalent.,Teaches the move Low Sweep to a Pokémon.
tm_natural_gift,TM Natural Gift,True,tm,,Move-teaching disc; Cyber Sleuth reference has no skill-disc consumable equivalent.,Teaches the move Natural Gift to a Pokémon.
tm_nature_power,TM Nature Power,True,tm,,Move-teaching disc; Cyber Sleuth reference has no skill-disc consumable equivalent.,Teaches the move Nature Power to a Pokémon.
tm_overheat,TM Overheat,True,tm,,Move-teaching disc; Cyber Sleuth reference has no skill-disc consumable equivalent.,Teaches the move Overheat to a Pokémon.
tm_payback,TM Payback,True,tm,,Move-teaching disc; Cyber Sleuth reference has no skill-disc consumable equivalent.,Teaches the move Payback to a Pokémon.
tm_pluck,TM Pluck,True,tm,,Move-teaching disc; Cyber Sleuth reference has no skill-disc consumable equivalent.,Teaches the move Pluck to a Pokémon.
tm_poison_jab,TM Poison Jab,True,tm,,Move-teaching disc; Cyber Sleuth reference has no skill-disc consumable equivalent.,Teaches the move Poison Jab to a Pokémon.
tm_power_up_punch,TM Power-Up Punch,True,tm,,Move-teaching disc; Cyber Sleuth reference has no skill-disc consumable equivalent.,Teaches the move Power-Up Punch to a Pokémon.
tm_protect,TM Protect,True,tm,,Move-teaching disc; Cyber Sleuth reference has no skill-disc consumable equivalent.,Teaches the move Protect to a Pokémon.
tm_psych_up,TM Psych Up,True,tm,,Move-teaching disc; Cyber Sleuth reference has no skill-disc consumable equivalent.,Teaches the move Psych Up to a Pokémon.
tm_psychic,TM Psychic,True,tm,,Move-teaching disc; Cyber Sleuth reference has no skill-disc consumable equivalent.,Teaches the move Psychic to a Pokémon.
tm_psyshock,TM Psyshock,True,tm,,Move-teaching disc; Cyber Sleuth reference has no skill-disc consumable equivalent.,Teaches the move Psyshock to a Pokémon.
tm_quash,TM Quash,True,tm,,Move-teaching disc; Cyber Sleuth reference has no skill-disc consumable equivalent.,Teaches the move Quash to a Pokémon.
tm_rain_dance,TM Rain Dance,True,tm,,Move-teaching disc; Cyber Sleuth reference has no skill-disc consumable equivalent.,Teaches the move Rain Dance to a Pokémon.
tm_recycle,TM Recycle,True,tm,,Move-teaching disc; Cyber Sleuth reference has no skill-disc consumable equivalent.,Teaches the move Recycle to a Pokémon.
tm_reflect,TM Reflect,True,tm,,Move-teaching disc; Cyber Sleuth reference has no skill-disc consumable equivalent.,Teaches the move Reflect to a Pokémon.
tm_rest,TM Rest,True,tm,,Move-teaching disc; Cyber Sleuth reference has no skill-disc consumable equivalent.,Teaches the move Rest to a Pokémon.
tm_retaliate,TM Retaliate,True,tm,,Move-teaching disc; Cyber Sleuth reference has no skill-disc consumable equivalent.,Teaches the move Retaliate to a Pokémon.
tm_return,TM Return,True,tm,,Move-teaching disc; Cyber Sleuth reference has no skill-disc consumable equivalent.,Teaches the move Return to a Pokémon.
tm_roar,TM Roar,True,tm,,Move-teaching disc; Cyber Sleuth reference has no skill-disc consumable equivalent.,Teaches the move Roar to a Pokémon.
tm_rock_climb,TM Rock Climb,True,tm,,Move-teaching disc; Cyber Sleuth reference has no skill-disc consumable equivalent.,Teaches the move Rock Climb to a Pokémon.
tm_rock_polish,TM Rock Polish,True,tm,,Move-teaching disc; Cyber Sleuth reference has no skill-disc consumable equivalent.,Teaches the move Rock Polish to a Pokémon.
tm_rock_slide,TM Rock Slide,True,tm,,Move-teaching disc; Cyber Sleuth reference has no skill-disc consumable equivalent.,Teaches the move Rock Slide to a Pokémon.
tm_rock_smash,TM Rock Smash,True,tm,,Move-teaching disc; Cyber Sleuth reference has no skill-disc consumable equivalent.,Teaches the move Rock Smash to a Pokémon.
tm_rock_tomb,TM Rock Tomb,True,tm,,Move-teaching disc; Cyber Sleuth reference has no skill-disc consumable equivalent.,Teaches the move Rock Tomb to a Pokémon.
tm_roost,TM Roost,True,tm,,Move-teaching disc; Cyber Sleuth reference has no skill-disc consumable equivalent.,Teaches the move Roost to a Pokémon.
tm_round,TM Round,True,tm,,Move-teaching disc; Cyber Sleuth reference has no skill-disc consumable equivalent.,Teaches the move Round to a Pokémon.
tm_safeguard,TM Safeguard,True,tm,,Move-teaching disc; Cyber Sleuth reference has no skill-disc consumable equivalent.,Teaches the move Safeguard to a Pokémon.
tm_sandstorm,TM Sandstorm,True,tm,,Move-teaching disc; Cyber Sleuth reference has no skill-disc consumable equivalent.,Teaches the move Sandstorm to a Pokémon.
tm_scald,TM Scald,True,tm,,Move-teaching disc; Cyber Sleuth reference has no skill-disc consumable equivalent.,Teaches the move Scald to a Pokémon.
tm_secret_power,TM Secret Power,True,tm,,Move-teaching disc; Cyber Sleuth reference has no skill-disc consumable equivalent.,Teaches the move Secret Power to a Pokémon.
tm_shadow_ball,TM Shadow Ball,True,tm,,Move-teaching disc; Cyber Sleuth reference has no skill-disc consumable equivalent.,Teaches the move Shadow Ball to a Pokémon.
tm_shadow_claw,TM Shadow Claw,True,tm,,Move-teaching disc; Cyber Sleuth reference has no skill-disc consumable equivalent.,Teaches the move Shadow Claw to a Pokémon.
tm_shock_wave,TM Shock Wave,True,tm,,Move-teaching disc; Cyber Sleuth reference has no skill-disc consumable equivalent.,Teaches the move Shock Wave to a Pokémon.
tm_silver_wind,TM Silver Wind,True,tm,,Move-teaching disc; Cyber Sleuth reference has no skill-disc consumable equivalent.,Teaches the move Silver Wind to a Pokémon.
tm_sky_drop,TM Sky Drop,True,tm,,Move-teaching disc; Cyber Sleuth reference has no skill-disc consumable equivalent.,Teaches the move Sky Drop to a Pokémon.
tm_sludge_bomb,TM Sludge Bomb,True,tm,,Move-teaching disc; Cyber Sleuth reference has no skill-disc consumable equivalent.,Teaches the move Sludge Bomb to a Pokémon.
tm_sludge_wave,TM Sludge Wave,True,tm,,Move-teaching disc; Cyber Sleuth reference has no skill-disc consumable equivalent.,Teaches the move Sludge Wave to a Pokémon.
tm_smack_down,TM Smack Down,True,tm,,Move-teaching disc; Cyber Sleuth reference has no skill-disc consumable equivalent.,Teaches the move Smack Down to a Pokémon.
tm_snarl,TM Snarl,True,tm,,Move-teaching disc; Cyber Sleuth reference has no skill-disc consumable equivalent.,Teaches the move Snarl to a Pokémon.
tm_snatch,TM Snatch,True,tm,,Move-teaching disc; Cyber Sleuth reference has no skill-disc consumable equivalent.,Teaches the move Snatch to a Pokémon.
tm_steel_wing,TM Steel Wing,True,tm,,Move-teaching disc; Cyber Sleuth reference has no skill-disc consumable equivalent.,Teaches the move Steel Wing to a Pokémon.
tm_stone_edge,TM Stone Edge,True,tm,,Move-teaching disc; Cyber Sleuth reference has no skill-disc consumable equivalent.,Teaches the move Stone Edge to a Pokémon.
tm_strength,TM Strength,True,tm,,Move-teaching disc; Cyber Sleuth reference has no skill-disc consumable equivalent.,Teaches the move Strength to a Pokémon.
tm_struggle_bug,TM Struggle Bug,True,tm,,Move-teaching disc; Cyber Sleuth reference has no skill-disc consumable equivalent.,Teaches the move Struggle Bug to a Pokémon.
tm_substitute,TM Substitute,True,tm,,Move-teaching disc; Cyber Sleuth reference has no skill-disc consumable equivalent.,Teaches the move Substitute to a Pokémon.
tm_sunny_day,TM Sunny Day,True,tm,,Move-teaching disc; Cyber Sleuth reference has no skill-disc consumable equivalent.,Teaches the move Sunny Day to a Pokémon.
tm_surf,TM Surf,True,tm,,Move-teaching disc; Cyber Sleuth reference has no skill-disc consumable equivalent.,Teaches the move Surf to a Pokémon.
tm_swagger,TM Swagger,True,tm,,Move-teaching disc; Cyber Sleuth reference has no skill-disc consumable equivalent.,Teaches the move Swagger to a Pokémon.
tm_swords_dance,TM Swords Dance,True,tm,,Move-teaching disc; Cyber Sleuth reference has no skill-disc consumable equivalent.,Teaches the move Swords Dance to a Pokémon.
tm_taunt,TM Taunt,True,tm,,Move-teaching disc; Cyber Sleuth reference has no skill-disc consumable equivalent.,Teaches the move Taunt to a Pokémon.
tm_telekinesis,TM Telekinesis,True,tm,,Move-teaching disc; Cyber Sleuth reference has no skill-disc consumable equivalent.,Teaches the move Telekinesis to a Pokémon.
tm_thief,TM Thief,True,tm,,Move-teaching disc; Cyber Sleuth reference has no skill-disc consumable equivalent.,Teaches the move Thief to a Pokémon.
tm_thunder,TM Thunder,True,tm,,Move-teaching disc; Cyber Sleuth reference has no skill-disc consumable equivalent.,Teaches the move Thunder to a Pokémon.
tm_thunder_wave,TM Thunder Wave,True,tm,,Move-teaching disc; Cyber Sleuth reference has no skill-disc consumable equivalent.,Teaches the move Thunder Wave to a Pokémon.
tm_thunderbolt,TM Thunderbolt,True,tm,,Move-teaching disc; Cyber Sleuth reference has no skill-disc consumable equivalent.,Teaches the move Thunderbolt to a Pokémon.
tm_torment,TM Torment,True,tm,,Move-teaching disc; Cyber Sleuth reference has no skill-disc consumable equivalent.,Teaches the move Torment to a Pokémon.
tm_u_turn,TM U-turn,True,tm,,Move-teaching disc; Cyber Sleuth reference has no skill-disc consumable equivalent.,Teaches the move U-turn to a Pokémon.
tm_venoshock,TM Venoshock,True,tm,,Move-teaching disc; Cyber Sleuth reference has no skill-disc consumable equivalent.,Teaches the move Venoshock to a Pokémon.
tm_volt_switch,TM Volt Switch,True,tm,,Move-teaching disc; Cyber Sleuth reference has no skill-disc consumable equivalent.,Teaches the move Volt Switch to a Pokémon.
tm_water_pulse,TM Water Pulse,True,tm,,Move-teaching disc; Cyber Sleuth reference has no skill-disc consumable equivalent.,Teaches the move Water Pulse to a Pokémon.
tm_waterfall,TM Waterfall,True,tm,,Move-teaching disc; Cyber Sleuth reference has no skill-disc consumable equivalent.,Teaches the move Waterfall to a Pokémon.
tm_whirlpool,TM Whirlpool,True,tm,,Move-teaching disc; Cyber Sleuth reference has no skill-disc consumable equivalent.,Teaches the move Whirlpool to a Pokémon.
tm_wild_charge,TM Wild Charge,True,tm,,Move-teaching disc; Cyber Sleuth reference has no skill-disc consumable equivalent.,Teaches the move Wild Charge to a Pokémon.
tm_will_o_wisp,TM Will-O-Wisp,True,tm,,Move-teaching disc; Cyber Sleuth reference has no skill-disc consumable equivalent.,Teaches the move Will-O-Wisp to a Pokémon.
tm_work_up,TM Work Up,True,tm,,Move-teaching disc; Cyber Sleuth reference has no skill-disc consumable equivalent.,Teaches the move Work Up to a Pokémon.
tm_x_scissor,TM X-Scissor,True,tm,,Move-teaching disc; Cyber Sleuth reference has no skill-disc consumable equivalent.,Teaches the move X-Scissor to a Pokémon.
wand_fear,Fear Wand,True,wand,,Projectile dungeon effect has no matching Cyber Sleuth consumable.,A wand to be waved at a Pokémon. It causes the target to flinch.
wand_infatuation,Infatuation Wand,False,wand,,Projectile dungeon effect has no matching Cyber Sleuth consumable.,A wand to be waved at Pokémon of the opposite gender. It causes the target to become attracted to the user.
wand_lob,Lob Wand,True,wand,,Projectile dungeon effect has no matching Cyber Sleuth consumable.,"A wand to be waved at a Pokémon. It inflicts damage on any Pokémon in a straight line, passing through walls."
wand_lure,Lure Wand,True,wand,,Projectile dungeon effect has no matching Cyber Sleuth consumable.,A wand to be waved at a Pokémon. It causes the target to warp in front of the user.
wand_path,Path Wand,True,wand,,Projectile dungeon effect has no matching Cyber Sleuth consumable.,A wand to be waved at terrain features. It clears obstacles to form a path directly in front of the user.
wand_pounce,Pounce Wand,True,wand,,Projectile dungeon effect has no matching Cyber Sleuth consumable.,A wand to be waved at a Pokémon or wall. It causes the user to jump to that location.
wand_purge,Purge Wand,True,wand,,Projectile dungeon effect has no matching Cyber Sleuth consumable.,A wand to be waved at a Pokémon. It removes all stat boosts in an area and damages targets for each stat boosted. Stat drops will heal the target instead.
wand_slow,Slow Wand,True,wand,,Projectile dungeon effect has no matching Cyber Sleuth consumable.,A wand to be waved at a Pokémon. It reduces the Movement Speed of the target by 1 level.
wand_stayaway,Stayaway Wand,False,wand,,Projectile dungeon effect has no matching Cyber Sleuth consumable.,"A wand to be waved at enemy Pokémon. It warps the target to the nearest stairway, and puts it into a deep sleep."
wand_surround,Surround Wand,False,wand,,Projectile dungeon effect has no matching Cyber Sleuth consumable.,A wand to be waved at a Pokémon. It causes the user's allies to warp to the target.
wand_switcher,Switcher Wand,True,wand,,Projectile dungeon effect has no matching Cyber Sleuth consumable.,A wand to be waved at a Pokémon. It causes the user to switch places with the target.
wand_topsy_turvy,Topsy-Turvy Wand,True,wand,,Projectile dungeon effect has no matching Cyber Sleuth consumable.,A wand to be waved at a Pokémon. It reverses all stat changes on the target.
wand_totter,Totter Wand,False,wand,,Projectile dungeon effect has no matching Cyber Sleuth consumable.,A wand to be waved at a Pokémon. It causes the target to become briefly confused.
wand_transfer,Transfer Wand,True,wand,,Projectile dungeon effect has no matching Cyber Sleuth consumable.,A wand to be waved at a Pokémon. It transforms the target into the same Pokémon as the user.
wand_vanish,Vanish Wand,True,wand,,Projectile dungeon effect has no matching Cyber Sleuth consumable.,A wand to be waved at a Pokémon. It temporarily makes the target invisible.
wand_warp,Warp Wand,True,wand,,Projectile dungeon effect has no matching Cyber Sleuth consumable.,A wand to be waved at a Pokémon. It warps the target to a different place on the floor.
wand_whirlwind,Whirlwind Wand,True,wand,,Projectile dungeon effect has no matching Cyber Sleuth consumable.,A wand to be waved at a Pokémon. It knocks the target back.
xcl_element_bug_dust,Wonder Dust,True,xcl,,Species-exclusive Pokemon equipment; no corresponding Digimon-specific item in the reference.,"An exclusive item for Bug-type Pokémon. When kept in the bag, it slightly boosts the Attack, and Special Attack of Bug-type members."
xcl_element_bug_gem,Guard Gem,True,xcl,,Species-exclusive Pokemon equipment; no corresponding Digimon-specific item in the reference.,"An exclusive item for Bug-type Pokémon. When kept in the bag, it boosts the Movement Speed of Bug-type members that have no status conditions."
xcl_element_bug_globe,Defend Globe,True,xcl,,Species-exclusive Pokemon equipment; no corresponding Digimon-specific item in the reference.,"An exclusive item for Bug-type Pokémon. When kept in the bag, it reduces damage done to Bug-type members by Flying-type attacks, based on how many are on the team."
xcl_element_bug_silk,Green Silk,True,xcl,,Species-exclusive Pokemon equipment; no corresponding Digimon-specific item in the reference.,"An exclusive item for Bug-type Pokémon. When kept in the bag, it slightly boosts the Defense, and Special Defense of Bug-type members."
xcl_element_dark_dust,Dark Dust,True,xcl,,Species-exclusive Pokemon equipment; no corresponding Digimon-specific item in the reference.,"An exclusive item for Dark-type Pokémon. When kept in the bag, it slightly boosts the Attack, and Special Attack of Dark-type members."
xcl_element_dark_gem,Dark Gem,True,xcl,,Species-exclusive Pokemon equipment; no corresponding Digimon-specific item in the reference.,"An exclusive item for Dark-type Pokémon. When kept in the bag, it boosts the Movement Speed of Dark-type members that have no status conditions."
xcl_element_dark_globe,Dusk Globe,True,xcl,,Species-exclusive Pokemon equipment; no corresponding Digimon-specific item in the reference.,"An exclusive item for Dark-type Pokémon. When kept in the bag, it reduces damage done to Dark-type members by Bug-type attacks, based on how many are on the team."
xcl_element_dark_silk,Black Silk,True,xcl,,Species-exclusive Pokemon equipment; no corresponding Digimon-specific item in the reference.,"An exclusive item for Dark-type Pokémon. When kept in the bag, it slightly boosts the Defense, and Special Defense of Dark-type members."
xcl_element_dragon_dust,Dragon Dust,True,xcl,,Species-exclusive Pokemon equipment; no corresponding Digimon-specific item in the reference.,"An exclusive item for Dragon-type Pokémon. When kept in the bag, it slightly boosts the Attack, and Special Attack of Dragon-type members."
xcl_element_dragon_gem,Dragon Gem,True,xcl,,Species-exclusive Pokemon equipment; no corresponding Digimon-specific item in the reference.,"An exclusive item for Dragon-type Pokémon. When kept in the bag, it boosts the Movement Speed of Dragon-type members that have no status conditions."
xcl_element_dragon_globe,Dragon Globe,True,xcl,,Species-exclusive Pokemon equipment; no corresponding Digimon-specific item in the reference.,"An exclusive item for Dragon-type Pokémon. When kept in the bag, it reduces damage done to Dragon-type members by Dragon-type attacks, based on how many are on the team."
xcl_element_dragon_silk,Royal Silk,True,xcl,,Species-exclusive Pokemon equipment; no corresponding Digimon-specific item in the reference.,"An exclusive item for Dragon-type Pokémon. When kept in the bag, it slightly boosts the Defense, and Special Defense of Dragon-type members."
xcl_element_electric_dust,Thunder Dust,True,xcl,,Species-exclusive Pokemon equipment; no corresponding Digimon-specific item in the reference.,"An exclusive item for Electric-type Pokémon. When kept in the bag, it slightly boosts the Attack, and Special Attack of Electric-type members."
xcl_element_electric_gem,Thunder Gem,True,xcl,,Species-exclusive Pokemon equipment; no corresponding Digimon-specific item in the reference.,"An exclusive item for Electric-type Pokémon. When kept in the bag, it boosts the Movement Speed of Electric-type members that have no status conditions."
xcl_element_electric_globe,Volt Globe,True,xcl,,Species-exclusive Pokemon equipment; no corresponding Digimon-specific item in the reference.,"An exclusive item for Electric-type Pokémon. When kept in the bag, it reduces damage done to Electric-type members by Ground-type attacks, based on how many are on the team."
xcl_element_electric_silk,Yellow Silk,True,xcl,,Species-exclusive Pokemon equipment; no corresponding Digimon-specific item in the reference.,"An exclusive item for Electric-type Pokémon. When kept in the bag, it slightly boosts the Defense, and Special Defense of Electric-type members."
xcl_element_fairy_dust,Fairy Dust,True,xcl,,Species-exclusive Pokemon equipment; no corresponding Digimon-specific item in the reference.,"An exclusive item for Fairy-type Pokémon. When kept in the bag, it slightly boosts the Attack, and Special Attack of Fairy-type members."
xcl_element_fairy_gem,Fairy Gem,True,xcl,,Species-exclusive Pokemon equipment; no corresponding Digimon-specific item in the reference.,"An exclusive item for Fairy-type Pokémon. When kept in the bag, it boosts the Movement Speed of Fairy-type members that have no status conditions."
xcl_element_fairy_globe,Fairy Globe,True,xcl,,Species-exclusive Pokemon equipment; no corresponding Digimon-specific item in the reference.,"An exclusive item for Fairy-type Pokémon. When kept in the bag, it reduces damage done to Fairy-type members by Poison-type attacks, based on how many are on the team."
xcl_element_fairy_silk,Magenta Silk,True,xcl,,Species-exclusive Pokemon equipment; no corresponding Digimon-specific item in the reference.,"An exclusive item for Fairy-type Pokémon. When kept in the bag, it slightly boosts the Defense, and Special Defense of Fairy-type members."
xcl_element_fighting_dust,Courage Dust,True,xcl,,Species-exclusive Pokemon equipment; no corresponding Digimon-specific item in the reference.,"An exclusive item for Fighting-type Pokémon. When kept in the bag, it slightly boosts the Attack, and Special Attack of Fighting-type members."
xcl_element_fighting_gem,Fight Gem,True,xcl,,Species-exclusive Pokemon equipment; no corresponding Digimon-specific item in the reference.,"An exclusive item for Fighting-type Pokémon. When kept in the bag, it boosts the Movement Speed of Fighting-type members that have no status conditions."
xcl_element_fighting_globe,Power Globe,True,xcl,,Species-exclusive Pokemon equipment; no corresponding Digimon-specific item in the reference.,"An exclusive item for Fighting-type Pokémon. When kept in the bag, it reduces damage done to Fighting-type members by Fairy-type attacks, based on how many are on the team."
xcl_element_fighting_silk,Orange Silk,True,xcl,,Species-exclusive Pokemon equipment; no corresponding Digimon-specific item in the reference.,"An exclusive item for Fighting-type Pokémon. When kept in the bag, it slightly boosts the Defense, and Special Defense of Fighting-type members."
xcl_element_fire_dust,Fire Dust,True,xcl,,Species-exclusive Pokemon equipment; no corresponding Digimon-specific item in the reference.,"An exclusive item for Fire-type Pokémon. When kept in the bag, it slightly boosts the Attack, and Special Attack of Fire-type members."
xcl_element_fire_gem,Fiery Gem,True,xcl,,Species-exclusive Pokemon equipment; no corresponding Digimon-specific item in the reference.,"An exclusive item for Fire-type Pokémon. When kept in the bag, it boosts the Movement Speed of Fire-type members that have no status conditions."
xcl_element_fire_globe,Fiery Globe,True,xcl,,Species-exclusive Pokemon equipment; no corresponding Digimon-specific item in the reference.,"An exclusive item for Fire-type Pokémon. When kept in the bag, it reduces damage done to Fire-type members by Water-type attacks, based on how many are on the team."
xcl_element_fire_silk,Red Silk,True,xcl,,Species-exclusive Pokemon equipment; no corresponding Digimon-specific item in the reference.,"An exclusive item for Fire-type Pokémon. When kept in the bag, it slightly boosts the Defense, and Special Defense of Fire-type members."
xcl_element_flying_dust,Sky Dust,True,xcl,,Species-exclusive Pokemon equipment; no corresponding Digimon-specific item in the reference.,"An exclusive item for Flying-type Pokémon. When kept in the bag, it slightly boosts the Attack, and Special Attack of Flying-type members."
xcl_element_flying_gem,Sky Gem,True,xcl,,Species-exclusive Pokemon equipment; no corresponding Digimon-specific item in the reference.,"An exclusive item for Flying-type Pokémon. When kept in the bag, it boosts the Movement Speed of Flying-type members that have no status conditions."
xcl_element_flying_globe,Sky Globe,True,xcl,,Species-exclusive Pokemon equipment; no corresponding Digimon-specific item in the reference.,"An exclusive item for Flying-type Pokémon. When kept in the bag, it reduces damage done to Flying-type members by Electric-type attacks, based on how many are on the team."
xcl_element_flying_silk,Sky Silk,True,xcl,,Species-exclusive Pokemon equipment; no corresponding Digimon-specific item in the reference.,"An exclusive item for Flying-type Pokémon. When kept in the bag, it slightly boosts the Defense, and Special Defense of Flying-type members."
xcl_element_ghost_dust,Shady Dust,True,xcl,,Species-exclusive Pokemon equipment; no corresponding Digimon-specific item in the reference.,"An exclusive item for Ghost-type Pokémon. When kept in the bag, it slightly boosts the Attack, and Special Attack of Ghost-type members."
xcl_element_ghost_gem,Shadow Gem,True,xcl,,Species-exclusive Pokemon equipment; no corresponding Digimon-specific item in the reference.,"An exclusive item for Ghost-type Pokémon. When kept in the bag, it boosts the Movement Speed of Ghost-type members that have no status conditions."
xcl_element_ghost_globe,Nether Globe,True,xcl,,Species-exclusive Pokemon equipment; no corresponding Digimon-specific item in the reference.,"An exclusive item for Ghost-type Pokémon. When kept in the bag, it reduces damage done to Ghost-type members by Dark-type attacks, based on how many are on the team."
xcl_element_ghost_silk,Purple Silk,True,xcl,,Species-exclusive Pokemon equipment; no corresponding Digimon-specific item in the reference.,"An exclusive item for Ghost-type Pokémon. When kept in the bag, it slightly boosts the Defense, and Special Defense of Ghost-type members."
xcl_element_grass_dust,Grass Dust,True,xcl,,Species-exclusive Pokemon equipment; no corresponding Digimon-specific item in the reference.,"An exclusive item for Grass-type Pokémon. When kept in the bag, it slightly boosts the Attack, and Special Attack of Grass-type members."
xcl_element_grass_gem,Grass Gem,True,xcl,,Species-exclusive Pokemon equipment; no corresponding Digimon-specific item in the reference.,"An exclusive item for Grass-type Pokémon. When kept in the bag, it boosts the Movement Speed of Grass-type members that have no status conditions."
xcl_element_grass_globe,Soothe Globe,True,xcl,,Species-exclusive Pokemon equipment; no corresponding Digimon-specific item in the reference.,"An exclusive item for Grass-type Pokémon. When kept in the bag, it reduces damage done to Grass-type members by Fire-type attacks, based on how many are on the team."
xcl_element_grass_silk,Grass Silk,True,xcl,,Species-exclusive Pokemon equipment; no corresponding Digimon-specific item in the reference.,"An exclusive item for Grass-type Pokémon. When kept in the bag, it slightly boosts the Defense, and Special Defense of Grass-type members."
xcl_element_ground_dust,Ground Dust,True,xcl,,Species-exclusive Pokemon equipment; no corresponding Digimon-specific item in the reference.,"An exclusive item for Ground-type Pokémon. When kept in the bag, it slightly boosts the Attack, and Special Attack of Ground-type members."
xcl_element_ground_gem,Earth Gem,True,xcl,,Species-exclusive Pokemon equipment; no corresponding Digimon-specific item in the reference.,"An exclusive item for Ground-type Pokémon. When kept in the bag, it boosts the Movement Speed of Ground-type members that have no status conditions."
xcl_element_ground_globe,Terra Globe,True,xcl,,Species-exclusive Pokemon equipment; no corresponding Digimon-specific item in the reference.,"An exclusive item for Ground-type Pokémon. When kept in the bag, it reduces damage done to Ground-type members by Ice-type attacks, based on how many are on the team."
xcl_element_ground_silk,Brown Silk,True,xcl,,Species-exclusive Pokemon equipment; no corresponding Digimon-specific item in the reference.,"An exclusive item for Ground-type Pokémon. When kept in the bag, it slightly boosts the Defense, and Special Defense of Ground-type members."
xcl_element_ice_dust,Icy Dust,True,xcl,,Species-exclusive Pokemon equipment; no corresponding Digimon-specific item in the reference.,"An exclusive item for Ice-type Pokémon. When kept in the bag, it slightly boosts the Attack, and Special Attack of Ice-type members."
xcl_element_ice_gem,Icy Gem,True,xcl,,Species-exclusive Pokemon equipment; no corresponding Digimon-specific item in the reference.,"An exclusive item for Ice-type Pokémon. When kept in the bag, it boosts the Movement Speed of Ice-type members that have no status conditions."
xcl_element_ice_globe,Icy Globe,True,xcl,,Species-exclusive Pokemon equipment; no corresponding Digimon-specific item in the reference.,"An exclusive item for Ice-type Pokémon. When kept in the bag, it reduces damage done to Ice-type members by Rock-type attacks, based on how many are on the team."
xcl_element_ice_silk,Clear Silk,True,xcl,,Species-exclusive Pokemon equipment; no corresponding Digimon-specific item in the reference.,"An exclusive item for Ice-type Pokémon. When kept in the bag, it slightly boosts the Defense, and Special Defense of Ice-type members."
xcl_element_normal_dust,Normal Dust,True,xcl,,Species-exclusive Pokemon equipment; no corresponding Digimon-specific item in the reference.,"An exclusive item for Normal-type Pokémon. When kept in the bag, it slightly boosts the Attack, and Special Attack of Normal-type members."
xcl_element_normal_gem,White Gem,True,xcl,,Species-exclusive Pokemon equipment; no corresponding Digimon-specific item in the reference.,"An exclusive item for Normal-type Pokémon. When kept in the bag, it boosts the Movement Speed of Normal-type members that have no status conditions."
xcl_element_normal_globe,Joy Globe,True,xcl,,Species-exclusive Pokemon equipment; no corresponding Digimon-specific item in the reference.,"An exclusive item for Normal-type Pokémon. When kept in the bag, it reduces damage done to Normal-type members by Fighting-type attacks, based on how many are on the team."
xcl_element_normal_silk,White Silk,True,xcl,,Species-exclusive Pokemon equipment; no corresponding Digimon-specific item in the reference.,"An exclusive item for Normal-type Pokémon. When kept in the bag, it slightly boosts the Defense, and Special Defense of Normal-type members."
xcl_element_poison_dust,Poison Dust,True,xcl,,Species-exclusive Pokemon equipment; no corresponding Digimon-specific item in the reference.,"An exclusive item for Poison-type Pokémon. When kept in the bag, it slightly boosts the Attack, and Special Attack of Poison-type members."
xcl_element_poison_gem,Poison Gem,True,xcl,,Species-exclusive Pokemon equipment; no corresponding Digimon-specific item in the reference.,"An exclusive item for Poison-type Pokémon. When kept in the bag, it boosts the Movement Speed of Poison-type members that have no status conditions."
xcl_element_poison_globe,Poison Globe,True,xcl,,Species-exclusive Pokemon equipment; no corresponding Digimon-specific item in the reference.,"An exclusive item for Poison-type Pokémon. When kept in the bag, it reduces damage done to Poison-type members by Psychic-type attacks, based on how many are on the team."
xcl_element_poison_silk,Pink Silk,True,xcl,,Species-exclusive Pokemon equipment; no corresponding Digimon-specific item in the reference.,"An exclusive item for Poison-type Pokémon. When kept in the bag, it slightly boosts the Defense, and Special Defense of Poison-type members."
xcl_element_psychic_dust,Psyche Dust,True,xcl,,Species-exclusive Pokemon equipment; no corresponding Digimon-specific item in the reference.,"An exclusive item for Psychic-type Pokémon. When kept in the bag, it slightly boosts the Attack, and Special Attack of Psychic-type members."
xcl_element_psychic_gem,Psyche Gem,True,xcl,,Species-exclusive Pokemon equipment; no corresponding Digimon-specific item in the reference.,"An exclusive item for Psychic-type Pokémon. When kept in the bag, it boosts the Movement Speed of Psychic-type members that have no status conditions."
xcl_element_psychic_globe,Psyche Globe,True,xcl,,Species-exclusive Pokemon equipment; no corresponding Digimon-specific item in the reference.,"An exclusive item for Psychic-type Pokémon. When kept in the bag, it reduces damage done to Psychic-type members by Ghost-type attacks, based on how many are on the team."
xcl_element_psychic_silk,Gold Silk,True,xcl,,Species-exclusive Pokemon equipment; no corresponding Digimon-specific item in the reference.,"An exclusive item for Psychic-type Pokémon. When kept in the bag, it slightly boosts the Defense, and Special Defense of Psychic-type members."
xcl_element_rock_dust,Rock Dust,True,xcl,,Species-exclusive Pokemon equipment; no corresponding Digimon-specific item in the reference.,"An exclusive item for Rock-type Pokémon. When kept in the bag, it slightly boosts the Attack, and Special Attack of Rock-type members."
xcl_element_rock_gem,Stone Gem,True,xcl,,Species-exclusive Pokemon equipment; no corresponding Digimon-specific item in the reference.,"An exclusive item for Rock-type Pokémon. When kept in the bag, it boosts the Movement Speed of Rock-type members that have no status conditions."
xcl_element_rock_globe,Rock Globe,True,xcl,,Species-exclusive Pokemon equipment; no corresponding Digimon-specific item in the reference.,"An exclusive item for Rock-type Pokémon. When kept in the bag, it reduces damage done to Rock-type members by Steel-type attacks, based on how many are on the team."
xcl_element_rock_silk,Gray Silk,True,xcl,,Species-exclusive Pokemon equipment; no corresponding Digimon-specific item in the reference.,"An exclusive item for Rock-type Pokémon. When kept in the bag, it slightly boosts the Defense, and Special Defense of Rock-type members."
xcl_element_steel_dust,Steel Dust,True,xcl,,Species-exclusive Pokemon equipment; no corresponding Digimon-specific item in the reference.,"An exclusive item for Steel-type Pokémon. When kept in the bag, it slightly boosts the Attack, and Special Attack of Steel-type members."
xcl_element_steel_gem,Metal Gem,True,xcl,,Species-exclusive Pokemon equipment; no corresponding Digimon-specific item in the reference.,"An exclusive item for Steel-type Pokémon. When kept in the bag, it boosts the Movement Speed of Steel-type members that have no status conditions."
xcl_element_steel_globe,Steel Globe,True,xcl,,Species-exclusive Pokemon equipment; no corresponding Digimon-specific item in the reference.,"An exclusive item for Steel-type Pokémon. When kept in the bag, it reduces damage done to Steel-type members by Fighting-type attacks, based on how many are on the team."
xcl_element_steel_silk,Iron Silk,True,xcl,,Species-exclusive Pokemon equipment; no corresponding Digimon-specific item in the reference.,"An exclusive item for Steel-type Pokémon. When kept in the bag, it slightly boosts the Defense, and Special Defense of Steel-type members."
xcl_element_water_dust,Water Dust,True,xcl,,Species-exclusive Pokemon equipment; no corresponding Digimon-specific item in the reference.,"An exclusive item for Water-type Pokémon. When kept in the bag, it slightly boosts the Attack, and Special Attack of Water-type members."
xcl_element_water_gem,Aqua Gem,True,xcl,,Species-exclusive Pokemon equipment; no corresponding Digimon-specific item in the reference.,"An exclusive item for Water-type Pokémon. When kept in the bag, it boosts the Movement Speed of Water-type members that have no status conditions."
xcl_element_water_globe,Aqua Globe,True,xcl,,Species-exclusive Pokemon equipment; no corresponding Digimon-specific item in the reference.,"An exclusive item for Water-type Pokémon. When kept in the bag, it reduces damage done to Water-type members by Grass-type attacks, based on how many are on the team."
xcl_element_water_silk,Blue Silk,True,xcl,,Species-exclusive Pokemon equipment; no corresponding Digimon-specific item in the reference.,"An exclusive item for Water-type Pokémon. When kept in the bag, it slightly boosts the Defense, and Special Defense of Water-type members."
xcl_family_abra_00,Sparkle Ruff,True,xcl,,Species-exclusive Pokemon equipment; no corresponding Digimon-specific item in the reference.,"An exclusive item for the Alakazam family. When kept in the bag, it allows Psychic-type moves to hit Dark-type Pokémon."
xcl_family_abra_01,Kadabra Torc,True,xcl,,Species-exclusive Pokemon equipment; no corresponding Digimon-specific item in the reference.,"An exclusive item for the Kadabra family. When kept in the bag, the effects of wands will spread out like a fan when waved by the Pokémon."
xcl_family_abra_02,Abra Card,True,xcl,,Species-exclusive Pokemon equipment; no corresponding Digimon-specific item in the reference.,"An exclusive item for the Abra family. When kept in the bag, the Pokémon gets an extra 2PP to all of its moves."
xcl_family_abra_03,Abra Beam,True,xcl,,Species-exclusive Pokemon equipment; no corresponding Digimon-specific item in the reference.,"An exclusive item for the Abra family. When kept in the bag, the category of the Pokémon's regular attack is changed from physical to special."
xcl_family_abra_04,Abra Seal,True,xcl,,Species-exclusive Pokemon equipment; no corresponding Digimon-specific item in the reference.,"An exclusive item for the Abra family. When kept in the bag, the Pokémon can traverse water, lava, and pits."
xcl_family_absol_00,Perish Torc,True,xcl,,Species-exclusive Pokemon equipment; no corresponding Digimon-specific item in the reference.,"An exclusive item for Absol. When kept in the bag, the Pokémon's Status moves inflict the Perish Count status."
xcl_family_absol_01,Absol Blade,True,xcl,,Species-exclusive Pokemon equipment; no corresponding Digimon-specific item in the reference.,"An exclusive item for Absol. When kept in the bag, it warps the attackers away when the Pokémon is hit with a Fairy-type move."
xcl_family_absol_02,Absol Claw,True,xcl,,Species-exclusive Pokemon equipment; no corresponding Digimon-specific item in the reference.,"An exclusive item for Absol. When kept in the bag, it reveals the number of items laying on the ground whenever the Pokémon reaches a new floor."
xcl_family_absol_03,Absol Fang,True,xcl,,Species-exclusive Pokemon equipment; no corresponding Digimon-specific item in the reference.,"An exclusive item for Absol. When kept in the bag, the Pokémon's regular attacks and thrown items have a chance to inflict the Perish Count status."
xcl_family_absol_04,Absol Crest,True,xcl,,Species-exclusive Pokemon equipment; no corresponding Digimon-specific item in the reference.,"An exclusive item for Absol. When kept in the bag, the Pokémon's stat-changing moves are spread to allies."
xcl_family_absol_05,Absol Charm,False,xcl,,Species-exclusive Pokemon equipment; no corresponding Digimon-specific item in the reference.,An exclusive item for Absol. 
xcl_family_aerodactyl_00,Old Brooch,True,xcl,,Species-exclusive Pokemon equipment; no corresponding Digimon-specific item in the reference.,"An exclusive item for Aerodactyl. When kept in the bag, it prevents the Pokémon from fainting to Ice-type moves, leaving it with 1 HP."
xcl_family_aerodactyl_01,Aerodactyl Scarf,True,xcl,,Species-exclusive Pokemon equipment; no corresponding Digimon-specific item in the reference.,"An exclusive item for Aerodactyl. When kept in the bag, the Pokémon will damage nearby enemies after defeating an enemy."
xcl_family_aerodactyl_02,Aerodactyl Wing,True,xcl,,Species-exclusive Pokemon equipment; no corresponding Digimon-specific item in the reference.,"An exclusive item for Aerodactyl. When kept in the bag, it allows the Pokémon's regular attack to strike twice."
xcl_family_aerodactyl_03,Aerodactyl Fang,True,xcl,,Species-exclusive Pokemon equipment; no corresponding Digimon-specific item in the reference.,"An exclusive item for Aerodactyl. When kept in the bag, the Pokémon will raise the PP usage of opponents that attack it."
xcl_family_aerodactyl_04,Aerodactyl Jaw,True,xcl,,Species-exclusive Pokemon equipment; no corresponding Digimon-specific item in the reference.,"An exclusive item for Aerodactyl. When kept in the bag, the Pokemon's moves and items that hit in a straight line cannot damage allies."
xcl_family_aipom_00,Ambipom Bow,True,xcl,,Species-exclusive Pokemon equipment; no corresponding Digimon-specific item in the reference.,"An exclusive item for the Ambipom family. When kept in the bag, it allows Normal-type moves to hit Ghost-type Pokémon."
xcl_family_aipom_01,Ambipom Scarf,True,xcl,,Species-exclusive Pokemon equipment; no corresponding Digimon-specific item in the reference.,"An exclusive item for the Ambipom family. When kept in the bag, the Pokémon will be able to move again after defeating an enemy."
xcl_family_aipom_02,Aipom Card,True,xcl,,Species-exclusive Pokemon equipment; no corresponding Digimon-specific item in the reference.,"An exclusive item for the Aipom family. When kept in the bag, the Pokémon gets an extra 2PP to all of its moves."
xcl_family_aipom_03,Aipom Claw,True,xcl,,Species-exclusive Pokemon equipment; no corresponding Digimon-specific item in the reference.,"An exclusive item for the Aipom family. When kept in the bag, the Pokémon will not take damage from counter attacks."
xcl_family_amaura_00,Aurorus Bangle,True,xcl,,Species-exclusive Pokemon equipment; no corresponding Digimon-specific item in the reference.,"An exclusive item for the Aurorus family. When kept in the bag, it prevents the Pokémon from fainting to Fighting-type moves, leaving it with 1 HP."
xcl_family_amaura_01,Aurorus Collar,True,xcl,,Species-exclusive Pokemon equipment; no corresponding Digimon-specific item in the reference.,"An exclusive item for the Aurorus family. When kept in the bag, it partially reveals the floor's layout the Pokémon reaches a new floor."
xcl_family_amaura_02,Amaura Tail,True,xcl,,Species-exclusive Pokemon equipment; no corresponding Digimon-specific item in the reference.,"An exclusive item for the Amaura family. When kept in the bag, the Pokémon will do increased damage if its previous move missed."
xcl_family_amaura_03,Amaura Card,True,xcl,,Species-exclusive Pokemon equipment; no corresponding Digimon-specific item in the reference.,"An exclusive item for the Amaura family. When kept in the bag, the Pokémon takes reduced damage from multiple attacks in a turn."
xcl_family_amaura_04,Amaura Rock,True,xcl,,Species-exclusive Pokemon equipment; no corresponding Digimon-specific item in the reference.,"An exclusive item for the Amaura family. When kept in the bag, the Pokémon will step in to take Ice-type attacks for nearby allies."
xcl_family_anorith_00,Rigid Cape,True,xcl,,Species-exclusive Pokemon equipment; no corresponding Digimon-specific item in the reference.,"An exclusive item for the Armaldo family. When kept in the bag, the Pokémon's Bug-type moves are boosted."
xcl_family_anorith_01,Armaldo Mantle,True,xcl,,Species-exclusive Pokemon equipment; no corresponding Digimon-specific item in the reference.,"An exclusive item for the Armaldo family. When kept in the bag, the Pokémon is more likely to evade attacks from far away."
xcl_family_anorith_02,Anorith Claw,True,xcl,,Species-exclusive Pokemon equipment; no corresponding Digimon-specific item in the reference.,"An exclusive item for the Anorith family. When kept in the bag, the Pokémon can traverse water."
xcl_family_anorith_03,Anorith Card,True,xcl,,Species-exclusive Pokemon equipment; no corresponding Digimon-specific item in the reference.,"An exclusive item for the Anorith family. When kept in the bag, the Pokémon's attacks never miss and always land a critical hit if all moves have the same PP."
xcl_family_anorith_04,Anorith Crest,True,xcl,,Species-exclusive Pokemon equipment; no corresponding Digimon-specific item in the reference.,"An exclusive item for the Anorith family. When kept in the bag, the Pokemon's moves and items that hit in a straight line cannot damage allies."
xcl_family_applin_00,Appletun Helmet,True,xcl,,Species-exclusive Pokemon equipment; no corresponding Digimon-specific item in the reference.,"An exclusive item for Appletun. When kept in the bag, the Pokémon will step in to take Water-type attacks for nearby allies."
xcl_family_applin_01,Appletun Guard,True,xcl,,Species-exclusive Pokemon equipment; no corresponding Digimon-specific item in the reference.,"An exclusive item for Applin, and Appletun. When kept in the bag, the Pokémon will regain HP after defeating an enemy."
xcl_family_applin_02,Flapple Glasses,True,xcl,,Species-exclusive Pokemon equipment; no corresponding Digimon-specific item in the reference.,"An exclusive item for Flapple. When kept in the bag, the Pokémon will be able to move again after defeating an enemy."
xcl_family_applin_03,Flapple Ring,True,xcl,,Species-exclusive Pokemon equipment; no corresponding Digimon-specific item in the reference.,"An exclusive item for Applin, and Flapple. When kept in the bag, the Pokémon's moves will destroy traps."
xcl_family_applin_04,Applin Seal,True,xcl,,Species-exclusive Pokemon equipment; no corresponding Digimon-specific item in the reference.,"An exclusive item for the Applin family. When kept in the bag, the Pokémon can traverse water, lava, and pits."
xcl_family_applin_05,Applin Dew,True,xcl,,Species-exclusive Pokemon equipment; no corresponding Digimon-specific item in the reference.,"An exclusive item for the Applin family. When kept in the bag, it restores the PP of a move when the Pokémon reaches a new floor."
xcl_family_applin_06,Applin Drool,True,xcl,,Species-exclusive Pokemon equipment; no corresponding Digimon-specific item in the reference.,"An exclusive item for the Applin family. When kept in the bag, the Pokémon will do increased damage if its previous move missed."
xcl_family_archen_00,Archeops Armlet,False,xcl,,Species-exclusive Pokemon equipment; no corresponding Digimon-specific item in the reference.,"An exclusive item for the Archeops family. When kept in the bag, the Pokémon's Dragon-type moves are boosted."
xcl_family_archen_01,Archeops Crest,False,xcl,,Species-exclusive Pokemon equipment; no corresponding Digimon-specific item in the reference.,"An exclusive item for the Archeops family. When kept in the bag, the Pokémon's Physical moves may increase the user's Movement Speed."
xcl_family_archen_02,Archen Claw,False,xcl,,Species-exclusive Pokemon equipment; no corresponding Digimon-specific item in the reference.,"An exclusive item for the Archen family. When kept in the bag, it raises the critical-hit ratio of not-very-effective hits."
xcl_family_archen_03,Archen Wing,False,xcl,,Species-exclusive Pokemon equipment; no corresponding Digimon-specific item in the reference.,"An exclusive item for the Archen family. When kept in the bag, the Pokémon will raise the PP usage of opponents that attack it."
xcl_family_archen_04,Archen Rock,False,xcl,,Species-exclusive Pokemon equipment; no corresponding Digimon-specific item in the reference.,"An exclusive item for the Archen family. When kept in the bag, the Pokémon will damage nearby enemies after defeating an enemy."
xcl_family_aron_00,Iron Helmet,True,xcl,,Species-exclusive Pokemon equipment; no corresponding Digimon-specific item in the reference.,"An exclusive item for the Aggron family. When kept in the bag, it prevents the Pokémon from fainting to Ground-type moves, leaving it with 1 HP."
xcl_family_aron_01,Lairon Armor,True,xcl,,Species-exclusive Pokemon equipment; no corresponding Digimon-specific item in the reference.,"An exclusive item for the Lairon family. When kept in the bag, the Pokémon will damage nearby enemies after defeating an enemy."
xcl_family_aron_02,Aron Card,True,xcl,,Species-exclusive Pokemon equipment; no corresponding Digimon-specific item in the reference.,"An exclusive item for the Aron family. When kept in the bag, the Pokémon's regular attack cannot miss."
xcl_family_aron_03,Aron Claw,True,xcl,,Species-exclusive Pokemon equipment; no corresponding Digimon-specific item in the reference.,"An exclusive item for the Aron family. When kept in the bag, the Pokémon can traverse lava without being burned."
xcl_family_aron_04,Aron Guard,True,xcl,,Species-exclusive Pokemon equipment; no corresponding Digimon-specific item in the reference.,"An exclusive item for the Aron family. When kept in the bag, the Pokémon will step in to take Dragon-type attacks for nearby allies."
xcl_family_audino_00,Audino Scarf,True,xcl,,Species-exclusive Pokemon equipment; no corresponding Digimon-specific item in the reference.,"An exclusive item for Audino. When kept in the bag, it restores the PP of all moves when the Pokémon reaches a new floor."
xcl_family_audino_01,Audino Tiara,True,xcl,,Species-exclusive Pokemon equipment; no corresponding Digimon-specific item in the reference.,"An exclusive item for Audino. When kept in the bag, the Pokémon will gradually restore the HP of its allies when its own HP is full."
xcl_family_audino_02,Audino Song,True,xcl,,Species-exclusive Pokemon equipment; no corresponding Digimon-specific item in the reference.,"An exclusive item for Audino. When kept in the bag, the Pokémon is more likely to evade attacks when at low HP."
xcl_family_audino_03,Audino Card,True,xcl,,Species-exclusive Pokemon equipment; no corresponding Digimon-specific item in the reference.,"An exclusive item for Audino. When kept in the bag, the Pokémon has a higher chance of recruiting wild Pokémon."
xcl_family_audino_04,Audino Guard,True,xcl,,Species-exclusive Pokemon equipment; no corresponding Digimon-specific item in the reference.,"An exclusive item for Audino. When kept in the bag, the Pokémon's natural HP-recovery speed is boosted."
xcl_family_axew_00,Haxorus Bangle,False,xcl,,Species-exclusive Pokemon equipment; no corresponding Digimon-specific item in the reference.,"An exclusive item for the Haxorus family. When kept in the bag, the Pokémon's Dark-type moves are boosted."
xcl_family_axew_01,Fraxure Jaw,False,xcl,,Species-exclusive Pokemon equipment; no corresponding Digimon-specific item in the reference.,"An exclusive item for the Fraxure family. When kept in the bag, the Pokémon gains the Focus Energy status after using a Status move."
xcl_family_axew_02,Axew Fang,False,xcl,,Species-exclusive Pokemon equipment; no corresponding Digimon-specific item in the reference.,"An exclusive item for the Axew family. When kept in the bag, it allows the Pokémon's regular attack to strike twice."
xcl_family_axew_03,Axew Horn,False,xcl,,Species-exclusive Pokemon equipment; no corresponding Digimon-specific item in the reference.,"An exclusive item for the Axew family. When kept in the bag, the Pokémon will do increased damage if its previous move missed."
xcl_family_axew_04,Axew Rock,False,xcl,,Species-exclusive Pokemon equipment; no corresponding Digimon-specific item in the reference.,"An exclusive item for the Axew family. When kept in the bag, the Pokémon's attacks never miss and always land a critical hit if all moves have the same PP."
xcl_family_bagon_00,Salamence Cape,True,xcl,,Species-exclusive Pokemon equipment; no corresponding Digimon-specific item in the reference.,"An exclusive item for the Salamence family. When kept in the bag, it allows Dragon-type moves to hit Fairy-type Pokémon."
xcl_family_bagon_01,Outlast Bow,True,xcl,,Species-exclusive Pokemon equipment; no corresponding Digimon-specific item in the reference.,"An exclusive item for the Shelgon family. When kept in the bag, the Pokémon is more likely to evade attacks from far away."
xcl_family_bagon_02,Bagon Fang,True,xcl,,Species-exclusive Pokemon equipment; no corresponding Digimon-specific item in the reference.,"An exclusive item for the Bagon family. When kept in the bag, items thrown by the Pokémon will pierce through enemies."
xcl_family_bagon_03,Bagon Claw,True,xcl,,Species-exclusive Pokemon equipment; no corresponding Digimon-specific item in the reference.,"An exclusive item for the Bagon family. When kept in the bag, the Pokémon's attacks never miss and always land a critical hit if all moves have the same PP."
xcl_family_baltoy_00,Claydol Torc,True,xcl,,Species-exclusive Pokemon equipment; no corresponding Digimon-specific item in the reference.,"An exclusive item for the Claydol family. When kept in the bag, the Pokémon will recover from status effects after defeating an enemy."
xcl_family_baltoy_01,Claydol Specs,True,xcl,,Species-exclusive Pokemon equipment; no corresponding Digimon-specific item in the reference.,"An exclusive item for the Claydol family. When kept in the bag, the Pokémon is more likely to evade attacks from far away."
xcl_family_baltoy_02,Baltoy Mud,True,xcl,,Species-exclusive Pokemon equipment; no corresponding Digimon-specific item in the reference.,"An exclusive item for the Baltoy family. When kept in the bag, the Pokémon gives back recovered HP when it is healed by another Pokémon."
xcl_family_baltoy_03,Baltoy Beam,True,xcl,,Species-exclusive Pokemon equipment; no corresponding Digimon-specific item in the reference.,"An exclusive item for the Baltoy family. When kept in the bag, the Pokémon will more easily dodge attacks if its previous move missed."
xcl_family_baltoy_04,Baltoy Brooch,False,xcl,,Species-exclusive Pokemon equipment; no corresponding Digimon-specific item in the reference.,An exclusive item for the Baltoy family. 
xcl_family_barboach_00,Whiscash Bow,True,xcl,,Species-exclusive Pokemon equipment; no corresponding Digimon-specific item in the reference.,"An exclusive item for the Whiscash family. When kept in the bag, the Pokémon cannot damage allies with its moves."
xcl_family_barboach_01,Whiscash Glasses,True,xcl,,Species-exclusive Pokemon equipment; no corresponding Digimon-specific item in the reference.,"An exclusive item for the Whiscash family. When kept in the bag, the Pokémon is more likely to evade attacks from close up."
xcl_family_barboach_02,Barboach Mud,True,xcl,,Species-exclusive Pokemon equipment; no corresponding Digimon-specific item in the reference.,"An exclusive item for the Barboach family. When kept in the bag, it restores the PP of a move when the Pokémon reaches a new floor."
xcl_family_barboach_03,Barboach Card,True,xcl,,Species-exclusive Pokemon equipment; no corresponding Digimon-specific item in the reference.,"An exclusive item for the Barboach family. When kept in the bag, the Pokémon's attacks never miss and always land a critical hit if all moves have the same PP."
xcl_family_barboach_04,Barboach Pebble,False,xcl,,Species-exclusive Pokemon equipment; no corresponding Digimon-specific item in the reference.,An exclusive item for the Barboach family. 
xcl_family_beldum_00,Metagross Torc,True,xcl,,Species-exclusive Pokemon equipment; no corresponding Digimon-specific item in the reference.,"An exclusive item for the Metagross family. When kept in the bag, it inflicts the Cringing status on the attacker when the Pokémon is hit with a Fire-type move."
xcl_family_beldum_01,Metang Scarf,True,xcl,,Species-exclusive Pokemon equipment; no corresponding Digimon-specific item in the reference.,"An exclusive item for the Metang family. When kept in the bag, the Pokémon can traverse water, lava, and pits."
xcl_family_beldum_02,Beldum Claw,True,xcl,,Species-exclusive Pokemon equipment; no corresponding Digimon-specific item in the reference.,"An exclusive item for the Beldum family. When kept in the bag, the Pokémon will be able to move when asleep."
xcl_family_beldum_03,Beldum Card,True,xcl,,Species-exclusive Pokemon equipment; no corresponding Digimon-specific item in the reference.,"An exclusive item for the Beldum family. When kept in the bag, moves used on the Pokémon are more intensely affected by type match-ups."
xcl_family_bellsprout_00,Victreebel Torc,True,xcl,,Species-exclusive Pokemon equipment; no corresponding Digimon-specific item in the reference.,"An exclusive item for the Victreebel family. When kept in the bag, it inflicts the Immobilized status on the attacker when the Pokémon is hit with a Flying-type move."
xcl_family_bellsprout_01,Digest Scarf,True,xcl,,Species-exclusive Pokemon equipment; no corresponding Digimon-specific item in the reference.,"An exclusive item for the Weepinbell family. When kept in the bag, the Pokémon can traverse water, lava, and pits."
xcl_family_bellsprout_02,Bellsprout Leaf,True,xcl,,Species-exclusive Pokemon equipment; no corresponding Digimon-specific item in the reference.,"An exclusive item for the Bellsprout family. When kept in the bag, it raises the critical-hit ratio of not-very-effective hits."
xcl_family_bellsprout_03,Bellsprout Branch,True,xcl,,Species-exclusive Pokemon equipment; no corresponding Digimon-specific item in the reference.,"An exclusive item for the Bellsprout family. When kept in the bag, it restores the PP of a move when the Pokémon reaches a new floor."
xcl_family_bellsprout_04,Bellsprout Charm,True,xcl,,Species-exclusive Pokemon equipment; no corresponding Digimon-specific item in the reference.,"An exclusive item for the Bellsprout family. When kept in the bag, the Pokémon's HP is restored when it eats a food item."
xcl_family_bidoof_00,Dam Scarf,True,xcl,,Species-exclusive Pokemon equipment; no corresponding Digimon-specific item in the reference.,"An exclusive item for the Bibarel family. When kept in the bag, some of the Pokémon's moves will fill water, lava, and pits."
xcl_family_bidoof_01,Bibarel Band,True,xcl,,Species-exclusive Pokemon equipment; no corresponding Digimon-specific item in the reference.,"An exclusive item for the Bibarel family. When kept in the bag, the Pokémon recovers faster from status problems."
xcl_family_bidoof_02,Bidoof Tooth,True,xcl,,Species-exclusive Pokemon equipment; no corresponding Digimon-specific item in the reference.,"An exclusive item for the Bidoof family. When kept in the bag, the Pokémon's PP cannot be lowered by the moves and abilities of opposing Pokémon."
xcl_family_bidoof_03,Bidoof Card,True,xcl,,Species-exclusive Pokemon equipment; no corresponding Digimon-specific item in the reference.,"An exclusive item for the Bidoof family. When kept in the bag, the Pokémon is more likely to evade attacks when at low HP."
xcl_family_bidoof_04,Fall Charm,True,xcl,,Species-exclusive Pokemon equipment; no corresponding Digimon-specific item in the reference.,"An exclusive item for the Bidoof family. When kept in the bag, it reveals the direction of the staircase whenever the Pokémon reaches a new floor."
xcl_family_bidoof_05,River Charm,False,xcl,,Species-exclusive Pokemon equipment; no corresponding Digimon-specific item in the reference.,An exclusive item for the Bibarel family. 
xcl_family_binacle_00,Barbaracle Armor,False,xcl,,Species-exclusive Pokemon equipment; no corresponding Digimon-specific item in the reference.,"An exclusive item for the Barbaracle family. When kept in the bag, it inflicts the Immobilized status on the attacker when the Pokémon is hit with a Grass-type move."
xcl_family_binacle_01,Barbaracle Rock,False,xcl,,Species-exclusive Pokemon equipment; no corresponding Digimon-specific item in the reference.,"An exclusive item for the Barbaracle family. When kept in the bag, the Pokémon will recover from status effects after defeating an enemy."
xcl_family_binacle_02,Binacle Card,False,xcl,,Species-exclusive Pokemon equipment; no corresponding Digimon-specific item in the reference.,"An exclusive item for the Binacle family. When kept in the bag, the Pokémon is prevented from being forced off its location."
xcl_family_binacle_03,Binacle Claw,False,xcl,,Species-exclusive Pokemon equipment; no corresponding Digimon-specific item in the reference.,"An exclusive item for the Binacle family. When kept in the bag, it allows the Pokémon's regular attack to strike twice."
xcl_family_binacle_04,Binacle Guard,False,xcl,,Species-exclusive Pokemon equipment; no corresponding Digimon-specific item in the reference.,"An exclusive item for the Binacle family. When kept in the bag, the Pokémon is more likely to evade attacks from far away."
xcl_family_bird_trio_00,Freeze Veil,True,xcl,,Species-exclusive Pokemon equipment; no corresponding Digimon-specific item in the reference.,"An exclusive item for Articuno. When kept in the bag, the Pokémon's Flying-type moves have a chance to inflict the Frozen status."
xcl_family_bird_trio_01,Articuno Scarf,True,xcl,,Species-exclusive Pokemon equipment; no corresponding Digimon-specific item in the reference.,"An exclusive item for Articuno. When kept in the bag, the Pokémon will be able to move again after defeating an enemy."
xcl_family_bird_trio_02,Articuno Crest,True,xcl,,Species-exclusive Pokemon equipment; no corresponding Digimon-specific item in the reference.,"An exclusive item for Articuno. When kept in the bag, stat changes inflicted on the Pokémon are passed to the Pokémon that caused it."
xcl_family_bird_trio_03,Thunder Veil,True,xcl,,Species-exclusive Pokemon equipment; no corresponding Digimon-specific item in the reference.,"An exclusive item for Zapdos. When kept in the bag, the Pokémon's Flying-type moves have a chance to inflict the Paralyzed status."
xcl_family_bird_trio_04,Zapdos Crown,True,xcl,,Species-exclusive Pokemon equipment; no corresponding Digimon-specific item in the reference.,"An exclusive item for Zapdos. When kept in the bag, the Pokémon will regain HP after defeating an enemy."
xcl_family_bird_trio_05,Zapdos Crest,True,xcl,,Species-exclusive Pokemon equipment; no corresponding Digimon-specific item in the reference.,"An exclusive item for Zapdos. When kept in the bag, the Pokemon's moves and items that hit in a straight line cannot damage allies."
xcl_family_bird_trio_06,Fire Veil,True,xcl,,Species-exclusive Pokemon equipment; no corresponding Digimon-specific item in the reference.,"An exclusive item for Moltres. When kept in the bag, the Pokémon's Flying-type moves have a chance to inflict the Burned status."
xcl_family_bird_trio_07,Moltres Cape,True,xcl,,Species-exclusive Pokemon equipment; no corresponding Digimon-specific item in the reference.,"An exclusive item for Moltres. When kept in the bag, the Pokémon will damage nearby enemies after defeating an enemy."
xcl_family_bird_trio_08,Moltres Crest,True,xcl,,Species-exclusive Pokemon equipment; no corresponding Digimon-specific item in the reference.,"An exclusive item for Moltres. When kept in the bag, it raises the critical-hit ratio of super-effective hits."
xcl_family_bird_trio_09,Mystery Wing,True,xcl,,Species-exclusive Pokemon equipment; no corresponding Digimon-specific item in the reference.,"An exclusive item for Articuno, Zapdos, and Moltres. When kept in the bag, the effects of wands will fly in an arc when waved by the Pokémon."
xcl_family_bird_trio_10,Mystery Card,True,xcl,,Species-exclusive Pokemon equipment; no corresponding Digimon-specific item in the reference.,"An exclusive item for Articuno, Zapdos, and Moltres. When kept in the bag, the Pokémon's attacks never miss and always land a critical hit if all moves have the same PP."
xcl_family_bird_trio_11,Mystery Seal,True,xcl,,Species-exclusive Pokemon equipment; no corresponding Digimon-specific item in the reference.,"An exclusive item for Articuno, Zapdos, and Moltres. When kept in the bag, the Pokémon will counter damage from regular attacks and thrown items."
xcl_family_blacephalon_00,Ultra Balloon,True,xcl,,Species-exclusive Pokemon equipment; no corresponding Digimon-specific item in the reference.,"An exclusive item for Blacephalon. When kept in the bag, the Pokémon's regular attack explodes outwards with splash damage."
xcl_family_blacephalon_01,Blacephalon Brooch,True,xcl,,Species-exclusive Pokemon equipment; no corresponding Digimon-specific item in the reference.,"An exclusive item for Blacephalon. When kept in the bag, the Pokémon will be able to move again after defeating an enemy."
xcl_family_blacephalon_02,Blacephalon Shoot,True,xcl,,Species-exclusive Pokemon equipment; no corresponding Digimon-specific item in the reference.,"An exclusive item for Blacephalon. When kept in the bag, the Pokémon's moves are more intensely affected by type match-ups."
xcl_family_blacephalon_03,Blacephalon Card,True,xcl,,Species-exclusive Pokemon equipment; no corresponding Digimon-specific item in the reference.,"An exclusive item for Blacephalon. When kept in the bag, the Pokémon will take reduced damage from explosions and splash damage."
xcl_family_bounsweet_00,Tsareena Tiara,True,xcl,,Species-exclusive Pokemon equipment; no corresponding Digimon-specific item in the reference.,"An exclusive item for the Tsareena family. When kept in the bag, it reduces damage done by Flying-type attacks."
xcl_family_bounsweet_01,Steenee Jewel,True,xcl,,Species-exclusive Pokemon equipment; no corresponding Digimon-specific item in the reference.,"An exclusive item for the Steenee family. When kept in the bag, the Pokémon will be able to move again after defeating an enemy."
xcl_family_bounsweet_02,Bounsweet Sweat,True,xcl,,Species-exclusive Pokemon equipment; no corresponding Digimon-specific item in the reference.,"An exclusive item for the Bounsweet family. When kept in the bag, moves used on the Pokémon are more intensely affected by type match-ups."
xcl_family_bounsweet_03,Bounsweet Leaf,True,xcl,,Species-exclusive Pokemon equipment; no corresponding Digimon-specific item in the reference.,"An exclusive item for the Bounsweet family. When kept in the bag, the Pokémon is more likely to evade attacks when at low HP."
xcl_family_bounsweet_04,Bounsweet Branch,True,xcl,,Species-exclusive Pokemon equipment; no corresponding Digimon-specific item in the reference.,"An exclusive item for the Bounsweet family. When kept in the bag, the Pokémon will counter damage from regular attacks and thrown items."
xcl_family_bronzor_00,Mirror Torc,True,xcl,,Species-exclusive Pokemon equipment; no corresponding Digimon-specific item in the reference.,"An exclusive item for the Bronzong family. When kept in the bag, it warps the attackers away when the Pokémon is hit with a Dark-type move."
xcl_family_bronzor_01,Bronzong Brooch,True,xcl,,Species-exclusive Pokemon equipment; no corresponding Digimon-specific item in the reference.,"An exclusive item for the Bronzong family. When kept in the bag, the Pokémon becomes immune to the Frozen status."
xcl_family_bronzor_02,Bronzor Beam,True,xcl,,Species-exclusive Pokemon equipment; no corresponding Digimon-specific item in the reference.,"An exclusive item for the Bronzor family. When kept in the bag, the Pokémon's regular attack cannot miss."
xcl_family_bronzor_03,Bronzor Card,True,xcl,,Species-exclusive Pokemon equipment; no corresponding Digimon-specific item in the reference.,"An exclusive item for the Bronzor family. When kept in the bag, the Pokémon is prevented from being forced off its location."
xcl_family_bruxish_00,Bruxish Tiara,True,xcl,,Species-exclusive Pokemon equipment; no corresponding Digimon-specific item in the reference.,"An exclusive item for Bruxish. When kept in the bag, the Pokémon's Psychic-type moves have a chance to inflict the Cringing status."
xcl_family_bruxish_01,Bruxish Jaw,True,xcl,,Species-exclusive Pokemon equipment; no corresponding Digimon-specific item in the reference.,"An exclusive item for Bruxish. When kept in the bag, the Pokémon will be able to move again after defeating an enemy."
xcl_family_bruxish_02,Bruxish Card,True,xcl,,Species-exclusive Pokemon equipment; no corresponding Digimon-specific item in the reference.,"An exclusive item for Bruxish. When kept in the bag, the Pokémon's regular attack cannot miss."
xcl_family_bruxish_03,Bruxish Fang,True,xcl,,Species-exclusive Pokemon equipment; no corresponding Digimon-specific item in the reference.,"An exclusive item for Bruxish. When kept in the bag, it raises the critical-hit ratio of super-effective hits."
xcl_family_buizel_00,Float Aid,True,xcl,,Species-exclusive Pokemon equipment; no corresponding Digimon-specific item in the reference.,"An exclusive item for the Floatzel family. When kept in the bag, the Pokémon's Attack Range is increased when the floor has the Rain status."
xcl_family_buizel_01,Floatzel Torc,True,xcl,,Species-exclusive Pokemon equipment; no corresponding Digimon-specific item in the reference.,"An exclusive item for the Floatzel family. When kept in the bag, the Pokémon will be able to move again after defeating an enemy."
xcl_family_buizel_02,Buizel Fang,True,xcl,,Species-exclusive Pokemon equipment; no corresponding Digimon-specific item in the reference.,"An exclusive item for the Buizel family. When kept in the bag, the Pokémon's regular attacks and thrown items have a chance to inflict the Whirlpool status."
xcl_family_buizel_03,Buizel Card,True,xcl,,Species-exclusive Pokemon equipment; no corresponding Digimon-specific item in the reference.,"An exclusive item for the Buizel family. When kept in the bag, the Pokémon's regular attack will hit the front and sides."
xcl_family_buizel_04,Swimmer Rock,True,xcl,,Species-exclusive Pokemon equipment; no corresponding Digimon-specific item in the reference.,"An exclusive item for the Buizel family. When kept in the bag, it reveals the direction of the staircase whenever the Pokémon reaches a new floor."
xcl_family_buizel_05,Rescue Rock,False,xcl,,Species-exclusive Pokemon equipment; no corresponding Digimon-specific item in the reference.,An exclusive item for the Floatzel family. 
xcl_family_bulbasaur_00,Solar Sash,True,xcl,,Species-exclusive Pokemon equipment; no corresponding Digimon-specific item in the reference.,"An exclusive item for the Venusaur family. When kept in the bag, it reduces damage done by Ice-type attacks."
xcl_family_bulbasaur_01,Plant Torc,True,xcl,,Species-exclusive Pokemon equipment; no corresponding Digimon-specific item in the reference.,"An exclusive item for the Ivysaur family. When kept in the bag, the Pokémon cannot damage allies with its moves."
xcl_family_bulbasaur_02,Bulbasaur Claw,True,xcl,,Species-exclusive Pokemon equipment; no corresponding Digimon-specific item in the reference.,"An exclusive item for the Bulbasaur family. When kept in the bag, it restores the PP of a move when the Pokémon reaches a new floor."
xcl_family_bulbasaur_03,Bulbasaur Fang,True,xcl,,Species-exclusive Pokemon equipment; no corresponding Digimon-specific item in the reference.,"An exclusive item for the Bulbasaur family. When kept in the bag, the Pokémon takes reduced damage from multiple attacks in a turn."
xcl_family_bulbasaur_04,Grass Guard,True,xcl,,Species-exclusive Pokemon equipment; no corresponding Digimon-specific item in the reference.,"An exclusive item for the Bulbasaur family. When kept in the bag, status problems inflicted on the Pokémon are passed to the Pokémon that caused it."
xcl_family_bulbasaur_05,Ivysaur Crest,False,xcl,,Species-exclusive Pokemon equipment; no corresponding Digimon-specific item in the reference.,An exclusive item for the Ivysaur family. 
xcl_family_buneary_00,Allure Coat,True,xcl,,Species-exclusive Pokemon equipment; no corresponding Digimon-specific item in the reference.,"An exclusive item for the Lopunny family. When kept in the bag, the Pokémon's Fighting-type moves are boosted."
xcl_family_buneary_01,Lopunny Ruff,True,xcl,,Species-exclusive Pokemon equipment; no corresponding Digimon-specific item in the reference.,"An exclusive item for the Lopunny family. When kept in the bag, the Pokémon will gradually restore the HP of its allies when its own HP is full."
xcl_family_buneary_02,Buneary Hair,True,xcl,,Species-exclusive Pokemon equipment; no corresponding Digimon-specific item in the reference.,"An exclusive item for the Buneary family. When kept in the bag, stat changes inflicted on the Pokémon are passed to the Pokémon that caused it."
xcl_family_buneary_03,Buneary Card,True,xcl,,Species-exclusive Pokemon equipment; no corresponding Digimon-specific item in the reference.,"An exclusive item for the Buneary family. When kept in the bag, the Pokémon gives back recovered HP when it is healed by another Pokémon."
xcl_family_buneary_04,Buneary Crest,True,xcl,,Species-exclusive Pokemon equipment; no corresponding Digimon-specific item in the reference.,"An exclusive item for the Buneary family. When kept in the bag, the Pokemon's moves and items that hit in a straight line cannot damage allies."
xcl_family_burmy_00,Mothim Bow,True,xcl,,Species-exclusive Pokemon equipment; no corresponding Digimon-specific item in the reference.,"An exclusive item for the Mothim family. When kept in the bag, the Pokémon's stat-changing moves are spread to allies."
xcl_family_burmy_01,Wormadam Bow,True,xcl,,Species-exclusive Pokemon equipment; no corresponding Digimon-specific item in the reference.,"An exclusive item for the Wormadam family. When kept in the bag, the Pokémon gains the Protect status after using a Status move."
xcl_family_burmy_02,Burmy Branch,True,xcl,,Species-exclusive Pokemon equipment; no corresponding Digimon-specific item in the reference.,"An exclusive item for the Burmy family. When kept in the bag, it raises the critical-hit ratio of not-very-effective hits."
xcl_family_burmy_03,Burmy Leaf,True,xcl,,Species-exclusive Pokemon equipment; no corresponding Digimon-specific item in the reference.,"An exclusive item for the Burmy family. When kept in the bag, the Pokémon is prevented from being forced off its location."
xcl_family_burmy_04,Burmy Crest,True,xcl,,Species-exclusive Pokemon equipment; no corresponding Digimon-specific item in the reference.,"An exclusive item for the Burmy family. When kept in the bag, the Pokémon's natural HP-recovery speed is boosted."
xcl_family_burmy_05,Burmy Charm,False,xcl,,Species-exclusive Pokemon equipment; no corresponding Digimon-specific item in the reference.,"An exclusive item for the Burmy family. When kept in the bag, the Pokémon can traverse water, lava, and pits."
xcl_family_buzzwole_00,Ultra Band,False,xcl,,Species-exclusive Pokemon equipment; no corresponding Digimon-specific item in the reference.,"An exclusive item for Buzzwole. When kept in the bag, some of the Pokémon's moves will break walls."
xcl_family_buzzwole_01,Buzzwole Medal,False,xcl,,Species-exclusive Pokemon equipment; no corresponding Digimon-specific item in the reference.,"An exclusive item for Buzzwole. When kept in the bag, the Pokémon will regain HP after defeating an enemy."
xcl_family_buzzwole_02,Buzzwole Horn,False,xcl,,Species-exclusive Pokemon equipment; no corresponding Digimon-specific item in the reference.,"An exclusive item for Buzzwole. When kept in the bag, the Pokémon becomes extremely likely to avoid Flying-type attacks."
xcl_family_buzzwole_03,Buzzwole Wing,False,xcl,,Species-exclusive Pokemon equipment; no corresponding Digimon-specific item in the reference.,"An exclusive item for Buzzwole. When kept in the bag, the Pokémon will damage nearby enemies after defeating an enemy."
xcl_family_cacnea_00,Cacturne Hat,True,xcl,,Species-exclusive Pokemon equipment; no corresponding Digimon-specific item in the reference.,"An exclusive item for the Cacturne family. When kept in the bag, the Pokémon's Attack Range is increased when the floor has the Sandstorm status."
xcl_family_cacnea_01,Cacturne Torc,True,xcl,,Species-exclusive Pokemon equipment; no corresponding Digimon-specific item in the reference.,"An exclusive item for the Cacturne family. When kept in the bag, the Pokémon's natural HP-recovery speed is boosted."
xcl_family_cacnea_02,Cacnea Card,True,xcl,,Species-exclusive Pokemon equipment; no corresponding Digimon-specific item in the reference.,"An exclusive item for the Cacnea family. When kept in the bag, the Pokémon's regular attacks and thrown items have a chance to inflict the Leech Seed status."
xcl_family_cacnea_03,Cacnea Thorn,True,xcl,,Species-exclusive Pokemon equipment; no corresponding Digimon-specific item in the reference.,"An exclusive item for the Cacnea family. When kept in the bag, items thrown by the Pokémon will pierce through enemies."
xcl_family_carbink_00,Carbink Ruff,True,xcl,,Species-exclusive Pokemon equipment; no corresponding Digimon-specific item in the reference.,"An exclusive item for Carbink. When kept in the bag, the Pokémon will step in to take Dragon-type attacks for nearby allies."
xcl_family_carbink_01,Carbink Jewel,True,xcl,,Species-exclusive Pokemon equipment; no corresponding Digimon-specific item in the reference.,"An exclusive item for Carbink. When kept in the bag, the Pokémon can traverse water, lava, and pits."
xcl_family_carbink_02,Carbink Beam,True,xcl,,Species-exclusive Pokemon equipment; no corresponding Digimon-specific item in the reference.,"An exclusive item for Carbink. When kept in the bag, the Pokémon is prevented from being forced off its location."
xcl_family_carbink_03,Carbink Card,True,xcl,,Species-exclusive Pokemon equipment; no corresponding Digimon-specific item in the reference.,"An exclusive item for Carbink. When kept in the bag, the Pokémon gives back recovered HP when it is healed by another Pokémon."
xcl_family_carnivine_00,Carnivine Bow,True,xcl,,Species-exclusive Pokemon equipment; no corresponding Digimon-specific item in the reference.,"An exclusive item for Carnivine. When kept in the bag, it restores the PP of all moves when the Pokémon reaches a new floor."
xcl_family_carnivine_01,Carnivine Belt,True,xcl,,Species-exclusive Pokemon equipment; no corresponding Digimon-specific item in the reference.,"An exclusive item for Carnivine. When kept in the bag, the Pokémon gets an extra 3PP to all of its moves."
xcl_family_carnivine_02,Carnivine Fang,True,xcl,,Species-exclusive Pokemon equipment; no corresponding Digimon-specific item in the reference.,"An exclusive item for Carnivine. When kept in the bag, the Pokémon's PP cannot be lowered by the moves and abilities of opposing Pokémon."
xcl_family_carnivine_03,Carnivine Card,True,xcl,,Species-exclusive Pokemon equipment; no corresponding Digimon-specific item in the reference.,"An exclusive item for Carnivine. When kept in the bag, the Pokémon will do increased damage if its previous move missed."
xcl_family_carnivine_04,Carnivine Crest,True,xcl,,Species-exclusive Pokemon equipment; no corresponding Digimon-specific item in the reference.,"An exclusive item for Carnivine. When kept in the bag, it causes the Pokémon's regular attack to remove the target's ability."
xcl_family_carvanha_00,Vicious Bow,True,xcl,,Species-exclusive Pokemon equipment; no corresponding Digimon-specific item in the reference.,"An exclusive item for the Sharpedo family. When kept in the bag, some of the Pokémon's moves will break walls."
xcl_family_carvanha_01,Sharpedo Armor,True,xcl,,Species-exclusive Pokemon equipment; no corresponding Digimon-specific item in the reference.,"An exclusive item for the Sharpedo family. When kept in the bag, the Pokémon will damage nearby enemies after defeating an enemy."
xcl_family_carvanha_02,Carvanha Card,True,xcl,,Species-exclusive Pokemon equipment; no corresponding Digimon-specific item in the reference.,"An exclusive item for the Carvanha family. When kept in the bag, the Pokémon will not take damage from counter attacks."
xcl_family_carvanha_03,Carvanha Foam,True,xcl,,Species-exclusive Pokemon equipment; no corresponding Digimon-specific item in the reference.,"An exclusive item for the Carvanha family. When kept in the bag, the Pokémon's regular attack cannot miss."
xcl_family_carvanha_04,Carvanha Jaw,True,xcl,,Species-exclusive Pokemon equipment; no corresponding Digimon-specific item in the reference.,"An exclusive item for the Carvanha family. When kept in the bag, the Pokémon will be able to move when charging attacks."
xcl_family_castform_00,Weather Cape,True,xcl,,Species-exclusive Pokemon equipment; no corresponding Digimon-specific item in the reference.,"An exclusive item for Castform. When kept in the bag, the Pokémon is protected from status conditions when the floor has the Clear status."
xcl_family_castform_01,Castform Scarf,True,xcl,,Species-exclusive Pokemon equipment; no corresponding Digimon-specific item in the reference.,"An exclusive item for Castform. When kept in the bag, the Pokémon's regular attacks change to match its type."
xcl_family_castform_02,Castform Dew,True,xcl,,Species-exclusive Pokemon equipment; no corresponding Digimon-specific item in the reference.,"An exclusive item for Castform. When kept in the bag, the Pokémon's moves are more intensely affected by type match-ups."
xcl_family_castform_03,Castform Card,True,xcl,,Species-exclusive Pokemon equipment; no corresponding Digimon-specific item in the reference.,"An exclusive item for Castform. When kept in the bag, items thrown by the Pokémon will pierce through enemies."
xcl_family_castform_04,Cloud Rock,True,xcl,,Species-exclusive Pokemon equipment; no corresponding Digimon-specific item in the reference.,"An exclusive item for Castform. When kept in the bag, the Pokémon can traverse water, lava, and pits."
xcl_family_caterpie_00,Glittery Bow,True,xcl,,Species-exclusive Pokemon equipment; no corresponding Digimon-specific item in the reference.,"An exclusive item for the Butterfree family. When kept in the bag, it prevents the Pokémon from fainting to Rock-type moves, leaving it with 1 HP."
xcl_family_caterpie_01,Metapod Bow,True,xcl,,Species-exclusive Pokemon equipment; no corresponding Digimon-specific item in the reference.,"An exclusive item for the Metapod family. When kept in the bag, the Pokémon will be able to move again after defeating an enemy."
xcl_family_caterpie_02,Caterpie Card,True,xcl,,Species-exclusive Pokemon equipment; no corresponding Digimon-specific item in the reference.,"An exclusive item for the Caterpie family. When kept in the bag, the Pokémon gets an extra 2PP to all of its moves."
xcl_family_caterpie_03,Caterpie Branch,True,xcl,,Species-exclusive Pokemon equipment; no corresponding Digimon-specific item in the reference.,"An exclusive item for the Caterpie family. When kept in the bag, it reveals the direction of the staircase whenever the Pokémon reaches a new floor."
xcl_family_celebi_00,Chrono Veil,False,xcl,,Species-exclusive Pokemon equipment; no corresponding Digimon-specific item in the reference.,"An exclusive item for Celebi. When kept in the bag, it restores the PP of all moves when the Pokémon reaches a new floor."
xcl_family_celebi_01,Celebi Bow,False,xcl,,Species-exclusive Pokemon equipment; no corresponding Digimon-specific item in the reference.,"An exclusive item for Celebi. When kept in the bag, the Pokémon can traverse water, lava, and pits."
xcl_family_celebi_02,Celebi Song,False,xcl,,Species-exclusive Pokemon equipment; no corresponding Digimon-specific item in the reference.,"An exclusive item for Celebi. When kept in the bag, the Pokémon takes reduced damage from multiple attacks in a turn."
xcl_family_celebi_03,Celebi Card,False,xcl,,Species-exclusive Pokemon equipment; no corresponding Digimon-specific item in the reference.,"An exclusive item for Celebi. When kept in the bag, it reveals the direction of the staircase whenever the Pokémon reaches a new floor."
xcl_family_celebi_04,Celebi Crest,False,xcl,,Species-exclusive Pokemon equipment; no corresponding Digimon-specific item in the reference.,"An exclusive item for Celebi. When kept in the bag, the Pokémon's regular attacks and thrown items have a chance to devolve the target."
xcl_family_celesteela_00,Ultra Shoot,False,xcl,,Species-exclusive Pokemon equipment; no corresponding Digimon-specific item in the reference.,"An exclusive item for Celesteela. When kept in the bag, the Pokémon's Grass-type moves are boosted."
xcl_family_celesteela_01,Celesteela Seal,False,xcl,,Species-exclusive Pokemon equipment; no corresponding Digimon-specific item in the reference.,"An exclusive item for Celesteela. When kept in the bag, the Pokémon's moves will destroy traps."
xcl_family_celesteela_02,Celesteela Root,False,xcl,,Species-exclusive Pokemon equipment; no corresponding Digimon-specific item in the reference.,"An exclusive item for Celesteela. When kept in the bag, the Pokémon is prevented from being forced off its location."
xcl_family_celesteela_03,Celesteela Wing,False,xcl,,Species-exclusive Pokemon equipment; no corresponding Digimon-specific item in the reference.,"An exclusive item for Celesteela. When kept in the bag, the Pokémon will damage nearby enemies after defeating an enemy."
xcl_family_chansey_00,Faith Ring,True,xcl,,Species-exclusive Pokemon equipment; no corresponding Digimon-specific item in the reference.,"An exclusive item for the Blissey family. When kept in the bag, it reduces damage done by Dragon-type attacks."
xcl_family_chansey_01,Lucky Scarf,True,xcl,,Species-exclusive Pokemon equipment; no corresponding Digimon-specific item in the reference.,"An exclusive item for the Chansey family. When kept in the bag, the effects of wands will spread out like a fan when waved by the Pokémon."
xcl_family_chansey_02,Happiny Dew,True,xcl,,Species-exclusive Pokemon equipment; no corresponding Digimon-specific item in the reference.,"An exclusive item for the Happiny family. When kept in the bag, the Pokémon has a higher chance of recruiting wild Pokémon."
xcl_family_chansey_03,Happiny Card,True,xcl,,Species-exclusive Pokemon equipment; no corresponding Digimon-specific item in the reference.,"An exclusive item for the Happiny family. When kept in the bag, the Pokémon gives back recovered HP when it is healed by another Pokémon."
xcl_family_chansey_04,Play Tag,True,xcl,,Species-exclusive Pokemon equipment; no corresponding Digimon-specific item in the reference.,"An exclusive item for the Happiny family. When kept in the bag, the Pokemon's moves and items that hit in a straight line cannot damage allies."
xcl_family_chansey_05,Chansey Charm,False,xcl,,Species-exclusive Pokemon equipment; no corresponding Digimon-specific item in the reference.,"An exclusive item for the Chansey family. When kept in the bag, the Pokémon will find more Hidden Stairs when exploring in dungeons."
xcl_family_charmander_00,Flame Bangle,True,xcl,,Species-exclusive Pokemon equipment; no corresponding Digimon-specific item in the reference.,"An exclusive item for the Charizard family. When kept in the bag, the Pokémon's Dragon-type moves are boosted."
xcl_family_charmander_01,Kindle Scarf,True,xcl,,Species-exclusive Pokemon equipment; no corresponding Digimon-specific item in the reference.,"An exclusive item for the Charmeleon family. When kept in the bag, the Pokemon's moves and items that hit in a straight line will pass through walls."
xcl_family_charmander_02,Charmander Claw,True,xcl,,Species-exclusive Pokemon equipment; no corresponding Digimon-specific item in the reference.,"An exclusive item for the Charmander family. When kept in the bag, the Pokémon will do increased damage if its previous move missed."
xcl_family_charmander_03,Charmander Fang,True,xcl,,Species-exclusive Pokemon equipment; no corresponding Digimon-specific item in the reference.,"An exclusive item for the Charmander family. When kept in the bag, items thrown by the Pokémon will pierce through enemies."
xcl_family_charmander_04,Fiery Heart,True,xcl,,Species-exclusive Pokemon equipment; no corresponding Digimon-specific item in the reference.,"An exclusive item for the Charmander family. When kept in the bag, the Pokémon will damage nearby enemies after defeating an enemy."
xcl_family_charmander_05,Charmeleon Crest,False,xcl,,Species-exclusive Pokemon equipment; no corresponding Digimon-specific item in the reference.,An exclusive item for the Charmeleon family. 
xcl_family_chatot_00,Chatot Scarf,True,xcl,,Species-exclusive Pokemon equipment; no corresponding Digimon-specific item in the reference.,"An exclusive item for Chatot. When kept in the bag, the Pokémon gains the Mini-Counter status after using a Status move."
xcl_family_chatot_01,Chatot Ring,True,xcl,,Species-exclusive Pokemon equipment; no corresponding Digimon-specific item in the reference.,"An exclusive item for Chatot. When kept in the bag, status problems inflicted on the Pokémon are passed to the Pokémon that caused it."
xcl_family_chatot_02,Chatot Song,True,xcl,,Species-exclusive Pokemon equipment; no corresponding Digimon-specific item in the reference.,"An exclusive item for Chatot. When kept in the bag, the Pokémon has a higher chance of recruiting wild Pokémon."
xcl_family_chatot_03,Chatot Card,True,xcl,,Species-exclusive Pokemon equipment; no corresponding Digimon-specific item in the reference.,"An exclusive item for Chatot. When kept in the bag, stat changes inflicted on the Pokémon are passed to the Pokémon that caused it."
xcl_family_cherubi_00,Petal Dress,True,xcl,,Species-exclusive Pokemon equipment; no corresponding Digimon-specific item in the reference.,"An exclusive item for the Cherrim family. When kept in the bag, the Pokémon's Attack Range is increased when the floor has the Sunny status."
xcl_family_cherubi_01,Cherrim Bow,True,xcl,,Species-exclusive Pokemon equipment; no corresponding Digimon-specific item in the reference.,"An exclusive item for the Cherrim family. When kept in the bag, the Pokémon is more likely to evade attacks from far away."
xcl_family_cherubi_02,Cherubi Seed,True,xcl,,Species-exclusive Pokemon equipment; no corresponding Digimon-specific item in the reference.,"An exclusive item for the Cherubi family. When kept in the bag, the Pokémon has a higher chance of recruiting wild Pokémon."
xcl_family_cherubi_03,Cherubi Card,True,xcl,,Species-exclusive Pokemon equipment; no corresponding Digimon-specific item in the reference.,"An exclusive item for the Cherubi family. When kept in the bag, it restores the PP of a move when the Pokémon reaches a new floor."
xcl_family_cherubi_04,Cute Ore,True,xcl,,Species-exclusive Pokemon equipment; no corresponding Digimon-specific item in the reference.,"An exclusive item for the Cherubi family. When kept in the bag, the Pokémon will take reduced damage from explosions and splash damage."
xcl_family_cherubi_05,Cherrim Aroma,False,xcl,,Species-exclusive Pokemon equipment; no corresponding Digimon-specific item in the reference.,An exclusive item for the Cherrim family. 
xcl_family_chikorita_00,Bright Veil,True,xcl,,Species-exclusive Pokemon equipment; no corresponding Digimon-specific item in the reference.,"An exclusive item for the Meganium family. When kept in the bag, the Pokémon will gradually restore the HP of its allies when its own HP is full."
xcl_family_chikorita_01,Spice Bow,True,xcl,,Species-exclusive Pokemon equipment; no corresponding Digimon-specific item in the reference.,"An exclusive item for the Bayleef family. When kept in the bag, the Pokémon changes the floor to Grassy Terrain after using a Status move."
xcl_family_chikorita_02,Chikorita Card,True,xcl,,Species-exclusive Pokemon equipment; no corresponding Digimon-specific item in the reference.,"An exclusive item for the Chikorita family. When kept in the bag, it restores the PP of a move when the Pokémon reaches a new floor."
xcl_family_chikorita_03,Chikorita Claw,True,xcl,,Species-exclusive Pokemon equipment; no corresponding Digimon-specific item in the reference.,"An exclusive item for the Chikorita family. When kept in the bag, the Pokémon recovers faster from status problems."
xcl_family_chikorita_04,Dawn Jewel,True,xcl,,Species-exclusive Pokemon equipment; no corresponding Digimon-specific item in the reference.,"An exclusive item for the Chikorita family. When kept in the bag, the Pokémon's natural HP-recovery speed is boosted."
xcl_family_chikorita_05,Bayleef Seal,False,xcl,,Species-exclusive Pokemon equipment; no corresponding Digimon-specific item in the reference.,An exclusive item for the Bayleef family. 
xcl_family_chimchar_00,Blazing Ruff,True,xcl,,Species-exclusive Pokemon equipment; no corresponding Digimon-specific item in the reference.,"An exclusive item for the Infernape family. When kept in the bag, the Pokémon's Status moves inflict the Burned status."
xcl_family_chimchar_01,Burst Sash,True,xcl,,Species-exclusive Pokemon equipment; no corresponding Digimon-specific item in the reference.,"An exclusive item for the Monferno family. When kept in the bag, the Pokémon is protected from weather damage."
xcl_family_chimchar_02,Chimchar Hair,True,xcl,,Species-exclusive Pokemon equipment; no corresponding Digimon-specific item in the reference.,"An exclusive item for the Chimchar family. When kept in the bag, the Pokémon cannot have its Speed lowered."
xcl_family_chimchar_03,Chimchar Fang,True,xcl,,Species-exclusive Pokemon equipment; no corresponding Digimon-specific item in the reference.,"An exclusive item for the Chimchar family. When kept in the bag, the Pokémon is more likely to evade attacks when at low HP."
xcl_family_chimchar_04,Nimble Charm,True,xcl,,Species-exclusive Pokemon equipment; no corresponding Digimon-specific item in the reference.,"An exclusive item for the Chimchar family. When kept in the bag, the Pokémon is more likely to evade attacks from close up."
xcl_family_chimchar_05,Monferno Crest,False,xcl,,Species-exclusive Pokemon equipment; no corresponding Digimon-specific item in the reference.,An exclusive item for the Monferno family. 
xcl_family_chimecho_00,Chimecho Scarf,True,xcl,,Species-exclusive Pokemon equipment; no corresponding Digimon-specific item in the reference.,"An exclusive item for the Chimecho family. When kept in the bag, the Pokémon gains the Safeguard status after using a Status move."
xcl_family_chimecho_01,Chimecho Torc,True,xcl,,Species-exclusive Pokemon equipment; no corresponding Digimon-specific item in the reference.,"An exclusive item for the Chimecho family. When kept in the bag, the Pokémon's natural HP-recovery speed is boosted."
xcl_family_chimecho_02,Chingling Song,True,xcl,,Species-exclusive Pokemon equipment; no corresponding Digimon-specific item in the reference.,"An exclusive item for the Chingling family. When kept in the bag, it restores the PP of a move when the Pokémon reaches a new floor."
xcl_family_chimecho_03,Chingling Card,True,xcl,,Species-exclusive Pokemon equipment; no corresponding Digimon-specific item in the reference.,"An exclusive item for the Chingling family. When kept in the bag, the Pokémon gets an extra 2PP to all of its moves."
xcl_family_chimecho_04,Chingling Tag,True,xcl,,Species-exclusive Pokemon equipment; no corresponding Digimon-specific item in the reference.,"An exclusive item for the Chingling family. When kept in the bag, the Pokemon's moves and items that hit in a straight line cannot damage allies."
xcl_family_chimecho_05,Chimecho Ring,False,xcl,,Species-exclusive Pokemon equipment; no corresponding Digimon-specific item in the reference.,"An exclusive item for the Chimecho family. When kept in the bag, the Pokémon will find more shops when exploring in dungeons."
xcl_family_chinchou_00,Lanturn Bow,True,xcl,,Species-exclusive Pokemon equipment; no corresponding Digimon-specific item in the reference.,"An exclusive item for the Lanturn family. When kept in the bag, it reduces damage done by Dark-type attacks."
xcl_family_chinchou_01,Lanturn Sash,True,xcl,,Species-exclusive Pokemon equipment; no corresponding Digimon-specific item in the reference.,"An exclusive item for the Lanturn family. When kept in the bag, it raises the critical-hit ratio of super-effective hits."
xcl_family_chinchou_02,Chinchou Dew,True,xcl,,Species-exclusive Pokemon equipment; no corresponding Digimon-specific item in the reference.,"An exclusive item for the Chinchou family. When kept in the bag, the Pokémon's PP cannot be lowered by the moves and abilities of opposing Pokémon."
xcl_family_chinchou_03,Chinchou Card,True,xcl,,Species-exclusive Pokemon equipment; no corresponding Digimon-specific item in the reference.,"An exclusive item for the Chinchou family. When kept in the bag, the Pokémon's attacks never miss and always land a critical hit if all moves have the same PP."
xcl_family_clamperl_00,Gorebyss Scarf,True,xcl,,Species-exclusive Pokemon equipment; no corresponding Digimon-specific item in the reference.,"An exclusive item for the Gorebyss family. When kept in the bag, it reduces damage done by Fighting-type attacks."
xcl_family_clamperl_01,Deep Torc,True,xcl,,Species-exclusive Pokemon equipment; no corresponding Digimon-specific item in the reference.,"An exclusive item for the Huntail family. When kept in the bag, it reduces damage done by Fairy-type attacks."
xcl_family_clamperl_02,Clamperl Card,True,xcl,,Species-exclusive Pokemon equipment; no corresponding Digimon-specific item in the reference.,"An exclusive item for the Clamperl family. When kept in the bag, the Pokémon gets an extra 2PP to all of its moves."
xcl_family_clamperl_03,Clamperl Foam,True,xcl,,Species-exclusive Pokemon equipment; no corresponding Digimon-specific item in the reference.,"An exclusive item for the Clamperl family. When kept in the bag, the Pokémon takes reduced damage from multiple attacks in a turn."
xcl_family_clamperl_04,Clamperl Brooch,True,xcl,,Species-exclusive Pokemon equipment; no corresponding Digimon-specific item in the reference.,"An exclusive item for the Clamperl family. When kept in the bag, the Pokémon recovers faster from status problems."
xcl_family_clamperl_05,Clamperl Ring,False,xcl,,Species-exclusive Pokemon equipment; no corresponding Digimon-specific item in the reference.,An exclusive item for the Clamperl family. 
xcl_family_clauncher_00,Clawitzer Specs,False,xcl,,Species-exclusive Pokemon equipment; no corresponding Digimon-specific item in the reference.,"An exclusive item for the Clawitzer family. When kept in the bag, the Pokemon's moves and items that hit in a straight line will pass through walls."
xcl_family_clauncher_01,Clawitzer Scope,False,xcl,,Species-exclusive Pokemon equipment; no corresponding Digimon-specific item in the reference.,"An exclusive item for the Clawitzer family. When kept in the bag, the Pokémon's Attack Range is increased when the floor has the Rain status."
xcl_family_clauncher_02,Clauncher Dew,False,xcl,,Species-exclusive Pokemon equipment; no corresponding Digimon-specific item in the reference.,"An exclusive item for the Clauncher family. When kept in the bag, it restores the PP of a move when the Pokémon reaches a new floor."
xcl_family_clauncher_03,Clauncher Card,False,xcl,,Species-exclusive Pokemon equipment; no corresponding Digimon-specific item in the reference.,"An exclusive item for the Clauncher family. When kept in the bag, the Pokémon's attacks never miss and always land a critical hit if all moves have the same PP."
xcl_family_clauncher_04,Clauncher Charm,False,xcl,,Species-exclusive Pokemon equipment; no corresponding Digimon-specific item in the reference.,"An exclusive item for the Clauncher family. When kept in the bag, it raises the critical-hit ratio of super-effective hits."
xcl_family_clefairy_00,Fairy Bow,True,xcl,,Species-exclusive Pokemon equipment; no corresponding Digimon-specific item in the reference.,"An exclusive item for the Clefable family. When kept in the bag, it increases the Pokémon's luck when using Metronome."
xcl_family_clefairy_01,Moon Scarf,True,xcl,,Species-exclusive Pokemon equipment; no corresponding Digimon-specific item in the reference.,"An exclusive item for the Clefairy family. When kept in the bag, the Pokémon's Normal-type moves are boosted."
xcl_family_clefairy_02,Cleffa Dew,True,xcl,,Species-exclusive Pokemon equipment; no corresponding Digimon-specific item in the reference.,"An exclusive item for the Cleffa family. When kept in the bag, the Pokémon has a higher chance of recruiting wild Pokémon."
xcl_family_clefairy_03,Cleffa Card,True,xcl,,Species-exclusive Pokemon equipment; no corresponding Digimon-specific item in the reference.,"An exclusive item for the Cleffa family. When kept in the bag, the Pokémon is more likely to evade attacks when at low HP."
xcl_family_clefairy_04,Starry Ore,True,xcl,,Species-exclusive Pokemon equipment; no corresponding Digimon-specific item in the reference.,"An exclusive item for the Cleffa family. When kept in the bag, the effects of wands will fly in an arc when waved by the Pokémon."
xcl_family_clefairy_05,Clefairy Jewel,False,xcl,,Species-exclusive Pokemon equipment; no corresponding Digimon-specific item in the reference.,"An exclusive item for the Clefairy family. When kept in the bag, the Pokémon will find more Treasure Chests when exploring in dungeons."
xcl_family_combee_00,Vespiquen Torc,True,xcl,,Species-exclusive Pokemon equipment; no corresponding Digimon-specific item in the reference.,"An exclusive item for the Vespiquen family. When kept in the bag, the Pokémon will gradually restore the HP of its allies when its own HP is full."
xcl_family_combee_01,Vespiquen Tiara,True,xcl,,Species-exclusive Pokemon equipment; no corresponding Digimon-specific item in the reference.,"An exclusive item for the Vespiquen family. When kept in the bag, the Pokémon's Status moves inflict the Infestation status."
xcl_family_combee_02,Combee Wing,True,xcl,,Species-exclusive Pokemon equipment; no corresponding Digimon-specific item in the reference.,"An exclusive item for the Combee family. When kept in the bag, the Pokémon will more easily dodge attacks if its previous move missed."
xcl_family_combee_03,Combee Card,True,xcl,,Species-exclusive Pokemon equipment; no corresponding Digimon-specific item in the reference.,"An exclusive item for the Combee family. When kept in the bag, the Pokémon takes reduced damage from multiple attacks in a turn."
xcl_family_combee_04,Combee Seal,True,xcl,,Species-exclusive Pokemon equipment; no corresponding Digimon-specific item in the reference.,"An exclusive item for the Combee family. When kept in the bag, the Pokémon is prevented from being forced off its location."
xcl_family_comfey_00,Comfey Scarf,True,xcl,,Species-exclusive Pokemon equipment; no corresponding Digimon-specific item in the reference.,"An exclusive item for Comfey. When kept in the bag, the Pokémon will gradually restore the HP of its allies when its own HP is full."
xcl_family_comfey_01,Comfey Ring,True,xcl,,Species-exclusive Pokemon equipment; no corresponding Digimon-specific item in the reference.,"An exclusive item for Comfey. When kept in the bag, the Pokémon can traverse water, lava, and pits."
xcl_family_comfey_02,Comfey Leaf,True,xcl,,Species-exclusive Pokemon equipment; no corresponding Digimon-specific item in the reference.,"An exclusive item for Comfey. When kept in the bag, the Pokémon has a higher chance of recruiting wild Pokémon."
xcl_family_comfey_03,Comfey Seed,True,xcl,,Species-exclusive Pokemon equipment; no corresponding Digimon-specific item in the reference.,"An exclusive item for Comfey. When kept in the bag, the Pokémon gives back recovered HP when it is healed by another Pokémon."
xcl_family_comfey_04,Comfey Brooch,True,xcl,,Species-exclusive Pokemon equipment; no corresponding Digimon-specific item in the reference.,"An exclusive item for Comfey. When kept in the bag, the Pokémon's stat-changing moves are spread to allies."
xcl_family_corphish_00,Cower Sash,True,xcl,,Species-exclusive Pokemon equipment; no corresponding Digimon-specific item in the reference.,"An exclusive item for the Crawdaunt family. When kept in the bag, it warps the attackers away when the Pokémon is hit with a Fighting-type move."
xcl_family_corphish_01,Crawdaunt Scarf,True,xcl,,Species-exclusive Pokemon equipment; no corresponding Digimon-specific item in the reference.,"An exclusive item for the Crawdaunt family. When kept in the bag, the Pokémon will regain HP after defeating an enemy."
xcl_family_corphish_02,Corphish Claw,True,xcl,,Species-exclusive Pokemon equipment; no corresponding Digimon-specific item in the reference.,"An exclusive item for the Corphish family. When kept in the bag, stat changes inflicted on the Pokémon are passed to the Pokémon that caused it."
xcl_family_corphish_03,Corphish Card,True,xcl,,Species-exclusive Pokemon equipment; no corresponding Digimon-specific item in the reference.,"An exclusive item for the Corphish family. When kept in the bag, the Pokémon's attacks never miss and always land a critical hit if all moves have the same PP."
xcl_family_corphish_04,Corphish Medal,False,xcl,,Species-exclusive Pokemon equipment; no corresponding Digimon-specific item in the reference.,An exclusive item for the Corphish family. 
xcl_family_corsola_00,Eager Brooch,True,xcl,,Species-exclusive Pokemon equipment; no corresponding Digimon-specific item in the reference.,"An exclusive item for Corsola. When kept in the bag, the Pokémon gains the Reflect status after using a Status move."
xcl_family_corsola_01,Corsola Dress,True,xcl,,Species-exclusive Pokemon equipment; no corresponding Digimon-specific item in the reference.,"An exclusive item for Corsola. When kept in the bag, the Pokémon's natural HP-recovery speed is boosted."
xcl_family_corsola_02,Corsola Card,True,xcl,,Species-exclusive Pokemon equipment; no corresponding Digimon-specific item in the reference.,"An exclusive item for Corsola. When kept in the bag, it restores the PP of a move when the Pokémon reaches a new floor."
xcl_family_corsola_03,Corsola Foam,True,xcl,,Species-exclusive Pokemon equipment; no corresponding Digimon-specific item in the reference.,"An exclusive item for Corsola. When kept in the bag, stat changes inflicted on the Pokémon are passed to the Pokémon that caused it."
xcl_family_corsola_04,Corsola Pebble,True,xcl,,Species-exclusive Pokemon equipment; no corresponding Digimon-specific item in the reference.,"An exclusive item for Corsola. When kept in the bag, the Pokemon's moves and items that hit in a straight line cannot damage allies."
xcl_family_cosmog_00,Solar Crown,True,xcl,,Species-exclusive Pokemon equipment; no corresponding Digimon-specific item in the reference.,"An exclusive item for Solgaleo. When kept in the bag, the Pokémon's Fire-type moves are boosted."
xcl_family_cosmog_01,Lunar Mantle,True,xcl,,Species-exclusive Pokemon equipment; no corresponding Digimon-specific item in the reference.,"An exclusive item for Lunala. When kept in the bag, the Pokémon's Fairy-type moves are boosted."
xcl_family_cosmog_02,Cosmic Dust,True,xcl,,Species-exclusive Pokemon equipment; no corresponding Digimon-specific item in the reference.,"An exclusive item for Cosmog. When kept in the bag, the Pokémon gets an extra 3PP to all of its moves."
xcl_family_cosmog_03,Cosmic Ring,True,xcl,,Species-exclusive Pokemon equipment; no corresponding Digimon-specific item in the reference.,"An exclusive item for Cosmog. When kept in the bag, status problems inflicted on the Pokémon are passed to the Pokémon that caused it."
xcl_family_cosmog_04,Cosmic Shell,True,xcl,,Species-exclusive Pokemon equipment; no corresponding Digimon-specific item in the reference.,"An exclusive item for Cosmoem. When kept in the bag, the Pokémon is protected from status conditions when the floor has the Clear status."
xcl_family_cramorant_00,Cramorant Poncho,True,xcl,,Species-exclusive Pokemon equipment; no corresponding Digimon-specific item in the reference.,"An exclusive item for Cramorant. When kept in the bag, the Pokémon's Water-type moves have a chance to inflict the Poisoned status."
xcl_family_cramorant_01,Cramorant Band,True,xcl,,Species-exclusive Pokemon equipment; no corresponding Digimon-specific item in the reference.,"An exclusive item for Cramorant. When kept in the bag, it changes the Pokémon's regular attack into a short projectile."
xcl_family_cramorant_02,Cramorant Card,True,xcl,,Species-exclusive Pokemon equipment; no corresponding Digimon-specific item in the reference.,"An exclusive item for Cramorant. When kept in the bag, the Pokémon's moves are more intensely affected by type match-ups."
xcl_family_cramorant_03,Cramorant Wing,True,xcl,,Species-exclusive Pokemon equipment; no corresponding Digimon-specific item in the reference.,"An exclusive item for Cramorant. When kept in the bag, the Pokémon will regain HP after defeating an enemy."
xcl_family_cranidos_00,Skull Helmet,True,xcl,,Species-exclusive Pokemon equipment; no corresponding Digimon-specific item in the reference.,"An exclusive item for the Rampardos family. When kept in the bag, the Pokémon gains the Enraged status after using a Status move."
xcl_family_cranidos_01,Rampardos Band,True,xcl,,Species-exclusive Pokemon equipment; no corresponding Digimon-specific item in the reference.,"An exclusive item for the Rampardos family. When kept in the bag, the Pokémon will damage nearby enemies after defeating an enemy."
xcl_family_cranidos_02,Cranidos Claw,True,xcl,,Species-exclusive Pokemon equipment; no corresponding Digimon-specific item in the reference.,"An exclusive item for the Cranidos family. When kept in the bag, the Pokémon will do increased damage if its previous move missed."
xcl_family_cranidos_03,Cranidos Fang,True,xcl,,Species-exclusive Pokemon equipment; no corresponding Digimon-specific item in the reference.,"An exclusive item for the Cranidos family. When kept in the bag, the Pokémon's regular attacks and thrown items have a chance to inflict the Cringing status."
xcl_family_cranidos_04,Cranidos Crest,True,xcl,,Species-exclusive Pokemon equipment; no corresponding Digimon-specific item in the reference.,"An exclusive item for the Cranidos family. When kept in the bag, the Pokemon's moves and items that hit in a straight line cannot damage allies."
xcl_family_cresselia_00,Lunar Veil,True,xcl,,Species-exclusive Pokemon equipment; no corresponding Digimon-specific item in the reference.,"An exclusive item for Cresselia. When kept in the bag, the Pokémon gradually restores the HP of its teammates while they are asleep."
xcl_family_cresselia_01,Cresselia Robe,True,xcl,,Species-exclusive Pokemon equipment; no corresponding Digimon-specific item in the reference.,"An exclusive item for Cresselia. When kept in the bag, the Pokémon's natural HP-recovery speed is boosted."
xcl_family_cresselia_02,Cresselia Beam,True,xcl,,Species-exclusive Pokemon equipment; no corresponding Digimon-specific item in the reference.,"An exclusive item for Cresselia. When kept in the bag, the Pokémon's attacks never miss and always land a critical hit if all moves have the same PP."
xcl_family_cresselia_03,Cresselia Card,True,xcl,,Species-exclusive Pokemon equipment; no corresponding Digimon-specific item in the reference.,"An exclusive item for Cresselia. When kept in the bag, the Pokémon has a higher chance of recruiting wild Pokémon."
xcl_family_cresselia_04,Cresselia Ring,True,xcl,,Species-exclusive Pokemon equipment; no corresponding Digimon-specific item in the reference.,"An exclusive item for Cresselia. When kept in the bag, the Pokemon's moves and items that hit in a straight line cannot damage allies."
xcl_family_croagunk_00,Toxicroak Belt,True,xcl,,Species-exclusive Pokemon equipment; no corresponding Digimon-specific item in the reference.,"An exclusive item for the Toxicroak family. When kept in the bag, it allows Fighting-type moves to hit Ghost-type Pokémon."
xcl_family_croagunk_01,Toxicroak Torc,True,xcl,,Species-exclusive Pokemon equipment; no corresponding Digimon-specific item in the reference.,"An exclusive item for the Toxicroak family. When kept in the bag, it raises the critical-hit ratio of super-effective hits."
xcl_family_croagunk_02,Croagunk Sweat,True,xcl,,Species-exclusive Pokemon equipment; no corresponding Digimon-specific item in the reference.,"An exclusive item for the Croagunk family. When kept in the bag, the Pokémon will not take damage from counter attacks."
xcl_family_croagunk_03,Croagunk Card,True,xcl,,Species-exclusive Pokemon equipment; no corresponding Digimon-specific item in the reference.,"An exclusive item for the Croagunk family. When kept in the bag, the Pokémon cannot have its Attack lowered."
xcl_family_cubone_00,Marowak Torc,True,xcl,,Species-exclusive Pokemon equipment; no corresponding Digimon-specific item in the reference.,"An exclusive item for the Marowak family. When kept in the bag, it inflicts the Blinker status on the attacker when the Pokémon is hit with a Water-type move."
xcl_family_cubone_01,Marowak Armor,True,xcl,,Species-exclusive Pokemon equipment; no corresponding Digimon-specific item in the reference.,"An exclusive item for the Marowak family. When kept in the bag, the Pokémon will regain HP after defeating an enemy."
xcl_family_cubone_02,Cubone Claw,True,xcl,,Species-exclusive Pokemon equipment; no corresponding Digimon-specific item in the reference.,"An exclusive item for the Cubone family. When kept in the bag, the Pokémon gets an extra 2PP to all of its moves."
xcl_family_cubone_03,Cubone Mud,True,xcl,,Species-exclusive Pokemon equipment; no corresponding Digimon-specific item in the reference.,"An exclusive item for the Cubone family. When kept in the bag, items thrown by the Pokémon will pierce through enemies."
xcl_family_cutiefly_00,Ribombee Tie,True,xcl,,Species-exclusive Pokemon equipment; no corresponding Digimon-specific item in the reference.,"An exclusive item for the Ribombee family. When kept in the bag, the Pokémon changes the floor to Misty Terrain after using a Status move."
xcl_family_cutiefly_01,Ribombee Heart,True,xcl,,Species-exclusive Pokemon equipment; no corresponding Digimon-specific item in the reference.,"An exclusive item for the Ribombee family. When kept in the bag, it changes the Pokémon's regular attack into a short projectile."
xcl_family_cutiefly_02,Cutiefly Card,True,xcl,,Species-exclusive Pokemon equipment; no corresponding Digimon-specific item in the reference.,"An exclusive item for the Cutiefly family. When kept in the bag, the category of the Pokémon's regular attack is changed from physical to special."
xcl_family_cutiefly_03,Cutiefly Wing,True,xcl,,Species-exclusive Pokemon equipment; no corresponding Digimon-specific item in the reference.,"An exclusive item for the Cutiefly family. When kept in the bag, the Pokémon's moves are more intensely affected by type match-ups."
xcl_family_cutiefly_04,Cutiefly Guard,True,xcl,,Species-exclusive Pokemon equipment; no corresponding Digimon-specific item in the reference.,"An exclusive item for the Cutiefly family. When kept in the bag, the Pokémon is more likely to evade attacks from far away."
xcl_family_cyclizar_00,Cyclizar Helmet,True,xcl,,Species-exclusive Pokemon equipment; no corresponding Digimon-specific item in the reference.,"An exclusive item for Cyclizar. When kept in the bag, it changes the Pokémon's regular attack into a dash."
xcl_family_cyclizar_01,Cyclizar Medal,True,xcl,,Species-exclusive Pokemon equipment; no corresponding Digimon-specific item in the reference.,"An exclusive item for Cyclizar. When kept in the bag, the Pokémon's Physical moves may increase the user's Movement Speed."
xcl_family_cyclizar_02,Cyclizar Tail,True,xcl,,Species-exclusive Pokemon equipment; no corresponding Digimon-specific item in the reference.,"An exclusive item for Cyclizar. When kept in the bag, the Pokémon has a higher chance of recruiting wild Pokémon."
xcl_family_cyclizar_03,Cyclizar Claw,True,xcl,,Species-exclusive Pokemon equipment; no corresponding Digimon-specific item in the reference.,"An exclusive item for Cyclizar. When kept in the bag, it reveals the number of items laying on the ground whenever the Pokémon reaches a new floor."
xcl_family_cyndaquil_00,Blast Bangle,True,xcl,,Species-exclusive Pokemon equipment; no corresponding Digimon-specific item in the reference.,"An exclusive item for the Typhlosion family. When kept in the bag, the Pokémon's regular attack explodes outwards with splash damage."
xcl_family_cyndaquil_01,Volcano Torc,True,xcl,,Species-exclusive Pokemon equipment; no corresponding Digimon-specific item in the reference.,"An exclusive item for the Quilava family. When kept in the bag, the Pokémon is more likely to evade attacks from far away."
xcl_family_cyndaquil_02,Cyndaquil Hair,True,xcl,,Species-exclusive Pokemon equipment; no corresponding Digimon-specific item in the reference.,"An exclusive item for the Cyndaquil family. When kept in the bag, it changes the Pokémon's lunging moves into two weaker strikes."
xcl_family_cyndaquil_03,Cyndaquil Claw,True,xcl,,Species-exclusive Pokemon equipment; no corresponding Digimon-specific item in the reference.,"An exclusive item for the Cyndaquil family. When kept in the bag, the Pokémon will do increased damage if its previous move missed."
xcl_family_cyndaquil_04,Blazing Rock,True,xcl,,Species-exclusive Pokemon equipment; no corresponding Digimon-specific item in the reference.,"An exclusive item for the Cyndaquil family. When kept in the bag, the Pokémon becomes extremely likely to avoid Ground-type attacks."
xcl_family_cyndaquil_05,Quilava Crest,False,xcl,,Species-exclusive Pokemon equipment; no corresponding Digimon-specific item in the reference.,An exclusive item for the Quilava family. 
xcl_family_darkrai_00,Eclipse Robe,False,xcl,,Species-exclusive Pokemon equipment; no corresponding Digimon-specific item in the reference.,"An exclusive item for Darkrai. When kept in the bag, it inflicts the Asleep status on the attacker when the Pokémon is hit with a Fighting-type move."
xcl_family_darkrai_01,Darkrai Veil,False,xcl,,Species-exclusive Pokemon equipment; no corresponding Digimon-specific item in the reference.,"An exclusive item for Darkrai. When kept in the bag, the Pokémon can traverse water, lava, and pits."
xcl_family_darkrai_02,Darkrai Card,False,xcl,,Species-exclusive Pokemon equipment; no corresponding Digimon-specific item in the reference.,"An exclusive item for Darkrai. When kept in the bag, the Pokémon gets an extra 2PP to all of its moves."
xcl_family_darkrai_03,Darkrai Beam,False,xcl,,Species-exclusive Pokemon equipment; no corresponding Digimon-specific item in the reference.,"An exclusive item for Darkrai. When kept in the bag, the Pokémon is more likely to evade attacks when at low HP."
xcl_family_darkrai_04,Darkrai Ring,False,xcl,,Species-exclusive Pokemon equipment; no corresponding Digimon-specific item in the reference.,"An exclusive item for Darkrai. When kept in the bag, the Pokemon's moves and items that hit in a straight line will pass through walls."
xcl_family_deerling_00,Sawsbuck Veil,True,xcl,,Species-exclusive Pokemon equipment; no corresponding Digimon-specific item in the reference.,"An exclusive item for the Sawsbuck family. When kept in the bag, it reduces damage done by Ice-type attacks."
xcl_family_deerling_01,Sawsbuck Aroma,True,xcl,,Species-exclusive Pokemon equipment; no corresponding Digimon-specific item in the reference.,"An exclusive item for the Sawsbuck family. When kept in the bag, the Pokémon will recover from status effects after defeating an enemy."
xcl_family_deerling_02,Deerling Branch,True,xcl,,Species-exclusive Pokemon equipment; no corresponding Digimon-specific item in the reference.,"An exclusive item for the Deerling family. When kept in the bag, the Pokémon's Grass-type moves are changed to become Physical."
xcl_family_deerling_03,Deerling Hair,True,xcl,,Species-exclusive Pokemon equipment; no corresponding Digimon-specific item in the reference.,"An exclusive item for the Deerling family. When kept in the bag, the Pokémon takes reduced damage from multiple attacks in a turn."
xcl_family_deerling_04,Deerling Guard,True,xcl,,Species-exclusive Pokemon equipment; no corresponding Digimon-specific item in the reference.,"An exclusive item for the Deerling family. When kept in the bag, the Pokémon is protected from weather damage."
xcl_family_deino_00,Hydreigon Collar,False,xcl,,Species-exclusive Pokemon equipment; no corresponding Digimon-specific item in the reference.,"An exclusive item for the Hydreigon family. When kept in the bag, it prevents the Pokémon from fainting to Fairy-type moves, leaving it with 1 HP."
xcl_family_deino_01,Zweilous Crest,False,xcl,,Species-exclusive Pokemon equipment; no corresponding Digimon-specific item in the reference.,"An exclusive item for the Zweilous family. When kept in the bag, the Pokémon's HP is restored when it eats a food item."
xcl_family_deino_02,Deino Hair,False,xcl,,Species-exclusive Pokemon equipment; no corresponding Digimon-specific item in the reference.,"An exclusive item for the Deino family. When kept in the bag, the Pokémon will do increased damage if its previous move missed."
xcl_family_deino_03,Deino Horn,False,xcl,,Species-exclusive Pokemon equipment; no corresponding Digimon-specific item in the reference.,"An exclusive item for the Deino family. When kept in the bag, the Pokémon's moves are more intensely affected by type match-ups."
xcl_family_deino_04,Deino Jaw,False,xcl,,Species-exclusive Pokemon equipment; no corresponding Digimon-specific item in the reference.,"An exclusive item for the Deino family. When kept in the bag, the Pokémon's Physical moves may inflict the Cringing status."
xcl_family_delibird_00,Snow Brooch,True,xcl,,Species-exclusive Pokemon equipment; no corresponding Digimon-specific item in the reference.,"An exclusive item for Delibird. When kept in the bag, it partially reveals the floor's layout the Pokémon reaches a new floor."
xcl_family_delibird_01,Delibird Hat,True,xcl,,Species-exclusive Pokemon equipment; no corresponding Digimon-specific item in the reference.,"An exclusive item for Delibird. When kept in the bag, the Pokémon's natural HP-recovery speed is boosted."
xcl_family_delibird_02,Delibird Card,True,xcl,,Species-exclusive Pokemon equipment; no corresponding Digimon-specific item in the reference.,"An exclusive item for Delibird. When kept in the bag, the Pokémon gives back recovered HP when it is healed by another Pokémon."
xcl_family_delibird_03,Delibird Wing,True,xcl,,Species-exclusive Pokemon equipment; no corresponding Digimon-specific item in the reference.,"An exclusive item for Delibird. When kept in the bag, the Pokémon has a higher chance of recruiting wild Pokémon."
xcl_family_delibird_04,Delibird Crest,True,xcl,,Species-exclusive Pokemon equipment; no corresponding Digimon-specific item in the reference.,"An exclusive item for Delibird. When kept in the bag, the Pokémon is more likely to evade attacks from far away."
xcl_family_deoxys_00,Revive Robe,False,xcl,,Species-exclusive Pokemon equipment; no corresponding Digimon-specific item in the reference.,"An exclusive item for Deoxys. When kept in the bag, it restores the PP of all moves when the Pokémon reaches a new floor."
xcl_family_deoxys_01,Deoxys Scarf,False,xcl,,Species-exclusive Pokemon equipment; no corresponding Digimon-specific item in the reference.,"An exclusive item for Deoxys. When kept in the bag, the Pokémon can traverse water, lava, and pits."
xcl_family_deoxys_02,Deoxys Beam,False,xcl,,Species-exclusive Pokemon equipment; no corresponding Digimon-specific item in the reference.,"An exclusive item for Deoxys. When kept in the bag, the effects of wands will fly in an arc when waved by the Pokémon."
xcl_family_deoxys_03,Deoxys Card,False,xcl,,Species-exclusive Pokemon equipment; no corresponding Digimon-specific item in the reference.,"An exclusive item for Deoxys. When kept in the bag, the Pokémon will raise the PP usage of opponents that attack it."
xcl_family_deoxys_04,Deoxys Jewel,False,xcl,,Species-exclusive Pokemon equipment; no corresponding Digimon-specific item in the reference.,"An exclusive item for Deoxys. When kept in the bag, it changes the Pokémon's regular attack into a dash."
xcl_family_dewpider_00,Araquanid Hat,True,xcl,,Species-exclusive Pokemon equipment; no corresponding Digimon-specific item in the reference.,"An exclusive item for the Araquanid family. When kept in the bag, the Pokémon cannot damage allies with its moves."
xcl_family_dewpider_01,Araquanid Float,True,xcl,,Species-exclusive Pokemon equipment; no corresponding Digimon-specific item in the reference.,"An exclusive item for the Araquanid family. When kept in the bag, the Pokémon recovers HP when in water."
xcl_family_dewpider_02,Dewpider Dew,True,xcl,,Species-exclusive Pokemon equipment; no corresponding Digimon-specific item in the reference.,"An exclusive item for the Dewpider family. When kept in the bag, it restores the PP of a move when the Pokémon reaches a new floor."
xcl_family_dewpider_03,Dewpider Claw,True,xcl,,Species-exclusive Pokemon equipment; no corresponding Digimon-specific item in the reference.,"An exclusive item for the Dewpider family. When kept in the bag, the Pokémon is more likely to evade attacks when at low HP."
xcl_family_dewpider_04,Dewpider Guard,True,xcl,,Species-exclusive Pokemon equipment; no corresponding Digimon-specific item in the reference.,"An exclusive item for the Dewpider family. When kept in the bag, the Pokémon becomes immune to the Burned status."
xcl_family_dhelmise_00,Dhelmise Hat,True,xcl,,Species-exclusive Pokemon equipment; no corresponding Digimon-specific item in the reference.,"An exclusive item for Dhelmise. When kept in the bag, it partially reveals the floor's layout the Pokémon reaches a new floor."
xcl_family_dhelmise_01,Dhelmise Ore,True,xcl,,Species-exclusive Pokemon equipment; no corresponding Digimon-specific item in the reference.,"An exclusive item for Dhelmise. When kept in the bag, the Pokémon's Water-type moves are boosted."
xcl_family_dhelmise_02,Dhelmise Foam,True,xcl,,Species-exclusive Pokemon equipment; no corresponding Digimon-specific item in the reference.,"An exclusive item for Dhelmise. When kept in the bag, the Pokémon's moves are more intensely affected by type match-ups."
xcl_family_dhelmise_03,Dhelmise Card,True,xcl,,Species-exclusive Pokemon equipment; no corresponding Digimon-specific item in the reference.,"An exclusive item for Dhelmise. When kept in the bag, the Pokémon is prevented from being forced off its location."
xcl_family_dhelmise_04,Dhelmise Coin,True,xcl,,Species-exclusive Pokemon equipment; no corresponding Digimon-specific item in the reference.,"An exclusive item for Dhelmise. When kept in the bag, the Pokémon will find more Treasure Chests when exploring in dungeons."
xcl_family_dialga_00,Time Shield,False,xcl,,Species-exclusive Pokemon equipment; no corresponding Digimon-specific item in the reference.,"An exclusive item for Dialga. When kept in the bag, the Pokémon changes the floor to Trick Room after using a Special move."
xcl_family_dialga_01,Dialga Torc,False,xcl,,Species-exclusive Pokemon equipment; no corresponding Digimon-specific item in the reference.,"An exclusive item for Dialga. When kept in the bag, the Pokémon will be able to move again after defeating an enemy."
xcl_family_dialga_02,Dialga Card,False,xcl,,Species-exclusive Pokemon equipment; no corresponding Digimon-specific item in the reference.,"An exclusive item for Dialga. When kept in the bag, the Pokémon's attacks never miss and always land a critical hit if all moves have the same PP."
xcl_family_dialga_03,Dialga Shard,False,xcl,,Species-exclusive Pokemon equipment; no corresponding Digimon-specific item in the reference.,"An exclusive item for Dialga. When kept in the bag, the Pokémon's PP cannot be lowered by the moves and abilities of opposing Pokémon."
xcl_family_dialga_04,Time Jewel,False,xcl,,Species-exclusive Pokemon equipment; no corresponding Digimon-specific item in the reference.,"An exclusive item for Dialga. When kept in the bag, the Pokémon recovers faster from status problems."
xcl_family_diancie_00,Diancie Tiara,True,xcl,,Species-exclusive Pokemon equipment; no corresponding Digimon-specific item in the reference.,"An exclusive item for Diancie. When kept in the bag, it inflicts the Cringing status on the attacker when the Pokémon is hit with a Steel-type move."
xcl_family_diancie_01,Diancie Ruff,True,xcl,,Species-exclusive Pokemon equipment; no corresponding Digimon-specific item in the reference.,"An exclusive item for Diancie. When kept in the bag, the Pokémon will step in to take Dragon-type attacks for nearby allies."
xcl_family_diancie_02,Diancie Beam,True,xcl,,Species-exclusive Pokemon equipment; no corresponding Digimon-specific item in the reference.,"An exclusive item for Diancie. When kept in the bag, the Pokémon is prevented from being forced off its location."
xcl_family_diancie_03,Diancie Card,True,xcl,,Species-exclusive Pokemon equipment; no corresponding Digimon-specific item in the reference.,"An exclusive item for Diancie. When kept in the bag, the Pokémon gives back recovered HP when it is healed by another Pokémon."
xcl_family_diancie_04,Diancie Jewel,True,xcl,,Species-exclusive Pokemon equipment; no corresponding Digimon-specific item in the reference.,"An exclusive item for Diancie. When kept in the bag, the Pokémon can traverse water, lava, and pits."
xcl_family_diglett_00,Dugtrio Bow,True,xcl,,Species-exclusive Pokemon equipment; no corresponding Digimon-specific item in the reference.,"An exclusive item for the Dugtrio family. When kept in the bag, the Pokémon's Attack Range is increased when the floor has the Sandstorm status."
xcl_family_diglett_01,Dugtrio Hat,True,xcl,,Species-exclusive Pokemon equipment; no corresponding Digimon-specific item in the reference.,"An exclusive item for the Dugtrio family. When kept in the bag, the Pokémon's regular attacks change to match its type."
xcl_family_diglett_02,Diglett Mud,True,xcl,,Species-exclusive Pokemon equipment; no corresponding Digimon-specific item in the reference.,"An exclusive item for the Diglett family. When kept in the bag, the Pokémon's PP cannot be lowered by the moves and abilities of opposing Pokémon."
xcl_family_diglett_03,Diglett Claw,True,xcl,,Species-exclusive Pokemon equipment; no corresponding Digimon-specific item in the reference.,"An exclusive item for the Diglett family. When kept in the bag, it reveals the number of items laying on the ground whenever the Pokémon reaches a new floor."
xcl_family_diglett_04,Diglett Ore,False,xcl,,Species-exclusive Pokemon equipment; no corresponding Digimon-specific item in the reference.,An exclusive item for the Diglett family. 
xcl_family_diglett_05,Dugtrio Pebble,False,xcl,,Species-exclusive Pokemon equipment; no corresponding Digimon-specific item in the reference.,An exclusive item for the Dugtrio family. 
xcl_family_ditto_00,Ditto Torc,True,xcl,,Species-exclusive Pokemon equipment; no corresponding Digimon-specific item in the reference.,"An exclusive item for Ditto. When kept in the bag, the Pokémon gets an extra 3PP to all of its moves."
xcl_family_ditto_01,Ditto Mask,True,xcl,,Species-exclusive Pokemon equipment; no corresponding Digimon-specific item in the reference.,"An exclusive item for Ditto. When kept in the bag, the Pokémon's PP cannot be lowered by the moves and abilities of opposing Pokémon."
xcl_family_ditto_02,Ditto Apron,True,xcl,,Species-exclusive Pokemon equipment; no corresponding Digimon-specific item in the reference.,"An exclusive item for Ditto. When kept in the bag, the Pokémon's regular attacks change to match its type."
xcl_family_ditto_03,Ditto Glasses,True,xcl,,Species-exclusive Pokemon equipment; no corresponding Digimon-specific item in the reference.,"An exclusive item for Ditto. When kept in the bag, the Pokémon's moves will destroy traps."
xcl_family_ditto_04,Ditto Collar,True,xcl,,Species-exclusive Pokemon equipment; no corresponding Digimon-specific item in the reference.,"An exclusive item for Ditto. When kept in the bag, the Pokémon has a higher chance of recruiting wild Pokémon."
xcl_family_ditto_05,Ditto Mantle,True,xcl,,Species-exclusive Pokemon equipment; no corresponding Digimon-specific item in the reference.,"An exclusive item for Ditto. When kept in the bag, the Pokémon's attacks never miss and always land a critical hit if all moves have the same PP."
xcl_family_doduo_00,Fight Torc,True,xcl,,Species-exclusive Pokemon equipment; no corresponding Digimon-specific item in the reference.,"An exclusive item for the Dodrio family. When kept in the bag, the Pokémon gains the Focus Energy status after using a Status move."
xcl_family_doduo_01,Dodrio Hat,True,xcl,,Species-exclusive Pokemon equipment; no corresponding Digimon-specific item in the reference.,"An exclusive item for the Dodrio family. When kept in the bag, the Pokémon will be able to move again after defeating an enemy."
xcl_family_doduo_02,Doduo Claw,True,xcl,,Species-exclusive Pokemon equipment; no corresponding Digimon-specific item in the reference.,"An exclusive item for the Doduo family. When kept in the bag, it allows the Pokémon's regular attack to strike twice."
xcl_family_doduo_03,Doduo Card,True,xcl,,Species-exclusive Pokemon equipment; no corresponding Digimon-specific item in the reference.,"An exclusive item for the Doduo family. When kept in the bag, it changes the Pokémon's lunging moves into two weaker strikes."
xcl_family_doduo_04,Doduo Crest,True,xcl,,Species-exclusive Pokemon equipment; no corresponding Digimon-specific item in the reference.,"An exclusive item for the Doduo family. When kept in the bag, the Pokemon's moves and items that hit in a straight line cannot damage allies."
xcl_family_doduo_05,Dodrio Seal,False,xcl,,Species-exclusive Pokemon equipment; no corresponding Digimon-specific item in the reference.,"An exclusive item for the Dodrio family. When kept in the bag, it raises the critical-hit ratio of super-effective hits."
xcl_family_drampa_00,Drampa Bangle,True,xcl,,Species-exclusive Pokemon equipment; no corresponding Digimon-specific item in the reference.,"An exclusive item for Drampa. When kept in the bag, it allows Dragon-type moves to hit Fairy-type Pokémon."
xcl_family_drampa_01,Drampa Heart,True,xcl,,Species-exclusive Pokemon equipment; no corresponding Digimon-specific item in the reference.,"An exclusive item for Drampa. When kept in the bag, the Pokémon will damage nearby enemies after defeating an enemy."
xcl_family_drampa_02,Drampa Hair,True,xcl,,Species-exclusive Pokemon equipment; no corresponding Digimon-specific item in the reference.,"An exclusive item for Drampa. When kept in the bag, the Pokémon can traverse lava without being burned."
xcl_family_drampa_03,Drampa Tail,True,xcl,,Species-exclusive Pokemon equipment; no corresponding Digimon-specific item in the reference.,"An exclusive item for Drampa. When kept in the bag, the Pokémon has a higher chance of recruiting wild Pokémon."
xcl_family_dratini_00,Mirage Cape,True,xcl,,Species-exclusive Pokemon equipment; no corresponding Digimon-specific item in the reference.,"An exclusive item for the Dragonite family. When kept in the bag, it prevents the Pokémon from fainting to Ice-type moves, leaving it with 1 HP."
xcl_family_dratini_01,Dragonair Tiara,True,xcl,,Species-exclusive Pokemon equipment; no corresponding Digimon-specific item in the reference.,"An exclusive item for the Dragonair family. When kept in the bag, the Pokémon's moves will destroy traps."
xcl_family_dratini_02,Dratini Foam,True,xcl,,Species-exclusive Pokemon equipment; no corresponding Digimon-specific item in the reference.,"An exclusive item for the Dratini family. When kept in the bag, the Pokémon's regular attack cannot miss."
xcl_family_dratini_03,Dratini Tail,True,xcl,,Species-exclusive Pokemon equipment; no corresponding Digimon-specific item in the reference.,"An exclusive item for the Dratini family. When kept in the bag, the Pokémon cannot have its Special Defense lowered."
xcl_family_dratini_04,Dratini Coin,True,xcl,,Species-exclusive Pokemon equipment; no corresponding Digimon-specific item in the reference.,"An exclusive item for the Dratini family. When kept in the bag, it reveals the direction of the staircase whenever the Pokémon reaches a new floor."
xcl_family_dratini_05,Dragonair Jewel,False,xcl,,Species-exclusive Pokemon equipment; no corresponding Digimon-specific item in the reference.,An exclusive item for the Dragonair family. 
xcl_family_dreepy_00,Dragapult Specs,True,xcl,,Species-exclusive Pokemon equipment; no corresponding Digimon-specific item in the reference.,"An exclusive item for the Dragapult family. When kept in the bag, the Pokémon cannot damage allies with its moves."
xcl_family_dreepy_01,Drakloak Tag,True,xcl,,Species-exclusive Pokemon equipment; no corresponding Digimon-specific item in the reference.,"An exclusive item for the Drakloak family. When kept in the bag, it changes the Pokémon's regular attack into a short projectile."
xcl_family_dreepy_02,Dreepy Horn,True,xcl,,Species-exclusive Pokemon equipment; no corresponding Digimon-specific item in the reference.,"An exclusive item for the Dreepy family. When kept in the bag, moves used on the Pokémon are more intensely affected by type match-ups."
xcl_family_dreepy_03,Dreepy Tail,True,xcl,,Species-exclusive Pokemon equipment; no corresponding Digimon-specific item in the reference.,"An exclusive item for the Dreepy family. When kept in the bag, the Pokémon is more likely to evade attacks when at low HP."
xcl_family_dreepy_04,Dreepy Charm,True,xcl,,Species-exclusive Pokemon equipment; no corresponding Digimon-specific item in the reference.,"An exclusive item for the Dreepy family. When kept in the bag, it raises the critical-hit ratio of super-effective hits."
xcl_family_drifloon_00,Breeze Scarf,True,xcl,,Species-exclusive Pokemon equipment; no corresponding Digimon-specific item in the reference.,"An exclusive item for the Drifblim family. When kept in the bag, it partially reveals the floor's layout the Pokémon reaches a new floor."
xcl_family_drifloon_01,Drifblim Belt,True,xcl,,Species-exclusive Pokemon equipment; no corresponding Digimon-specific item in the reference.,"An exclusive item for the Drifblim family. When kept in the bag, the Pokémon's HP is restored when it eats a food item."
xcl_family_drifloon_02,Drifloon Gasp,True,xcl,,Species-exclusive Pokemon equipment; no corresponding Digimon-specific item in the reference.,"An exclusive item for the Drifloon family. When kept in the bag, it allows the Pokémon's regular attack to strike twice."
xcl_family_drifloon_03,Drifloon Card,True,xcl,,Species-exclusive Pokemon equipment; no corresponding Digimon-specific item in the reference.,"An exclusive item for the Drifloon family. When kept in the bag, the Pokémon's attacks never miss and always land a critical hit if all moves have the same PP."
xcl_family_drifloon_04,Wind Heart,True,xcl,,Species-exclusive Pokemon equipment; no corresponding Digimon-specific item in the reference.,"An exclusive item for the Drifloon family. When kept in the bag, the Pokemon's moves and items that hit in a straight line cannot damage allies."
xcl_family_drifloon_05,Easy Charm,False,xcl,,Species-exclusive Pokemon equipment; no corresponding Digimon-specific item in the reference.,An exclusive item for the Drifblim family. 
xcl_family_drowzee_00,Dream Coin,True,xcl,,Species-exclusive Pokemon equipment; no corresponding Digimon-specific item in the reference.,"An exclusive item for the Hypno family. When kept in the bag, it inflicts the Asleep status on the attacker when the Pokémon is hit with a Normal-type move."
xcl_family_drowzee_01,Hypno Tie,True,xcl,,Species-exclusive Pokemon equipment; no corresponding Digimon-specific item in the reference.,"An exclusive item for the Hypno family. When kept in the bag, it changes the Pokémon's regular attack into a short projectile."
xcl_family_drowzee_02,Drowzee Gasp,True,xcl,,Species-exclusive Pokemon equipment; no corresponding Digimon-specific item in the reference.,"An exclusive item for the Drowzee family. When kept in the bag, the Pokémon will not take damage from counter attacks."
xcl_family_drowzee_03,Drowzee Beam,True,xcl,,Species-exclusive Pokemon equipment; no corresponding Digimon-specific item in the reference.,"An exclusive item for the Drowzee family. When kept in the bag, stat changes inflicted on the Pokémon are passed to the Pokémon that caused it."
xcl_family_druddigon_00,Druddigon Bangle,True,xcl,,Species-exclusive Pokemon equipment; no corresponding Digimon-specific item in the reference.,"An exclusive item for Druddigon. When kept in the bag, it allows Dragon-type moves to hit Fairy-type Pokémon."
xcl_family_druddigon_01,Druddigon Heart,True,xcl,,Species-exclusive Pokemon equipment; no corresponding Digimon-specific item in the reference.,"An exclusive item for Druddigon. When kept in the bag, the Pokémon is protected from status conditions when the floor has the Sunny status."
xcl_family_druddigon_02,Druddigon Tail,True,xcl,,Species-exclusive Pokemon equipment; no corresponding Digimon-specific item in the reference.,"An exclusive item for Druddigon. When kept in the bag, the Pokémon is prevented from being forced off its location."
xcl_family_druddigon_03,Druddigon Sweat,True,xcl,,Species-exclusive Pokemon equipment; no corresponding Digimon-specific item in the reference.,"An exclusive item for Druddigon. When kept in the bag, it restores the PP of a move when the Pokémon reaches a new floor."
xcl_family_druddigon_04,Druddigon Claw,True,xcl,,Species-exclusive Pokemon equipment; no corresponding Digimon-specific item in the reference.,"An exclusive item for Druddigon. When kept in the bag, the Pokémon's regular attack will hit the front and sides."
xcl_family_dunsparce_00,Escape Scarf,True,xcl,,Species-exclusive Pokemon equipment; no corresponding Digimon-specific item in the reference.,"An exclusive item for Dunsparce. When kept in the bag, it warps the attackers away when the Pokémon is hit with a Ground-type move."
xcl_family_dunsparce_01,Dunsparce Band,True,xcl,,Species-exclusive Pokemon equipment; no corresponding Digimon-specific item in the reference.,"An exclusive item for Dunsparce. When kept in the bag, the Pokémon cannot damage allies with its moves."
xcl_family_dunsparce_02,Dunsparce Card,True,xcl,,Species-exclusive Pokemon equipment; no corresponding Digimon-specific item in the reference.,"An exclusive item for Dunsparce. When kept in the bag, the Pokémon gets an extra 2PP to all of its moves."
xcl_family_dunsparce_03,Dunsparce Tail,True,xcl,,Species-exclusive Pokemon equipment; no corresponding Digimon-specific item in the reference.,"An exclusive item for Dunsparce. When kept in the bag, the Pokémon has a higher chance of recruiting wild Pokémon."
xcl_family_dunsparce_04,Dunsparce Medal,True,xcl,,Species-exclusive Pokemon equipment; no corresponding Digimon-specific item in the reference.,"An exclusive item for Dunsparce. When kept in the bag, the Pokémon cannot have its Attack lowered."
xcl_family_duskull_00,Unlucky Sash,True,xcl,,Species-exclusive Pokemon equipment; no corresponding Digimon-specific item in the reference.,"An exclusive item for the Dusknoir family. When kept in the bag, it reduces damage done by Ghost-type attacks."
xcl_family_duskull_01,Dusclops Bow,True,xcl,,Species-exclusive Pokemon equipment; no corresponding Digimon-specific item in the reference.,"An exclusive item for the Dusclops family. When kept in the bag, the Pokémon's moves will destroy traps."
xcl_family_duskull_02,Duskull Gasp,True,xcl,,Species-exclusive Pokemon equipment; no corresponding Digimon-specific item in the reference.,"An exclusive item for the Duskull family. When kept in the bag, the Pokémon's PP cannot be lowered by the moves and abilities of opposing Pokémon."
xcl_family_duskull_03,Duskull Card,True,xcl,,Species-exclusive Pokemon equipment; no corresponding Digimon-specific item in the reference.,"An exclusive item for the Duskull family. When kept in the bag, the Pokémon will not take damage from counter attacks."
xcl_family_eevee_00,Fairy Collar,True,xcl,,Species-exclusive Pokemon equipment; no corresponding Digimon-specific item in the reference.,"An exclusive item for Sylveon. When kept in the bag, it inflicts the In Love status on the attacker when the Pokémon is hit with a Steel-type move."
xcl_family_eevee_01,Sylveon Ring,True,xcl,,Species-exclusive Pokemon equipment; no corresponding Digimon-specific item in the reference.,"An exclusive item for Sylveon. When kept in the bag, the Pokémon recovers faster from status problems."
xcl_family_eevee_02,Sylveon Card,True,xcl,,Species-exclusive Pokemon equipment; no corresponding Digimon-specific item in the reference.,"An exclusive item for Eevee, and Sylveon. When kept in the bag, the Pokémon's regular attacks and thrown items have a chance to inflict the In Love status."
xcl_family_eevee_03,Icy Collar,True,xcl,,Species-exclusive Pokemon equipment; no corresponding Digimon-specific item in the reference.,"An exclusive item for Glaceon. When kept in the bag, it prevents the Pokémon from fainting to Fire-type moves, leaving it with 1 HP."
xcl_family_eevee_04,Glaceon Hair,True,xcl,,Species-exclusive Pokemon equipment; no corresponding Digimon-specific item in the reference.,"An exclusive item for Glaceon. When kept in the bag, the Pokémon is more likely to evade attacks from close up."
xcl_family_eevee_05,Glaceon Card,True,xcl,,Species-exclusive Pokemon equipment; no corresponding Digimon-specific item in the reference.,"An exclusive item for Eevee, and Glaceon. When kept in the bag, the Pokémon's regular attacks and thrown items have a chance to inflict the Frozen status."
xcl_family_eevee_06,Virid Collar,True,xcl,,Species-exclusive Pokemon equipment; no corresponding Digimon-specific item in the reference.,"An exclusive item for Leafeon. When kept in the bag, it inflicts the Leech Seed status on the attacker when the Pokémon is hit with a Ice-type move."
xcl_family_eevee_07,Leafeon Ring,True,xcl,,Species-exclusive Pokemon equipment; no corresponding Digimon-specific item in the reference.,"An exclusive item for Leafeon. When kept in the bag, the Pokémon's natural HP-recovery speed is boosted."
xcl_family_eevee_08,Leafeon Card,True,xcl,,Species-exclusive Pokemon equipment; no corresponding Digimon-specific item in the reference.,"An exclusive item for Eevee, and Leafeon. When kept in the bag, the Pokémon's regular attacks and thrown items have a chance to inflict the Leech Seed status."
xcl_family_eevee_09,Dusk Collar,True,xcl,,Species-exclusive Pokemon equipment; no corresponding Digimon-specific item in the reference.,"An exclusive item for Umbreon. When kept in the bag, it reduces damage done by Fighting-type attacks."
xcl_family_eevee_10,Umbreon Ring,True,xcl,,Species-exclusive Pokemon equipment; no corresponding Digimon-specific item in the reference.,"An exclusive item for Umbreon. When kept in the bag, the Pokémon's moves will destroy traps."
xcl_family_eevee_11,Umbreon Card,True,xcl,,Species-exclusive Pokemon equipment; no corresponding Digimon-specific item in the reference.,"An exclusive item for Eevee, and Umbreon. When kept in the bag, the Pokémon's regular attacks and thrown items have a chance to inflict the Cringing status."
xcl_family_eevee_12,Light Collar,True,xcl,,Species-exclusive Pokemon equipment; no corresponding Digimon-specific item in the reference.,"An exclusive item for Espeon. When kept in the bag, it inflicts the Confused status on the attacker when the Pokémon is hit with a Dark-type move."
xcl_family_eevee_13,Espeon Ring,True,xcl,,Species-exclusive Pokemon equipment; no corresponding Digimon-specific item in the reference.,"An exclusive item for Espeon. When kept in the bag, the effects of wands will spread out like a fan when waved by the Pokémon."
xcl_family_eevee_14,Espeon Card,True,xcl,,Species-exclusive Pokemon equipment; no corresponding Digimon-specific item in the reference.,"An exclusive item for Eevee, and Espeon. When kept in the bag, the Pokémon's regular attacks and thrown items have a chance to inflict the Confused status."
xcl_family_eevee_15,Fire Collar,True,xcl,,Species-exclusive Pokemon equipment; no corresponding Digimon-specific item in the reference.,"An exclusive item for Flareon. When kept in the bag, the Pokémon's Fire-type moves are changed to become Physical."
xcl_family_eevee_16,Flareon Ring,True,xcl,,Species-exclusive Pokemon equipment; no corresponding Digimon-specific item in the reference.,"An exclusive item for Flareon. When kept in the bag, the Pokémon's regular attack explodes outwards with splash damage."
xcl_family_eevee_17,Flareon Card,True,xcl,,Species-exclusive Pokemon equipment; no corresponding Digimon-specific item in the reference.,"An exclusive item for Eevee, and Flareon. When kept in the bag, the Pokémon's regular attacks and thrown items have a chance to inflict the Burned status."
xcl_family_eevee_18,Volt Collar,True,xcl,,Species-exclusive Pokemon equipment; no corresponding Digimon-specific item in the reference.,"An exclusive item for Jolteon. When kept in the bag, the Pokémon will be able to move again after defeating an enemy."
xcl_family_eevee_19,Jolteon Ring,True,xcl,,Species-exclusive Pokemon equipment; no corresponding Digimon-specific item in the reference.,"An exclusive item for Jolteon. When kept in the bag, the Pokemon's moves and items that hit in a straight line will pass through walls."
xcl_family_eevee_20,Jolteon Card,True,xcl,,Species-exclusive Pokemon equipment; no corresponding Digimon-specific item in the reference.,"An exclusive item for Eevee, and Jolteon. When kept in the bag, the Pokémon's regular attacks and thrown items have a chance to inflict the Paralyzed status."
xcl_family_eevee_21,Aqua Collar,True,xcl,,Species-exclusive Pokemon equipment; no corresponding Digimon-specific item in the reference.,"An exclusive item for Vaporeon. When kept in the bag, it inflicts the Immobilized status on the attacker when the Pokémon is hit with a Electric-type move."
xcl_family_eevee_22,Vaporeon Ring,True,xcl,,Species-exclusive Pokemon equipment; no corresponding Digimon-specific item in the reference.,"An exclusive item for Vaporeon. When kept in the bag, the Pokémon recovers HP when in water."
xcl_family_eevee_23,Vaporeon Card,True,xcl,,Species-exclusive Pokemon equipment; no corresponding Digimon-specific item in the reference.,"An exclusive item for Eevee, and Vaporeon. When kept in the bag, the Pokémon's regular attacks and thrown items have a chance to inflict the Immobilized status."
xcl_family_eevee_24,Prism Ruff,True,xcl,,Species-exclusive Pokemon equipment; no corresponding Digimon-specific item in the reference.,"An exclusive item for the Eevee family. When kept in the bag, the Pokémon's regular attacks change to match its type."
xcl_family_eevee_25,Eevee Tail,True,xcl,,Species-exclusive Pokemon equipment; no corresponding Digimon-specific item in the reference.,"An exclusive item for the Eevee family. When kept in the bag, it restores the PP of a move when the Pokémon reaches a new floor."
xcl_family_eevee_26,Eevee Card,True,xcl,,Species-exclusive Pokemon equipment; no corresponding Digimon-specific item in the reference.,"An exclusive item for the Eevee family. When kept in the bag, the Pokémon will do increased damage if its previous move missed."
xcl_family_eiscue_00,Eiscue Tie,True,xcl,,Species-exclusive Pokemon equipment; no corresponding Digimon-specific item in the reference.,"An exclusive item for Eiscue. When kept in the bag, the Pokémon's Water-type moves are boosted."
xcl_family_eiscue_01,Eiscue Ore,True,xcl,,Species-exclusive Pokemon equipment; no corresponding Digimon-specific item in the reference.,"An exclusive item for Eiscue. When kept in the bag, the Pokémon is more likely to evade attacks from far away."
xcl_family_eiscue_02,Eiscue Wing,True,xcl,,Species-exclusive Pokemon equipment; no corresponding Digimon-specific item in the reference.,"An exclusive item for Eiscue. When kept in the bag, the Pokémon's Ice-type moves are changed to become Physical."
xcl_family_eiscue_03,Eiscue Card,True,xcl,,Species-exclusive Pokemon equipment; no corresponding Digimon-specific item in the reference.,"An exclusive item for Eiscue. When kept in the bag, the Pokémon takes reduced damage from multiple attacks in a turn."
xcl_family_ekans_00,Shock Ruff,True,xcl,,Species-exclusive Pokemon equipment; no corresponding Digimon-specific item in the reference.,"An exclusive item for the Arbok family. When kept in the bag, the Pokémon's Physical moves inflict the Immobilized status."
xcl_family_ekans_01,Arbok Belt,True,xcl,,Species-exclusive Pokemon equipment; no corresponding Digimon-specific item in the reference.,"An exclusive item for the Arbok family. When kept in the bag, status problems inflicted on the Pokémon are passed to the Pokémon that caused it."
xcl_family_ekans_02,Ekans Fang,True,xcl,,Species-exclusive Pokemon equipment; no corresponding Digimon-specific item in the reference.,"An exclusive item for the Ekans family. When kept in the bag, the Pokémon is more likely to evade attacks when at low HP."
xcl_family_ekans_03,Ekans Card,True,xcl,,Species-exclusive Pokemon equipment; no corresponding Digimon-specific item in the reference.,"An exclusive item for the Ekans family. When kept in the bag, the Pokémon takes reduced damage from multiple attacks in a turn."
xcl_family_ekans_04,Ekans Crest,True,xcl,,Species-exclusive Pokemon equipment; no corresponding Digimon-specific item in the reference.,"An exclusive item for the Ekans family. When kept in the bag, the Pokemon's moves and items that hit in a straight line cannot damage allies."
xcl_family_electabuzz_00,Voltaic Band,True,xcl,,Species-exclusive Pokemon equipment; no corresponding Digimon-specific item in the reference.,"An exclusive item for the Electivire family. When kept in the bag, the Pokémon gains the Electrified status after using a Status move."
xcl_family_electabuzz_01,Electabuzz Bangle,True,xcl,,Species-exclusive Pokemon equipment; no corresponding Digimon-specific item in the reference.,"An exclusive item for the Electabuzz family. When kept in the bag, the Pokémon's moves will destroy traps."
xcl_family_electabuzz_02,Elekid Claw,True,xcl,,Species-exclusive Pokemon equipment; no corresponding Digimon-specific item in the reference.,"An exclusive item for the Elekid family. When kept in the bag, the Pokémon is prevented from being forced off its location."
xcl_family_electabuzz_03,Elekid Card,True,xcl,,Species-exclusive Pokemon equipment; no corresponding Digimon-specific item in the reference.,"An exclusive item for the Elekid family. When kept in the bag, the Pokémon is more likely to evade attacks when at low HP."
xcl_family_electabuzz_04,Jolt Charm,True,xcl,,Species-exclusive Pokemon equipment; no corresponding Digimon-specific item in the reference.,"An exclusive item for the Elekid family. When kept in the bag, the Pokémon will take reduced damage from explosions and splash damage."
xcl_family_electabuzz_05,Charge Seal,False,xcl,,Species-exclusive Pokemon equipment; no corresponding Digimon-specific item in the reference.,An exclusive item for the Electabuzz family. 
xcl_family_electrike_00,Manectric Mask,True,xcl,,Species-exclusive Pokemon equipment; no corresponding Digimon-specific item in the reference.,"An exclusive item for the Manectric family. When kept in the bag, the Pokémon recovers faster from status problems."
xcl_family_electrike_01,Manectric Crown,True,xcl,,Species-exclusive Pokemon equipment; no corresponding Digimon-specific item in the reference.,"An exclusive item for the Manectric family. When kept in the bag, the Pokémon is more likely to evade attacks from close up."
xcl_family_electrike_02,Electrike Card,True,xcl,,Species-exclusive Pokemon equipment; no corresponding Digimon-specific item in the reference.,"An exclusive item for the Electrike family. When kept in the bag, the Pokémon gets an extra 2PP to all of its moves."
xcl_family_electrike_03,Electrike Tail,True,xcl,,Species-exclusive Pokemon equipment; no corresponding Digimon-specific item in the reference.,"An exclusive item for the Electrike family. When kept in the bag, the category of the Pokémon's regular attack is changed from physical to special."
xcl_family_emolga_00,Emolga Cape,False,xcl,,Species-exclusive Pokemon equipment; no corresponding Digimon-specific item in the reference.,"An exclusive item for Emolga. When kept in the bag, the Pokémon's Flying-type moves have a chance to inflict the Paralyzed status."
xcl_family_emolga_01,Emolga Dust,False,xcl,,Species-exclusive Pokemon equipment; no corresponding Digimon-specific item in the reference.,"An exclusive item for Emolga. When kept in the bag, the Pokémon is more likely to evade attacks from far away."
xcl_family_emolga_02,Emolga Card,False,xcl,,Species-exclusive Pokemon equipment; no corresponding Digimon-specific item in the reference.,"An exclusive item for Emolga. When kept in the bag, moves used on the Pokémon are more intensely affected by type match-ups."
xcl_family_emolga_03,Emolga Fang,False,xcl,,Species-exclusive Pokemon equipment; no corresponding Digimon-specific item in the reference.,"An exclusive item for Emolga. When kept in the bag, it allows the Pokémon's regular attack to strike twice."
xcl_family_espurr_00,Meowstic Scope,True,xcl,,Species-exclusive Pokemon equipment; no corresponding Digimon-specific item in the reference.,"An exclusive item for the Meowstic family. When kept in the bag, it allows Psychic-type moves to hit Dark-type Pokémon."
xcl_family_espurr_01,Meowstic Ring,True,xcl,,Species-exclusive Pokemon equipment; no corresponding Digimon-specific item in the reference.,"An exclusive item for the Meowstic family. When kept in the bag, it changes the Pokémon's regular attack into a short projectile."
xcl_family_espurr_02,Espurr Hair,True,xcl,,Species-exclusive Pokemon equipment; no corresponding Digimon-specific item in the reference.,"An exclusive item for the Espurr family. When kept in the bag, the Pokémon's moves are more intensely affected by type match-ups."
xcl_family_espurr_03,Espurr Tail,True,xcl,,Species-exclusive Pokemon equipment; no corresponding Digimon-specific item in the reference.,"An exclusive item for the Espurr family. When kept in the bag, the category of the Pokémon's regular attack is changed from physical to special."
xcl_family_espurr_04,Espurr Earring,True,xcl,,Species-exclusive Pokemon equipment; no corresponding Digimon-specific item in the reference.,"An exclusive item for the Espurr family. When kept in the bag, the Pokémon will damage nearby enemies after defeating an enemy."
xcl_family_eternatus_00,Eternamax Core,True,xcl,,Species-exclusive Pokemon equipment; no corresponding Digimon-specific item in the reference.,"An exclusive item for Eternatus. When kept in the bag, the Pokémon's Dragon-type moves are boosted."
xcl_family_eternatus_01,Eternatus Heart,True,xcl,,Species-exclusive Pokemon equipment; no corresponding Digimon-specific item in the reference.,"An exclusive item for Eternatus. When kept in the bag, the Pokémon can traverse water, lava, and pits."
xcl_family_eternatus_02,Eternatus Tail,True,xcl,,Species-exclusive Pokemon equipment; no corresponding Digimon-specific item in the reference.,"An exclusive item for Eternatus. When kept in the bag, the Pokémon's regular attack will hit the front and sides."
xcl_family_eternatus_03,Eternatus Thorn,True,xcl,,Species-exclusive Pokemon equipment; no corresponding Digimon-specific item in the reference.,"An exclusive item for Eternatus. When kept in the bag, the Pokémon will regain HP after defeating an enemy."
xcl_family_exeggcute_00,Exeggutor Hat,True,xcl,,Species-exclusive Pokemon equipment; no corresponding Digimon-specific item in the reference.,"An exclusive item for the Exeggutor family. When kept in the bag, the Pokémon changes the floor to Wonder Room after using a Status move."
xcl_family_exeggcute_01,Exeggutor Sash,True,xcl,,Species-exclusive Pokemon equipment; no corresponding Digimon-specific item in the reference.,"An exclusive item for the Exeggutor family. When kept in the bag, the Pokémon will damage nearby enemies after defeating an enemy."
xcl_family_exeggcute_02,Exeggcute Beam,True,xcl,,Species-exclusive Pokemon equipment; no corresponding Digimon-specific item in the reference.,"An exclusive item for the Exeggcute family. When kept in the bag, it restores the PP of a move when the Pokémon reaches a new floor."
xcl_family_exeggcute_03,Exeggcute Card,True,xcl,,Species-exclusive Pokemon equipment; no corresponding Digimon-specific item in the reference.,"An exclusive item for the Exeggcute family. When kept in the bag, the Pokémon takes reduced damage from multiple attacks in a turn."
xcl_family_farfetchd_00,Bullseye Bow,True,xcl,,Species-exclusive Pokemon equipment; no corresponding Digimon-specific item in the reference.,"An exclusive item for the Sirfetch'd family. When kept in the bag, the Pokémon's Attack Range is increased when the floor has the Clear status."
xcl_family_farfetchd_01,Sirfetch'd Poncho,True,xcl,,Species-exclusive Pokemon equipment; no corresponding Digimon-specific item in the reference.,"An exclusive item for the Sirfetch'd family. When kept in the bag, the Pokémon's moves will destroy traps."
xcl_family_farfetchd_02,Farfetch'd Card,True,xcl,,Species-exclusive Pokemon equipment; no corresponding Digimon-specific item in the reference.,"An exclusive item for the Farfetch'd family. When kept in the bag, the Pokémon will not take damage from counter attacks."
xcl_family_farfetchd_03,Farfetch'd Charm,True,xcl,,Species-exclusive Pokemon equipment; no corresponding Digimon-specific item in the reference.,"An exclusive item for the Farfetch'd family. When kept in the bag, it allows the Pokémon's regular attack to strike twice."
xcl_family_farfetchd_04,Farfetch'd Medal,True,xcl,,Species-exclusive Pokemon equipment; no corresponding Digimon-specific item in the reference.,"An exclusive item for the Farfetch'd family. When kept in the bag, the Pokemon's moves and items that hit in a straight line cannot damage allies."
xcl_family_farfetchd_05,Sirfetch'd Crest,False,xcl,,Species-exclusive Pokemon equipment; no corresponding Digimon-specific item in the reference.,An exclusive item for the Sirfetch'd family. 
xcl_family_feebas_00,Grace Scarf,False,xcl,,Species-exclusive Pokemon equipment; no corresponding Digimon-specific item in the reference.,"An exclusive item for the Milotic family. When kept in the bag, it warps the attackers away when the Pokémon is hit with a Electric-type move."
xcl_family_feebas_01,Milotic Robe,False,xcl,,Species-exclusive Pokemon equipment; no corresponding Digimon-specific item in the reference.,"An exclusive item for the Milotic family. When kept in the bag, the Pokémon's natural HP-recovery speed is boosted."
xcl_family_feebas_02,Feebas Dew,False,xcl,,Species-exclusive Pokemon equipment; no corresponding Digimon-specific item in the reference.,"An exclusive item for the Feebas family. When kept in the bag, the Pokémon has a higher chance of recruiting wild Pokémon."
xcl_family_feebas_03,Feebas Card,False,xcl,,Species-exclusive Pokemon equipment; no corresponding Digimon-specific item in the reference.,"An exclusive item for the Feebas family. When kept in the bag, the Pokémon is prevented from being forced off its location."
xcl_family_feebas_04,Feebas Charm,False,xcl,,Species-exclusive Pokemon equipment; no corresponding Digimon-specific item in the reference.,"An exclusive item for the Feebas family. When kept in the bag, the Pokémon will find more Treasure Chests when exploring in dungeons."
xcl_family_fennekin_00,Delphox Hat,True,xcl,,Species-exclusive Pokemon equipment; no corresponding Digimon-specific item in the reference.,"An exclusive item for the Delphox family. When kept in the bag, the effects of wands will spread out like a fan when waved by the Pokémon."
xcl_family_fennekin_01,Braixen Branch,True,xcl,,Species-exclusive Pokemon equipment; no corresponding Digimon-specific item in the reference.,"An exclusive item for the Braixen family. When kept in the bag, it changes the Pokémon's regular attack into a short projectile."
xcl_family_fennekin_02,Fennekin Tail,True,xcl,,Species-exclusive Pokemon equipment; no corresponding Digimon-specific item in the reference.,"An exclusive item for the Fennekin family. When kept in the bag, the category of the Pokémon's regular attack is changed from physical to special."
xcl_family_fennekin_03,Fennekin Fang,True,xcl,,Species-exclusive Pokemon equipment; no corresponding Digimon-specific item in the reference.,"An exclusive item for the Fennekin family. When kept in the bag, the Pokémon cannot have its Special Attack lowered."
xcl_family_fennekin_04,Fennekin Brooch,True,xcl,,Species-exclusive Pokemon equipment; no corresponding Digimon-specific item in the reference.,"An exclusive item for the Fennekin family. When kept in the bag, the Pokemon's moves and items that hit in a straight line cannot damage allies."
xcl_family_ferroseed_00,Ferrothorn Armor,True,xcl,,Species-exclusive Pokemon equipment; no corresponding Digimon-specific item in the reference.,"An exclusive item for the Ferrothorn family. When kept in the bag, it prevents the Pokémon from fainting to Fire-type moves, leaving it with 1 HP."
xcl_family_ferroseed_01,Ferrothorn Shield,True,xcl,,Species-exclusive Pokemon equipment; no corresponding Digimon-specific item in the reference.,"An exclusive item for the Ferrothorn family. When kept in the bag, the Pokémon will step in to take Poison-type attacks for nearby allies."
xcl_family_ferroseed_02,Ferroseed Thorn,True,xcl,,Species-exclusive Pokemon equipment; no corresponding Digimon-specific item in the reference.,"An exclusive item for the Ferroseed family. When kept in the bag, the Pokémon will do increased damage if its previous move missed."
xcl_family_ferroseed_03,Ferroseed Card,True,xcl,,Species-exclusive Pokemon equipment; no corresponding Digimon-specific item in the reference.,"An exclusive item for the Ferroseed family. When kept in the bag, the Pokémon takes reduced damage from multiple attacks in a turn."
xcl_family_ferroseed_04,Ferroseed Ore,True,xcl,,Species-exclusive Pokemon equipment; no corresponding Digimon-specific item in the reference.,"An exclusive item for the Ferroseed family. When kept in the bag, the Pokémon will counter damage from regular attacks and thrown items."
xcl_family_finizen_00,Palafin Mask,True,xcl,,Species-exclusive Pokemon equipment; no corresponding Digimon-specific item in the reference.,"An exclusive item for the Palafin family. When kept in the bag, the Pokémon's Fighting-type moves are boosted."
xcl_family_finizen_01,Palafin Seal,True,xcl,,Species-exclusive Pokemon equipment; no corresponding Digimon-specific item in the reference.,"An exclusive item for the Palafin family. When kept in the bag, the Pokémon is fully healed upon entering a new floor."
xcl_family_finizen_02,Finizen Foam,True,xcl,,Species-exclusive Pokemon equipment; no corresponding Digimon-specific item in the reference.,"An exclusive item for the Finizen family. When kept in the bag, the Pokémon has a higher chance of recruiting wild Pokémon."
xcl_family_finizen_03,Finizen Dew,True,xcl,,Species-exclusive Pokemon equipment; no corresponding Digimon-specific item in the reference.,"An exclusive item for the Finizen family. When kept in the bag, the Pokémon's moves are more intensely affected by type match-ups."
xcl_family_finizen_04,Finizen Brooch,True,xcl,,Species-exclusive Pokemon equipment; no corresponding Digimon-specific item in the reference.,"An exclusive item for the Finizen family. When kept in the bag, the Pokémon will step in to take Water-type attacks for nearby allies."
xcl_family_finneon_00,Lumineon Torc,True,xcl,,Species-exclusive Pokemon equipment; no corresponding Digimon-specific item in the reference.,"An exclusive item for the Lumineon family. When kept in the bag, the Pokémon's Bug-type moves are boosted."
xcl_family_finneon_01,Lumineon Bow,True,xcl,,Species-exclusive Pokemon equipment; no corresponding Digimon-specific item in the reference.,"An exclusive item for the Lumineon family. When kept in the bag, the Pokémon will gradually restore the HP of its allies when its own HP is full."
xcl_family_finneon_02,Finneon Foam,True,xcl,,Species-exclusive Pokemon equipment; no corresponding Digimon-specific item in the reference.,"An exclusive item for the Finneon family. When kept in the bag, the Pokémon cannot have its Special Attack lowered."
xcl_family_finneon_03,Finneon Card,True,xcl,,Species-exclusive Pokemon equipment; no corresponding Digimon-specific item in the reference.,"An exclusive item for the Finneon family. When kept in the bag, the Pokémon's regular attack will hit the front and sides."
xcl_family_finneon_04,Finneon Seal,True,xcl,,Species-exclusive Pokemon equipment; no corresponding Digimon-specific item in the reference.,"An exclusive item for the Finneon family. When kept in the bag, it reveals the direction of the staircase whenever the Pokémon reaches a new floor."
xcl_family_flabebe_00,Florges Bow,True,xcl,,Species-exclusive Pokemon equipment; no corresponding Digimon-specific item in the reference.,"An exclusive item for the Florges family. When kept in the bag, it reduces damage done by Poison-type attacks."
xcl_family_flabebe_01,Floette Dust,True,xcl,,Species-exclusive Pokemon equipment; no corresponding Digimon-specific item in the reference.,"An exclusive item for the Floette family. When kept in the bag, the effects of wands will spread out like a fan when waved by the Pokémon."
xcl_family_flabebe_02,Flabébé Dew,True,xcl,,Species-exclusive Pokemon equipment; no corresponding Digimon-specific item in the reference.,"An exclusive item for the Flabébé family. When kept in the bag, it restores the PP of a move when the Pokémon reaches a new floor."
xcl_family_flabebe_03,Flabébé Card,True,xcl,,Species-exclusive Pokemon equipment; no corresponding Digimon-specific item in the reference.,"An exclusive item for the Flabébé family. When kept in the bag, the Pokémon is prevented from being forced off its location."
xcl_family_flabebe_04,Flabébé Aroma,True,xcl,,Species-exclusive Pokemon equipment; no corresponding Digimon-specific item in the reference.,"An exclusive item for the Flabébé family. When kept in the bag, the Pokémon recovers faster from status problems."
xcl_family_flutter_mane_00,Flutter Specs,True,xcl,,Species-exclusive Pokemon equipment; no corresponding Digimon-specific item in the reference.,"An exclusive item for Flutter Mane. When kept in the bag, the Pokémon's Psychic-type moves are boosted."
xcl_family_flutter_mane_01,Flutter Wings,True,xcl,,Species-exclusive Pokemon equipment; no corresponding Digimon-specific item in the reference.,"An exclusive item for Flutter Mane. When kept in the bag, the Pokémon can traverse water, lava, and pits."
xcl_family_flutter_mane_02,Flutter Fang,True,xcl,,Species-exclusive Pokemon equipment; no corresponding Digimon-specific item in the reference.,"An exclusive item for Flutter Mane. When kept in the bag, the category of the Pokémon's regular attack is changed from physical to special."
xcl_family_flutter_mane_03,Flutter Cape,True,xcl,,Species-exclusive Pokemon equipment; no corresponding Digimon-specific item in the reference.,"An exclusive item for Flutter Mane. When kept in the bag, the Pokémon is more likely to evade attacks when at low HP."
xcl_family_fomantis_00,Lurantis Blade,True,xcl,,Species-exclusive Pokemon equipment; no corresponding Digimon-specific item in the reference.,"An exclusive item for the Lurantis family. When kept in the bag, the Pokémon's Bug-type moves are boosted."
xcl_family_fomantis_01,Lurantis Veil,True,xcl,,Species-exclusive Pokemon equipment; no corresponding Digimon-specific item in the reference.,"An exclusive item for the Lurantis family. When kept in the bag, the Pokémon will be able to move again after defeating an enemy."
xcl_family_fomantis_02,Fomantis Claw,True,xcl,,Species-exclusive Pokemon equipment; no corresponding Digimon-specific item in the reference.,"An exclusive item for the Fomantis family. When kept in the bag, the Pokémon's regular attack cannot miss."
xcl_family_fomantis_03,Fomantis Leaf,True,xcl,,Species-exclusive Pokemon equipment; no corresponding Digimon-specific item in the reference.,"An exclusive item for the Fomantis family. When kept in the bag, the Pokémon will be able to move when asleep."
xcl_family_fomantis_04,Fomantis Charm,True,xcl,,Species-exclusive Pokemon equipment; no corresponding Digimon-specific item in the reference.,"An exclusive item for the Fomantis family. When kept in the bag, the Pokémon will be able to move when charging attacks."
xcl_family_frigibax_00,Baxcalibur Blade,False,xcl,,Species-exclusive Pokemon equipment; no corresponding Digimon-specific item in the reference.,"An exclusive item for the Baxcalibur family. When kept in the bag, it changes the Pokémon's regular attack into a dash."
xcl_family_frigibax_01,Arctibax Crest,False,xcl,,Species-exclusive Pokemon equipment; no corresponding Digimon-specific item in the reference.,"An exclusive item for the Arctibax family. When kept in the bag, the Pokémon will damage nearby enemies after defeating an enemy."
xcl_family_frigibax_02,Frigibax Fang,False,xcl,,Species-exclusive Pokemon equipment; no corresponding Digimon-specific item in the reference.,"An exclusive item for the Frigibax family. When kept in the bag, it changes the Pokémon's lunging moves into two weaker strikes."
xcl_family_frigibax_03,Frigibax Tail,False,xcl,,Species-exclusive Pokemon equipment; no corresponding Digimon-specific item in the reference.,"An exclusive item for the Frigibax family. When kept in the bag, it raises the critical-hit ratio of not-very-effective hits."
xcl_family_frigibax_04,Frigibax Guard,False,xcl,,Species-exclusive Pokemon equipment; no corresponding Digimon-specific item in the reference.,"An exclusive item for the Frigibax family. When kept in the bag, the Pokémon is protected from status conditions when the floor has the Hail status."
xcl_family_furfrou_00,Furfrou Collar,False,xcl,,Species-exclusive Pokemon equipment; no corresponding Digimon-specific item in the reference.,"An exclusive item for Furfrou. When kept in the bag, the Pokémon's Normal-type moves may lower the target's Attack."
xcl_family_furfrou_01,Furfrou Guard,False,xcl,,Species-exclusive Pokemon equipment; no corresponding Digimon-specific item in the reference.,"An exclusive item for Furfrou. When kept in the bag, the Pokémon will step in to take Ghost-type attacks for nearby allies."
xcl_family_furfrou_02,Furfrou Fang,False,xcl,,Species-exclusive Pokemon equipment; no corresponding Digimon-specific item in the reference.,"An exclusive item for Furfrou. When kept in the bag, the Pokémon is prevented from being forced off its location."
xcl_family_furfrou_03,Furfrou Hair,False,xcl,,Species-exclusive Pokemon equipment; no corresponding Digimon-specific item in the reference.,"An exclusive item for Furfrou. When kept in the bag, the Pokémon takes reduced damage from multiple attacks in a turn."
xcl_family_gastly_00,Sunglasses,True,xcl,,Species-exclusive Pokemon equipment; no corresponding Digimon-specific item in the reference.,"An exclusive item for the Gengar family. When kept in the bag, the Pokémon gains the Invisible status after using a Status move."
xcl_family_gastly_01,Slip Scarf,True,xcl,,Species-exclusive Pokemon equipment; no corresponding Digimon-specific item in the reference.,"An exclusive item for the Haunter family. When kept in the bag, the Pokémon's regular attacks change to match its type."
xcl_family_gastly_02,Gastly Fang,True,xcl,,Species-exclusive Pokemon equipment; no corresponding Digimon-specific item in the reference.,"An exclusive item for the Gastly family. When kept in the bag, the Pokémon will not take damage from counter attacks."
xcl_family_gastly_03,Gastly Drool,True,xcl,,Species-exclusive Pokemon equipment; no corresponding Digimon-specific item in the reference.,"An exclusive item for the Gastly family. When kept in the bag, it reveals the number of items laying on the ground whenever the Pokémon reaches a new floor."
xcl_family_genesect_00,G-Scope,True,xcl,,Species-exclusive Pokemon equipment; no corresponding Digimon-specific item in the reference.,"An exclusive item for Genesect. When kept in the bag, it allows the Pokémon to see foes and items in heavy darkness."
xcl_family_genesect_01,G-Booster,True,xcl,,Species-exclusive Pokemon equipment; no corresponding Digimon-specific item in the reference.,"An exclusive item for Genesect. When kept in the bag, the Pokemon's moves and items that hit in a straight line will pass through walls."
xcl_family_genesect_02,Genesect Claw,True,xcl,,Species-exclusive Pokemon equipment; no corresponding Digimon-specific item in the reference.,"An exclusive item for Genesect. When kept in the bag, the Pokémon's regular attack cannot miss."
xcl_family_genesect_03,Genesect Beam,True,xcl,,Species-exclusive Pokemon equipment; no corresponding Digimon-specific item in the reference.,"An exclusive item for Genesect. When kept in the bag, it restores the PP of a move when the Pokémon reaches a new floor."
xcl_family_geodude_00,Rugged Sash,True,xcl,,Species-exclusive Pokemon equipment; no corresponding Digimon-specific item in the reference.,"An exclusive item for the Golem family. When kept in the bag, the Pokémon is protected from status conditions when the floor has the Sandstorm status."
xcl_family_geodude_01,Graveler Drill,True,xcl,,Species-exclusive Pokemon equipment; no corresponding Digimon-specific item in the reference.,"An exclusive item for the Graveler family. When kept in the bag, some of the Pokémon's moves will break walls."
xcl_family_geodude_02,Geodude Card,True,xcl,,Species-exclusive Pokemon equipment; no corresponding Digimon-specific item in the reference.,"An exclusive item for the Geodude family. When kept in the bag, the Pokémon will do increased damage if its previous move missed."
xcl_family_geodude_03,Geodude Mud,True,xcl,,Species-exclusive Pokemon equipment; no corresponding Digimon-specific item in the reference.,"An exclusive item for the Geodude family. When kept in the bag, the Pokémon is prevented from being forced off its location."
xcl_family_geodude_04,Geodude Ore,True,xcl,,Species-exclusive Pokemon equipment; no corresponding Digimon-specific item in the reference.,"An exclusive item for the Geodude family. When kept in the bag, the Pokémon can traverse water, lava, and pits."
xcl_family_geodude_05,Graveler Ore,False,xcl,,Species-exclusive Pokemon equipment; no corresponding Digimon-specific item in the reference.,"An exclusive item for the Graveler family. When kept in the bag, the Pokémon will take reduced damage from explosions and splash damage."
xcl_family_gible_00,Mach Scarf,True,xcl,,Species-exclusive Pokemon equipment; no corresponding Digimon-specific item in the reference.,"An exclusive item for the Garchomp family. When kept in the bag, it inflicts the Cringing status on the attacker when the Pokémon is hit with a Fairy-type move."
xcl_family_gible_01,Meteor Torc,True,xcl,,Species-exclusive Pokemon equipment; no corresponding Digimon-specific item in the reference.,"An exclusive item for the Gabite family. When kept in the bag, the Pokémon will damage nearby enemies after defeating an enemy."
xcl_family_gible_02,Gible Fang,True,xcl,,Species-exclusive Pokemon equipment; no corresponding Digimon-specific item in the reference.,"An exclusive item for the Gible family. When kept in the bag, the Pokémon is prevented from being forced off its location."
xcl_family_gible_03,Gible Card,True,xcl,,Species-exclusive Pokemon equipment; no corresponding Digimon-specific item in the reference.,"An exclusive item for the Gible family. When kept in the bag, it changes the Pokémon's lunging moves into two weaker strikes."
xcl_family_gible_04,Gible Jewel,True,xcl,,Species-exclusive Pokemon equipment; no corresponding Digimon-specific item in the reference.,"An exclusive item for the Gible family. When kept in the bag, the Pokémon will counter damage from regular attacks and thrown items."
xcl_family_gible_05,Gabite Rock,False,xcl,,Species-exclusive Pokemon equipment; no corresponding Digimon-specific item in the reference.,An exclusive item for the Gabite family. 
xcl_family_gimmighoul_00,Gholdengo Crown,True,xcl,,Species-exclusive Pokemon equipment; no corresponding Digimon-specific item in the reference.,"An exclusive item for the Gholdengo family. When kept in the bag, it inflicts the Disable status on the attacker when the Pokémon is hit with a Dark-type move."
xcl_family_gimmighoul_01,Gholdengo Seal,True,xcl,,Species-exclusive Pokemon equipment; no corresponding Digimon-specific item in the reference.,"An exclusive item for the Gholdengo family. When kept in the bag, the Pokémon will be able to move again after defeating an enemy."
xcl_family_gimmighoul_02,Gimmighoul Hair,True,xcl,,Species-exclusive Pokemon equipment; no corresponding Digimon-specific item in the reference.,"An exclusive item for the Gimmighoul family. When kept in the bag, the Pokémon is more likely to evade attacks when at low HP."
xcl_family_gimmighoul_03,Gimmighoul Card,True,xcl,,Species-exclusive Pokemon equipment; no corresponding Digimon-specific item in the reference.,"An exclusive item for the Gimmighoul family. When kept in the bag, the Pokémon has a higher chance of recruiting wild Pokémon."
xcl_family_gimmighoul_04,Gimmighoul Coin,True,xcl,,Species-exclusive Pokemon equipment; no corresponding Digimon-specific item in the reference.,"An exclusive item for the Gimmighoul family. When kept in the bag, the Pokémon will find more \uE024 when exploring in dungeons."
xcl_family_gimmighoul_05,Gholdengo Key,False,xcl,,Species-exclusive Pokemon equipment; no corresponding Digimon-specific item in the reference.,"An exclusive item for the Gholdengo family. When kept in the bag, the Pokémon will find more Treasure Chests when exploring in dungeons."
xcl_family_girafarig_00,Reverse Bow,True,xcl,,Species-exclusive Pokemon equipment; no corresponding Digimon-specific item in the reference.,"An exclusive item for the Farigiraf family. When kept in the bag, the Pokémon gains the Magic Coat status after using a Status move."
xcl_family_girafarig_01,Farigiraf Specs,True,xcl,,Species-exclusive Pokemon equipment; no corresponding Digimon-specific item in the reference.,"An exclusive item for the Farigiraf family. When kept in the bag, the Pokémon's Ghost-type moves are boosted."
xcl_family_girafarig_02,Girafarig Card,True,xcl,,Species-exclusive Pokemon equipment; no corresponding Digimon-specific item in the reference.,"An exclusive item for the Girafarig family. When kept in the bag, the Pokémon's PP cannot be lowered by the moves and abilities of opposing Pokémon."
xcl_family_girafarig_03,Girafarig Horn,True,xcl,,Species-exclusive Pokemon equipment; no corresponding Digimon-specific item in the reference.,"An exclusive item for the Girafarig family. When kept in the bag, it allows the Pokémon's regular attack to strike twice."
xcl_family_girafarig_04,Girafarig Coin,True,xcl,,Species-exclusive Pokemon equipment; no corresponding Digimon-specific item in the reference.,"An exclusive item for the Girafarig family. When kept in the bag, the Pokémon will recover from status effects after defeating an enemy."
xcl_family_giratina_00,Nether Veil,False,xcl,,Species-exclusive Pokemon equipment; no corresponding Digimon-specific item in the reference.,"An exclusive item for Giratina. When kept in the bag, the Pokémon changes the floor to Inverse after using a Status move."
xcl_family_giratina_01,Giratina Torc,False,xcl,,Species-exclusive Pokemon equipment; no corresponding Digimon-specific item in the reference.,"An exclusive item for Giratina. When kept in the bag, the Pokémon will damage nearby enemies after defeating an enemy."
xcl_family_giratina_02,Giratina Card,False,xcl,,Species-exclusive Pokemon equipment; no corresponding Digimon-specific item in the reference.,"An exclusive item for Giratina. When kept in the bag, the Pokémon's moves are more intensely affected by type match-ups."
xcl_family_giratina_03,Giratina Shard,False,xcl,,Species-exclusive Pokemon equipment; no corresponding Digimon-specific item in the reference.,"An exclusive item for Giratina. When kept in the bag, moves used on the Pokémon are more intensely affected by type match-ups."
xcl_family_giratina_04,Giratina Jewel,False,xcl,,Species-exclusive Pokemon equipment; no corresponding Digimon-specific item in the reference.,"An exclusive item for Giratina. When kept in the bag, the Pokémon will counter damage from regular attacks and thrown items."
xcl_family_glameow_00,Scary Belt,True,xcl,,Species-exclusive Pokemon equipment; no corresponding Digimon-specific item in the reference.,"An exclusive item for the Purugly family. When kept in the bag, the Pokémon's Status moves inflict the Cringing status."
xcl_family_glameow_01,Purugly Bow,True,xcl,,Species-exclusive Pokemon equipment; no corresponding Digimon-specific item in the reference.,"An exclusive item for the Purugly family. When kept in the bag, the Pokémon is protected from weather damage."
xcl_family_glameow_02,Glameow Claw,True,xcl,,Species-exclusive Pokemon equipment; no corresponding Digimon-specific item in the reference.,"An exclusive item for the Glameow family. When kept in the bag, the Pokémon will not take damage from counter attacks."
xcl_family_glameow_03,Glameow Fang,True,xcl,,Species-exclusive Pokemon equipment; no corresponding Digimon-specific item in the reference.,"An exclusive item for the Glameow family. When kept in the bag, the Pokémon's regular attacks and thrown items have a chance to inflict the Cringing status."
xcl_family_gligar_00,Gliscor Cap,True,xcl,,Species-exclusive Pokemon equipment; no corresponding Digimon-specific item in the reference.,"An exclusive item for the Gliscor family. When kept in the bag, it inflicts the Confused status on the attacker when the Pokémon is hit with a Grass-type move."
xcl_family_gligar_01,Gliscor Brooch,True,xcl,,Species-exclusive Pokemon equipment; no corresponding Digimon-specific item in the reference.,"An exclusive item for the Gliscor family. When kept in the bag, the Pokemon's moves and items that hit in a straight line will pass through walls."
xcl_family_gligar_02,Gligar Card,True,xcl,,Species-exclusive Pokemon equipment; no corresponding Digimon-specific item in the reference.,"An exclusive item for the Gligar family. When kept in the bag, it restores the PP of a move when the Pokémon reaches a new floor."
xcl_family_gligar_03,Gligar Claw,True,xcl,,Species-exclusive Pokemon equipment; no corresponding Digimon-specific item in the reference.,"An exclusive item for the Gligar family. When kept in the bag, the Pokémon's regular attacks and thrown items have a chance to inflict the Poisoned status."
xcl_family_glimmet_00,Glimmora Crown,True,xcl,,Species-exclusive Pokemon equipment; no corresponding Digimon-specific item in the reference.,"An exclusive item for the Glimmora family. When kept in the bag, the Pokémon becomes extremely likely to avoid Ground-type attacks."
xcl_family_glimmet_01,Glimmora Jewel,True,xcl,,Species-exclusive Pokemon equipment; no corresponding Digimon-specific item in the reference.,"An exclusive item for the Glimmora family. When kept in the bag, the Pokémon can traverse water, lava, and pits."
xcl_family_glimmet_02,Glimmet Beam,True,xcl,,Species-exclusive Pokemon equipment; no corresponding Digimon-specific item in the reference.,"An exclusive item for the Glimmet family. When kept in the bag, the Pokémon is prevented from being forced off its location."
xcl_family_glimmet_03,Glimmet Card,True,xcl,,Species-exclusive Pokemon equipment; no corresponding Digimon-specific item in the reference.,"An exclusive item for the Glimmet family. When kept in the bag, the Pokémon's PP cannot be lowered by the moves and abilities of opposing Pokémon."
xcl_family_goldeen_00,Seaking Bow,True,xcl,,Species-exclusive Pokemon equipment; no corresponding Digimon-specific item in the reference.,"An exclusive item for the Seaking family. When kept in the bag, the Pokémon gains the Aqua Ring status after using a Status move."
xcl_family_goldeen_01,Seaking Float,True,xcl,,Species-exclusive Pokemon equipment; no corresponding Digimon-specific item in the reference.,"An exclusive item for the Seaking family. When kept in the bag, the Pokémon is protected from weather damage."
xcl_family_goldeen_02,Goldeen Foam,True,xcl,,Species-exclusive Pokemon equipment; no corresponding Digimon-specific item in the reference.,"An exclusive item for the Goldeen family. When kept in the bag, the Pokémon gets an extra 2PP to all of its moves."
xcl_family_goldeen_03,Goldeen Tail,True,xcl,,Species-exclusive Pokemon equipment; no corresponding Digimon-specific item in the reference.,"An exclusive item for the Goldeen family. When kept in the bag, the Pokémon's regular attacks and thrown items have a chance to inflict the Cringing status."
xcl_family_goldeen_04,Goldeen Ring,True,xcl,,Species-exclusive Pokemon equipment; no corresponding Digimon-specific item in the reference.,"An exclusive item for the Goldeen family. When kept in the bag, the Pokemon's moves and items that hit in a straight line cannot damage allies."
xcl_family_goomy_00,Goodra Coat,True,xcl,,Species-exclusive Pokemon equipment; no corresponding Digimon-specific item in the reference.,"An exclusive item for the Goodra family. When kept in the bag, the Pokémon's Water-type moves are boosted."
xcl_family_goomy_01,Sliggoo Tag,True,xcl,,Species-exclusive Pokemon equipment; no corresponding Digimon-specific item in the reference.,"An exclusive item for the Sliggoo family. When kept in the bag, the Pokémon recovers HP when in water."
xcl_family_goomy_02,Goomy Drool,True,xcl,,Species-exclusive Pokemon equipment; no corresponding Digimon-specific item in the reference.,"An exclusive item for the Goomy family. When kept in the bag, the Pokémon has a higher chance of recruiting wild Pokémon."
xcl_family_goomy_03,Goomy Dew,True,xcl,,Species-exclusive Pokemon equipment; no corresponding Digimon-specific item in the reference.,"An exclusive item for the Goomy family. When kept in the bag, stat changes inflicted on the Pokémon are passed to the Pokémon that caused it."
xcl_family_goomy_04,Goomy Crest,True,xcl,,Species-exclusive Pokemon equipment; no corresponding Digimon-specific item in the reference.,"An exclusive item for the Goomy family. When kept in the bag, the Pokémon is more likely to evade attacks from close up."
xcl_family_gothita_00,Gothitelle Apron,True,xcl,,Species-exclusive Pokemon equipment; no corresponding Digimon-specific item in the reference.,"An exclusive item for the Gothitelle family. When kept in the bag, it reduces damage done by Dark-type attacks."
xcl_family_gothita_01,Gothorita Brooch,True,xcl,,Species-exclusive Pokemon equipment; no corresponding Digimon-specific item in the reference.,"An exclusive item for the Gothorita family. When kept in the bag, the Pokémon's Special moves may increase the user's Evasion."
xcl_family_gothita_02,Gothita Hair,True,xcl,,Species-exclusive Pokemon equipment; no corresponding Digimon-specific item in the reference.,"An exclusive item for the Gothita family. When kept in the bag, the category of the Pokémon's regular attack is changed from physical to special."
xcl_family_gothita_03,Gothita Bow,True,xcl,,Species-exclusive Pokemon equipment; no corresponding Digimon-specific item in the reference.,"An exclusive item for the Gothita family. When kept in the bag, the Pokémon will more easily dodge attacks if its previous move missed."
xcl_family_gothita_04,Gothita Ring,True,xcl,,Species-exclusive Pokemon equipment; no corresponding Digimon-specific item in the reference.,"An exclusive item for the Gothita family. When kept in the bag, the Pokémon cannot have its Special Defense lowered."
xcl_family_grimer_00,Slimy Bow,True,xcl,,Species-exclusive Pokemon equipment; no corresponding Digimon-specific item in the reference.,"An exclusive item for the Muk family. When kept in the bag, it warps the attackers away when the Pokémon is hit with a Ground-type move."
xcl_family_grimer_01,Muk Scarf,True,xcl,,Species-exclusive Pokemon equipment; no corresponding Digimon-specific item in the reference.,"An exclusive item for the Muk family. When kept in the bag, the Pokémon's regular attacks change to match its type."
xcl_family_grimer_02,Grimer Card,True,xcl,,Species-exclusive Pokemon equipment; no corresponding Digimon-specific item in the reference.,"An exclusive item for the Grimer family. When kept in the bag, the Pokémon will not take damage from counter attacks."
xcl_family_grimer_03,Grimer Mud,True,xcl,,Species-exclusive Pokemon equipment; no corresponding Digimon-specific item in the reference.,"An exclusive item for the Grimer family. When kept in the bag, the Pokémon can traverse water."
xcl_family_grimer_04,Grimer Jewel,True,xcl,,Species-exclusive Pokemon equipment; no corresponding Digimon-specific item in the reference.,"An exclusive item for the Grimer family. When kept in the bag, the Pokemon's moves and items that hit in a straight line cannot damage allies."
xcl_family_groudon_00,Terra Ring,True,xcl,,Species-exclusive Pokemon equipment; no corresponding Digimon-specific item in the reference.,"An exclusive item for Groudon. When kept in the bag, the Pokémon's Attack Range is increased when the floor has the Sunny status."
xcl_family_groudon_01,Groudon Torc,True,xcl,,Species-exclusive Pokemon equipment; no corresponding Digimon-specific item in the reference.,"An exclusive item for Groudon. When kept in the bag, some of the Pokémon's moves will fill water, lava, and pits."
xcl_family_groudon_02,Terra Tag,True,xcl,,Species-exclusive Pokemon equipment; no corresponding Digimon-specific item in the reference.,"An exclusive item for Groudon. When kept in the bag, the Pokémon's regular attack will hit the front and sides."
xcl_family_groudon_03,Terra Coin,True,xcl,,Species-exclusive Pokemon equipment; no corresponding Digimon-specific item in the reference.,"An exclusive item for Groudon. When kept in the bag, the Pokémon can traverse lava without being burned."
xcl_family_groudon_04,Terra Crest,False,xcl,,Species-exclusive Pokemon equipment; no corresponding Digimon-specific item in the reference.,An exclusive item for Groudon. 
xcl_family_growlithe_00,Legend Bow,True,xcl,,Species-exclusive Pokemon equipment; no corresponding Digimon-specific item in the reference.,"An exclusive item for the Arcanine family. When kept in the bag, it reduces damage done by Electric-type attacks."
xcl_family_growlithe_01,Arcanine Brooch,True,xcl,,Species-exclusive Pokemon equipment; no corresponding Digimon-specific item in the reference.,"An exclusive item for the Arcanine family. When kept in the bag, the Pokémon's moves will destroy traps."
xcl_family_growlithe_02,Growlithe Hair,True,xcl,,Species-exclusive Pokemon equipment; no corresponding Digimon-specific item in the reference.,"An exclusive item for the Growlithe family. When kept in the bag, it reveals the number of items laying on the ground whenever the Pokémon reaches a new floor."
xcl_family_growlithe_03,Growlithe Claw,True,xcl,,Species-exclusive Pokemon equipment; no corresponding Digimon-specific item in the reference.,"An exclusive item for the Growlithe family. When kept in the bag, the Pokémon cannot have its Special Defense lowered."
xcl_family_growlithe_04,Growlithe Ring,True,xcl,,Species-exclusive Pokemon equipment; no corresponding Digimon-specific item in the reference.,"An exclusive item for the Growlithe family. When kept in the bag, the Pokémon will take reduced damage from explosions and splash damage."
xcl_family_growlithe_05,Arcanine Seal,False,xcl,,Species-exclusive Pokemon equipment; no corresponding Digimon-specific item in the reference.,An exclusive item for the Arcanine family. 
xcl_family_gulpin_00,Swalot Belt,True,xcl,,Species-exclusive Pokemon equipment; no corresponding Digimon-specific item in the reference.,"An exclusive item for the Swalot family. When kept in the bag, it allows Poison-type moves to hit Steel-type Pokémon."
xcl_family_gulpin_01,Swalot Bow,True,xcl,,Species-exclusive Pokemon equipment; no corresponding Digimon-specific item in the reference.,"An exclusive item for the Swalot family. When kept in the bag, the Pokémon's HP is restored when it eats a food item."
xcl_family_gulpin_02,Gulpin Card,True,xcl,,Species-exclusive Pokemon equipment; no corresponding Digimon-specific item in the reference.,"An exclusive item for the Gulpin family. When kept in the bag, the Pokémon will more easily dodge attacks if its previous move missed."
xcl_family_gulpin_03,Gulpin Drool,True,xcl,,Species-exclusive Pokemon equipment; no corresponding Digimon-specific item in the reference.,"An exclusive item for the Gulpin family. When kept in the bag, the Pokémon takes reduced damage from multiple attacks in a turn."
xcl_family_guzzlord_00,Ultra Armor,True,xcl,,Species-exclusive Pokemon equipment; no corresponding Digimon-specific item in the reference.,"An exclusive item for Guzzlord. When kept in the bag, it prevents the Pokémon from fainting to Fairy-type moves, leaving it with 1 HP."
xcl_family_guzzlord_01,Guzzlord Jaw,True,xcl,,Species-exclusive Pokemon equipment; no corresponding Digimon-specific item in the reference.,"An exclusive item for Guzzlord. When kept in the bag, the Pokémon's HP is restored when it eats a food item."
xcl_family_guzzlord_02,Guzzlord Horn,True,xcl,,Species-exclusive Pokemon equipment; no corresponding Digimon-specific item in the reference.,"An exclusive item for Guzzlord. When kept in the bag, the Pokémon takes reduced damage from multiple attacks in a turn."
xcl_family_guzzlord_03,Guzzlord Drool,True,xcl,,Species-exclusive Pokemon equipment; no corresponding Digimon-specific item in the reference.,"An exclusive item for Guzzlord. When kept in the bag, the Pokémon will regain HP after defeating an enemy."
xcl_family_hatenna_00,Hatterene Dress,True,xcl,,Species-exclusive Pokemon equipment; no corresponding Digimon-specific item in the reference.,"An exclusive item for the Hatterene family. When kept in the bag, the Pokémon's Ghost-type moves are boosted."
xcl_family_hatenna_01,Hattrem Heart,True,xcl,,Species-exclusive Pokemon equipment; no corresponding Digimon-specific item in the reference.,"An exclusive item for the Hattrem family. When kept in the bag, the Pokémon will recover from status effects after defeating an enemy."
xcl_family_hatenna_02,Hatenna Horn,True,xcl,,Species-exclusive Pokemon equipment; no corresponding Digimon-specific item in the reference.,"An exclusive item for the Hatenna family. When kept in the bag, the Pokémon will do increased damage if its previous move missed."
xcl_family_hatenna_03,Hatenna Card,True,xcl,,Species-exclusive Pokemon equipment; no corresponding Digimon-specific item in the reference.,"An exclusive item for the Hatenna family. When kept in the bag, the Pokémon will more easily dodge attacks if its previous move missed."
xcl_family_hatenna_04,Hatenna Claw,True,xcl,,Species-exclusive Pokemon equipment; no corresponding Digimon-specific item in the reference.,"An exclusive item for the Hatenna family. When kept in the bag, the Pokémon will damage nearby enemies after defeating an enemy."
xcl_family_heatran_00,Searing Ring,True,xcl,,Species-exclusive Pokemon equipment; no corresponding Digimon-specific item in the reference.,"An exclusive item for Heatran. When kept in the bag, it prevents the Pokémon from fainting to Ground-type moves, leaving it with 1 HP."
xcl_family_heatran_01,Heatran Torc,True,xcl,,Species-exclusive Pokemon equipment; no corresponding Digimon-specific item in the reference.,"An exclusive item for Heatran. When kept in the bag, the Pokémon will take reduced damage from explosions and splash damage."
xcl_family_heatran_02,Heatran Fang,True,xcl,,Species-exclusive Pokemon equipment; no corresponding Digimon-specific item in the reference.,"An exclusive item for Heatran. When kept in the bag, the Pokémon's attacks never miss and always land a critical hit if all moves have the same PP."
xcl_family_heatran_03,Heatran Claw,True,xcl,,Species-exclusive Pokemon equipment; no corresponding Digimon-specific item in the reference.,"An exclusive item for Heatran. When kept in the bag, the Pokémon will do increased damage if its previous move missed."
xcl_family_heatran_04,Heatran Rock,True,xcl,,Species-exclusive Pokemon equipment; no corresponding Digimon-specific item in the reference.,"An exclusive item for Heatran. When kept in the bag, the Pokémon is fully healed upon entering a new floor."
xcl_family_helioptile_00,Heliolisk Band,True,xcl,,Species-exclusive Pokemon equipment; no corresponding Digimon-specific item in the reference.,"An exclusive item for the Heliolisk family. When kept in the bag, the Pokémon cannot damage allies with its moves."
xcl_family_helioptile_01,Heliolisk Crest,True,xcl,,Species-exclusive Pokemon equipment; no corresponding Digimon-specific item in the reference.,"An exclusive item for the Heliolisk family. When kept in the bag, the Pokémon's Attack Range is increased when the floor has the Sunny status."
xcl_family_helioptile_02,Helioptile Claw,True,xcl,,Species-exclusive Pokemon equipment; no corresponding Digimon-specific item in the reference.,"An exclusive item for the Helioptile family. When kept in the bag, the category of the Pokémon's regular attack is changed from physical to special."
xcl_family_helioptile_03,Helioptile Tail,True,xcl,,Species-exclusive Pokemon equipment; no corresponding Digimon-specific item in the reference.,"An exclusive item for the Helioptile family. When kept in the bag, the Pokémon becomes extremely likely to avoid Fighting-type attacks."
xcl_family_helioptile_04,Helioptile Ring,True,xcl,,Species-exclusive Pokemon equipment; no corresponding Digimon-specific item in the reference.,"An exclusive item for the Helioptile family. When kept in the bag, the Pokémon is protected from status conditions when the floor has the Rain status."
xcl_family_heracross_00,Horn Torc,True,xcl,,Species-exclusive Pokemon equipment; no corresponding Digimon-specific item in the reference.,"An exclusive item for Heracross. When kept in the bag, it inflicts the Torment status on the attacker when the Pokémon is hit with a Fire-type move."
xcl_family_heracross_01,Heracross Belt,True,xcl,,Species-exclusive Pokemon equipment; no corresponding Digimon-specific item in the reference.,"An exclusive item for Heracross. When kept in the bag, the Pokémon's regular attack will throw opponents back."
xcl_family_heracross_02,Heracross Card,True,xcl,,Species-exclusive Pokemon equipment; no corresponding Digimon-specific item in the reference.,"An exclusive item for Heracross. When kept in the bag, items thrown by the Pokémon will pierce through enemies."
xcl_family_heracross_03,Heracross Horn,True,xcl,,Species-exclusive Pokemon equipment; no corresponding Digimon-specific item in the reference.,"An exclusive item for Heracross. When kept in the bag, the Pokémon's attacks never miss and always land a critical hit if all moves have the same PP."
xcl_family_heracross_04,Heracross Guard,True,xcl,,Species-exclusive Pokemon equipment; no corresponding Digimon-specific item in the reference.,"An exclusive item for Heracross. When kept in the bag, it raises the critical-hit ratio of super-effective hits."
xcl_family_hippopotas_00,Grit Veil,True,xcl,,Species-exclusive Pokemon equipment; no corresponding Digimon-specific item in the reference.,"An exclusive item for the Hippowdon family. When kept in the bag, it inflicts the Sand Tomb status on the attacker when the Pokémon is hit with a Grass-type move."
xcl_family_hippopotas_01,Hippowdon Scarf,True,xcl,,Species-exclusive Pokemon equipment; no corresponding Digimon-specific item in the reference.,"An exclusive item for the Hippowdon family. When kept in the bag, the Pokémon will take reduced damage from explosions and splash damage."
xcl_family_hippopotas_02,Hippopotas Mud,True,xcl,,Species-exclusive Pokemon equipment; no corresponding Digimon-specific item in the reference.,"An exclusive item for the Hippopotas family. When kept in the bag, the Pokémon gives back recovered HP when it is healed by another Pokémon."
xcl_family_hippopotas_03,Hippopotas Card,True,xcl,,Species-exclusive Pokemon equipment; no corresponding Digimon-specific item in the reference.,"An exclusive item for the Hippopotas family. When kept in the bag, the Pokémon will do increased damage if its previous move missed."
xcl_family_ho_oh_beasts_00,Rainbow Veil,False,xcl,,Species-exclusive Pokemon equipment; no corresponding Digimon-specific item in the reference.,"An exclusive item for Ho-Oh. When kept in the bag, the Pokémon will revive a fallen ally when it reaches a new floor."
xcl_family_ho_oh_beasts_01,Rainbow Wing,False,xcl,,Species-exclusive Pokemon equipment; no corresponding Digimon-specific item in the reference.,"An exclusive item for Ho-Oh. When kept in the bag, the effects of wands will spread out like a fan when waved by the Pokémon."
xcl_family_ho_oh_beasts_02,Ho-Oh Dust,False,xcl,,Species-exclusive Pokemon equipment; no corresponding Digimon-specific item in the reference.,"An exclusive item for Ho-Oh. When kept in the bag, the Pokémon's PP cannot be lowered by the moves and abilities of opposing Pokémon."
xcl_family_ho_oh_beasts_03,Ho-Oh Tag,False,xcl,,Species-exclusive Pokemon equipment; no corresponding Digimon-specific item in the reference.,"An exclusive item for Ho-Oh. When kept in the bag, the Pokémon will not take damage from counter attacks."
xcl_family_ho_oh_beasts_04,Rainbow Brooch,False,xcl,,Species-exclusive Pokemon equipment; no corresponding Digimon-specific item in the reference.,"An exclusive item for Ho-Oh. When kept in the bag, the Pokémon is more likely to evade attacks when at low HP."
xcl_family_ho_oh_beasts_05,Clear Wing,False,xcl,,Species-exclusive Pokemon equipment; no corresponding Digimon-specific item in the reference.,"An exclusive item for Ho-Oh. When kept in the bag, the Pokémon's regular attack will hit the front and sides."
xcl_family_ho_oh_beasts_06,Bolt Fang,False,xcl,,Species-exclusive Pokemon equipment; no corresponding Digimon-specific item in the reference.,"An exclusive item for Raikou. When kept in the bag, the Pokémon gains the Electrified status after using a Status move."
xcl_family_ho_oh_beasts_07,Raikou Ring,False,xcl,,Species-exclusive Pokemon equipment; no corresponding Digimon-specific item in the reference.,"An exclusive item for Raikou. When kept in the bag, it changes the Pokémon's regular attack into a dash."
xcl_family_ho_oh_beasts_08,Raikou Beam,False,xcl,,Species-exclusive Pokemon equipment; no corresponding Digimon-specific item in the reference.,"An exclusive item for Raikou. When kept in the bag, the Pokémon's regular attack cannot miss."
xcl_family_ho_oh_beasts_09,Raikou Card,False,xcl,,Species-exclusive Pokemon equipment; no corresponding Digimon-specific item in the reference.,"An exclusive item for Raikou. When kept in the bag, the Pokémon takes reduced damage from multiple attacks in a turn."
xcl_family_ho_oh_beasts_10,Flare Fang,False,xcl,,Species-exclusive Pokemon equipment; no corresponding Digimon-specific item in the reference.,"An exclusive item for Entei. When kept in the bag, the Pokémon's Status moves inflict the Magma Storm status."
xcl_family_ho_oh_beasts_11,Entei Ring,False,xcl,,Species-exclusive Pokemon equipment; no corresponding Digimon-specific item in the reference.,"An exclusive item for Entei. When kept in the bag, the Pokemon's moves and items that hit in a straight line cannot damage allies."
xcl_family_ho_oh_beasts_12,Entei Beam,False,xcl,,Species-exclusive Pokemon equipment; no corresponding Digimon-specific item in the reference.,"An exclusive item for Entei. When kept in the bag, it allows the Pokémon's regular attack to strike twice."
xcl_family_ho_oh_beasts_13,Entei Card,False,xcl,,Species-exclusive Pokemon equipment; no corresponding Digimon-specific item in the reference.,"An exclusive item for Entei. When kept in the bag, the Pokémon's attacks never miss and always land a critical hit if all moves have the same PP."
xcl_family_ho_oh_beasts_14,Aqua Mantle,False,xcl,,Species-exclusive Pokemon equipment; no corresponding Digimon-specific item in the reference.,"An exclusive item for Suicune. When kept in the bag, the Pokémon gains the Mirror Coat status after using a Status move."
xcl_family_ho_oh_beasts_15,Suicune Ring,False,xcl,,Species-exclusive Pokemon equipment; no corresponding Digimon-specific item in the reference.,"An exclusive item for Suicune. When kept in the bag, the Pokémon becomes immune to the Paralyzed status."
xcl_family_ho_oh_beasts_16,Suicune Beam,False,xcl,,Species-exclusive Pokemon equipment; no corresponding Digimon-specific item in the reference.,"An exclusive item for Suicune. When kept in the bag, the Pokémon will not take damage from counter attacks."
xcl_family_ho_oh_beasts_17,Suicune Card,False,xcl,,Species-exclusive Pokemon equipment; no corresponding Digimon-specific item in the reference.,"An exclusive item for Suicune. When kept in the bag, it reveals the number of items laying on the ground whenever the Pokémon reaches a new floor."
xcl_family_ho_oh_beasts_18,Sacred Collar,False,xcl,,Species-exclusive Pokemon equipment; no corresponding Digimon-specific item in the reference.,"An exclusive item for Raikou, Entei, and Suicune. When kept in the bag, the Pokémon's regular attacks change to match its type."
xcl_family_honedge_00,Aegislash Mantle,True,xcl,,Species-exclusive Pokemon equipment; no corresponding Digimon-specific item in the reference.,"An exclusive item for the Aegislash family. When kept in the bag, the Pokémon's Normal-type moves are boosted."
xcl_family_honedge_01,Doublade Sash,True,xcl,,Species-exclusive Pokemon equipment; no corresponding Digimon-specific item in the reference.,"An exclusive item for the Doublade family. When kept in the bag, the Pokémon gains the Retaliate status after using a Status move."
xcl_family_honedge_02,Honedge Card,True,xcl,,Species-exclusive Pokemon equipment; no corresponding Digimon-specific item in the reference.,"An exclusive item for the Honedge family. When kept in the bag, the Pokémon will do increased damage if its previous move missed."
xcl_family_honedge_03,Honedge Beam,True,xcl,,Species-exclusive Pokemon equipment; no corresponding Digimon-specific item in the reference.,"An exclusive item for the Honedge family. When kept in the bag, moves used on the Pokémon are more intensely affected by type match-ups."
xcl_family_hoopa_00,Hoopa Torc,True,xcl,,Species-exclusive Pokemon equipment; no corresponding Digimon-specific item in the reference.,"An exclusive item for Hoopa. When kept in the bag, it warps the attackers away when the Pokémon is hit with a Dark-type move."
xcl_family_hoopa_01,Hoopa Ring,True,xcl,,Species-exclusive Pokemon equipment; no corresponding Digimon-specific item in the reference.,"An exclusive item for Hoopa. When kept in the bag, the Pokémon can traverse water, lava, and pits."
xcl_family_hoopa_02,Hoopa Hair,True,xcl,,Species-exclusive Pokemon equipment; no corresponding Digimon-specific item in the reference.,"An exclusive item for Hoopa. When kept in the bag, the Pokémon will more easily dodge attacks if its previous move missed."
xcl_family_hoopa_03,Hoopa Card,True,xcl,,Species-exclusive Pokemon equipment; no corresponding Digimon-specific item in the reference.,"An exclusive item for Hoopa. When kept in the bag, the Pokemon's moves and items that hit in a straight line cannot damage allies."
xcl_family_hoothoot_00,Noctowl Torc,True,xcl,,Species-exclusive Pokemon equipment; no corresponding Digimon-specific item in the reference.,"An exclusive item for the Noctowl family. When kept in the bag, the Pokémon's Psychic-type moves are boosted."
xcl_family_hoothoot_01,Noctowl Ruff,True,xcl,,Species-exclusive Pokemon equipment; no corresponding Digimon-specific item in the reference.,"An exclusive item for the Noctowl family. When kept in the bag, the Pokemon's moves and items that hit in a straight line will pass through walls."
xcl_family_hoothoot_02,Hoothoot Wing,True,xcl,,Species-exclusive Pokemon equipment; no corresponding Digimon-specific item in the reference.,"An exclusive item for the Hoothoot family. When kept in the bag, the Pokémon gets an extra 2PP to all of its moves."
xcl_family_hoothoot_03,Hoothoot Claw,True,xcl,,Species-exclusive Pokemon equipment; no corresponding Digimon-specific item in the reference.,"An exclusive item for the Hoothoot family. When kept in the bag, the Pokémon's regular attacks and thrown items have a chance to inflict the Asleep status."
xcl_family_hoppip_00,Cotton Torc,True,xcl,,Species-exclusive Pokemon equipment; no corresponding Digimon-specific item in the reference.,"An exclusive item for the Jumpluff family. When kept in the bag, the Pokémon's Attack Range is increased when the floor has the Sunny status."
xcl_family_hoppip_01,Skiploom Bow,True,xcl,,Species-exclusive Pokemon equipment; no corresponding Digimon-specific item in the reference.,"An exclusive item for the Skiploom family. When kept in the bag, the Pokémon is protected from weather damage."
xcl_family_hoppip_02,Hoppip Card,True,xcl,,Species-exclusive Pokemon equipment; no corresponding Digimon-specific item in the reference.,"An exclusive item for the Hoppip family. When kept in the bag, the Pokémon's regular attack will hit the front and sides."
xcl_family_hoppip_03,Hoppip Leaf,True,xcl,,Species-exclusive Pokemon equipment; no corresponding Digimon-specific item in the reference.,"An exclusive item for the Hoppip family. When kept in the bag, the Pokémon cannot have its Speed lowered."
xcl_family_hoppip_04,Hoppip Charm,True,xcl,,Species-exclusive Pokemon equipment; no corresponding Digimon-specific item in the reference.,"An exclusive item for the Hoppip family. When kept in the bag, the Pokémon is more likely to evade attacks from close up."
xcl_family_hoppip_05,Skiploom Dust,False,xcl,,Species-exclusive Pokemon equipment; no corresponding Digimon-specific item in the reference.,An exclusive item for the Skiploom family. 
xcl_family_horsea_00,Tornado Bow,True,xcl,,Species-exclusive Pokemon equipment; no corresponding Digimon-specific item in the reference.,"An exclusive item for the Kingdra family. When kept in the bag, the Pokémon's Status moves inflict the Whirlpool status."
xcl_family_horsea_01,Swirl Scarf,True,xcl,,Species-exclusive Pokemon equipment; no corresponding Digimon-specific item in the reference.,"An exclusive item for the Seadra family. When kept in the bag, items thrown by the Pokémon will spread out like a fan."
xcl_family_horsea_02,Horsea Card,True,xcl,,Species-exclusive Pokemon equipment; no corresponding Digimon-specific item in the reference.,"An exclusive item for the Horsea family. When kept in the bag, the Pokémon is more likely to evade attacks when at low HP."
xcl_family_horsea_03,Horsea Tail,True,xcl,,Species-exclusive Pokemon equipment; no corresponding Digimon-specific item in the reference.,"An exclusive item for the Horsea family. When kept in the bag, moves used on the Pokémon are more intensely affected by type match-ups."
xcl_family_houndour_00,Pit Fang,True,xcl,,Species-exclusive Pokemon equipment; no corresponding Digimon-specific item in the reference.,"An exclusive item for the Houndoom family. When kept in the bag, the Pokémon's Fire-type moves inflict the Heal Block status."
xcl_family_houndour_01,Houndoom Collar,True,xcl,,Species-exclusive Pokemon equipment; no corresponding Digimon-specific item in the reference.,"An exclusive item for the Houndoom family. When kept in the bag, the Pokémon will damage nearby enemies after defeating an enemy."
xcl_family_houndour_02,Houndour Card,True,xcl,,Species-exclusive Pokemon equipment; no corresponding Digimon-specific item in the reference.,"An exclusive item for the Houndour family. When kept in the bag, it reveals the number of items laying on the ground whenever the Pokémon reaches a new floor."
xcl_family_houndour_03,Houndour Fang,True,xcl,,Species-exclusive Pokemon equipment; no corresponding Digimon-specific item in the reference.,"An exclusive item for the Houndour family. When kept in the bag, the Pokémon's moves are more intensely affected by type match-ups."
xcl_family_houndour_04,Houndour Jaw,False,xcl,,Species-exclusive Pokemon equipment; no corresponding Digimon-specific item in the reference.,An exclusive item for the Houndour family. 
xcl_family_impidimp_00,Grimmsnarl Ruff,True,xcl,,Species-exclusive Pokemon equipment; no corresponding Digimon-specific item in the reference.,"An exclusive item for the Grimmsnarl family. When kept in the bag, the Pokémon's Dark-type moves inflict the Taunted status."
xcl_family_impidimp_01,Morgrem Charm,True,xcl,,Species-exclusive Pokemon equipment; no corresponding Digimon-specific item in the reference.,"An exclusive item for the Morgrem family. When kept in the bag, the Pokémon will be able to move again after defeating an enemy."
xcl_family_impidimp_02,Impidimp Drool,True,xcl,,Species-exclusive Pokemon equipment; no corresponding Digimon-specific item in the reference.,"An exclusive item for the Impidimp family. When kept in the bag, it reveals the number of items laying on the ground whenever the Pokémon reaches a new floor."
xcl_family_impidimp_03,Impidimp Gasp,True,xcl,,Species-exclusive Pokemon equipment; no corresponding Digimon-specific item in the reference.,"An exclusive item for the Impidimp family. When kept in the bag, the Pokémon will do increased damage if its previous move missed."
xcl_family_impidimp_04,Impidimp Ring,True,xcl,,Species-exclusive Pokemon equipment; no corresponding Digimon-specific item in the reference.,"An exclusive item for the Impidimp family. When kept in the bag, the Pokémon is more likely to evade attacks from far away."
xcl_family_indeedee_00,Indeedee Apron,False,xcl,,Species-exclusive Pokemon equipment; no corresponding Digimon-specific item in the reference.,"An exclusive item for Indeedee. When kept in the bag, the Pokémon's Special moves may increase the user's Accuracy."
xcl_family_indeedee_01,Indeedee Ring,False,xcl,,Species-exclusive Pokemon equipment; no corresponding Digimon-specific item in the reference.,"An exclusive item for Indeedee. When kept in the bag, the Pokémon's stat-changing moves are spread to allies."
xcl_family_indeedee_02,Indeedee Horn,False,xcl,,Species-exclusive Pokemon equipment; no corresponding Digimon-specific item in the reference.,"An exclusive item for Indeedee. When kept in the bag, the Pokémon has a higher chance of recruiting wild Pokémon."
xcl_family_indeedee_03,Indeedee Hair,False,xcl,,Species-exclusive Pokemon equipment; no corresponding Digimon-specific item in the reference.,"An exclusive item for Indeedee. When kept in the bag, the Pokémon gives back recovered HP when it is healed by another Pokémon."
xcl_family_iron_bundle_00,Freezing Bundle,True,xcl,,Species-exclusive Pokemon equipment; no corresponding Digimon-specific item in the reference.,"An exclusive item for Iron Bundle. When kept in the bag, the Pokémon's Water-type moves have a chance to inflict the Frozen status."
xcl_family_iron_bundle_01,Bundle Guard,True,xcl,,Species-exclusive Pokemon equipment; no corresponding Digimon-specific item in the reference.,"An exclusive item for Iron Bundle. When kept in the bag, the Pokémon becomes immune to the Poisoned status."
xcl_family_iron_bundle_02,Bundle Beak,True,xcl,,Species-exclusive Pokemon equipment; no corresponding Digimon-specific item in the reference.,"An exclusive item for Iron Bundle. When kept in the bag, the Pokémon's Flying-type moves are changed to become Special."
xcl_family_iron_bundle_03,Bundle Scope,True,xcl,,Species-exclusive Pokemon equipment; no corresponding Digimon-specific item in the reference.,"An exclusive item for Iron Bundle. When kept in the bag, items thrown by the Pokémon will pierce through enemies."
xcl_family_jangmo_o_00,Kommo-o Cape,True,xcl,,Species-exclusive Pokemon equipment; no corresponding Digimon-specific item in the reference.,"An exclusive item for the Kommo-o family. When kept in the bag, the Pokémon's Steel-type moves are boosted."
xcl_family_jangmo_o_01,Hakamo-o Shard,True,xcl,,Species-exclusive Pokemon equipment; no corresponding Digimon-specific item in the reference.,"An exclusive item for the Hakamo-o family. When kept in the bag, the Pokémon will be able to move again after defeating an enemy."
xcl_family_jangmo_o_02,Jangmo-o Claw,True,xcl,,Species-exclusive Pokemon equipment; no corresponding Digimon-specific item in the reference.,"An exclusive item for the Jangmo-o family. When kept in the bag, the Pokémon's regular attack cannot miss."
xcl_family_jangmo_o_03,Jangmo-o Horn,True,xcl,,Species-exclusive Pokemon equipment; no corresponding Digimon-specific item in the reference.,"An exclusive item for the Jangmo-o family. When kept in the bag, the Pokémon becomes extremely likely to avoid Fairy-type attacks."
xcl_family_jangmo_o_04,Jangmo-o Guard,True,xcl,,Species-exclusive Pokemon equipment; no corresponding Digimon-specific item in the reference.,"An exclusive item for the Jangmo-o family. When kept in the bag, the Pokémon will counter damage from regular attacks and thrown items."
xcl_family_jigglypuff_00,Friend Torc,True,xcl,,Species-exclusive Pokemon equipment; no corresponding Digimon-specific item in the reference.,"An exclusive item for the Wigglytuff family. When kept in the bag, it prevents the Pokémon from fainting to Steel-type moves, leaving it with 1 HP."
xcl_family_jigglypuff_01,Snooze Ring,True,xcl,,Species-exclusive Pokemon equipment; no corresponding Digimon-specific item in the reference.,"An exclusive item for the Jigglypuff family. When kept in the bag, the Pokémon's regular attacks and thrown items have a chance to inflict the Asleep status."
xcl_family_jigglypuff_02,Igglybuff Song,True,xcl,,Species-exclusive Pokemon equipment; no corresponding Digimon-specific item in the reference.,"An exclusive item for the Igglybuff family. When kept in the bag, the Pokémon has a higher chance of recruiting wild Pokémon."
xcl_family_jigglypuff_03,Igglybuff Dew,True,xcl,,Species-exclusive Pokemon equipment; no corresponding Digimon-specific item in the reference.,"An exclusive item for the Igglybuff family. When kept in the bag, the Pokémon will be able to move when asleep."
xcl_family_jigglypuff_04,Bouncy Charm,True,xcl,,Species-exclusive Pokemon equipment; no corresponding Digimon-specific item in the reference.,"An exclusive item for the Igglybuff family. When kept in the bag, the Pokémon cannot damage allies with its moves."
xcl_family_jigglypuff_05,Slumber Rock,False,xcl,,Species-exclusive Pokemon equipment; no corresponding Digimon-specific item in the reference.,"An exclusive item for the Jigglypuff family. When kept in the bag, the Pokémon will find more Hidden Stairs when exploring in dungeons."
xcl_family_jirachi_00,Wish Mantle,False,xcl,,Species-exclusive Pokemon equipment; no corresponding Digimon-specific item in the reference.,"An exclusive item for Jirachi. When kept in the bag, it partially reveals the floor's layout the Pokémon reaches a new floor."
xcl_family_jirachi_01,Jirachi Tiara,False,xcl,,Species-exclusive Pokemon equipment; no corresponding Digimon-specific item in the reference.,"An exclusive item for Jirachi. When kept in the bag, the Pokémon can traverse water, lava, and pits."
xcl_family_jirachi_02,Wish Shard,False,xcl,,Species-exclusive Pokemon equipment; no corresponding Digimon-specific item in the reference.,"An exclusive item for Jirachi. When kept in the bag, it reveals the number of items laying on the ground whenever the Pokémon reaches a new floor."
xcl_family_jirachi_03,Wish Dust,False,xcl,,Species-exclusive Pokemon equipment; no corresponding Digimon-specific item in the reference.,"An exclusive item for Jirachi. When kept in the bag, it reveals the direction of the staircase whenever the Pokémon reaches a new floor."
xcl_family_jirachi_04,Wish Tag,False,xcl,,Species-exclusive Pokemon equipment; no corresponding Digimon-specific item in the reference.,"An exclusive item for Jirachi. When kept in the bag, it changes the Pokémon's lunging moves into two weaker strikes."
xcl_family_jynx_00,Ruin Scarf,True,xcl,,Species-exclusive Pokemon equipment; no corresponding Digimon-specific item in the reference.,"An exclusive item for the Jynx family. When kept in the bag, it warps the attackers away when the Pokémon is hit with a Normal-type move."
xcl_family_jynx_01,Jynx Veil,True,xcl,,Species-exclusive Pokemon equipment; no corresponding Digimon-specific item in the reference.,"An exclusive item for the Jynx family. When kept in the bag, the effects of wands will spread out like a fan when waved by the Pokémon."
xcl_family_jynx_02,Smoochum Song,True,xcl,,Species-exclusive Pokemon equipment; no corresponding Digimon-specific item in the reference.,"An exclusive item for the Smoochum family. When kept in the bag, the Pokémon takes reduced damage from multiple attacks in a turn."
xcl_family_jynx_03,Smoochum Card,True,xcl,,Species-exclusive Pokemon equipment; no corresponding Digimon-specific item in the reference.,"An exclusive item for the Smoochum family. When kept in the bag, the Pokémon's regular attacks and thrown items have a chance to inflict the Frozen status."
xcl_family_jynx_04,Kiss Charm,True,xcl,,Species-exclusive Pokemon equipment; no corresponding Digimon-specific item in the reference.,"An exclusive item for the Smoochum family. When kept in the bag, it reveals the direction of the staircase whenever the Pokémon reaches a new floor."
xcl_family_jynx_05,Frozen Ore,False,xcl,,Species-exclusive Pokemon equipment; no corresponding Digimon-specific item in the reference.,An exclusive item for the Jynx family. 
xcl_family_kabuto_00,Kabutops Torc,True,xcl,,Species-exclusive Pokemon equipment; no corresponding Digimon-specific item in the reference.,"An exclusive item for the Kabutops family. When kept in the bag, it warps the attackers away when the Pokémon is hit with a Electric-type move."
xcl_family_kabuto_01,Kabutops Blade,True,xcl,,Species-exclusive Pokemon equipment; no corresponding Digimon-specific item in the reference.,"An exclusive item for the Kabutops family. When kept in the bag, the Pokémon will regain HP after defeating an enemy."
xcl_family_kabuto_02,Kabuto Claw,True,xcl,,Species-exclusive Pokemon equipment; no corresponding Digimon-specific item in the reference.,"An exclusive item for the Kabuto family. When kept in the bag, it restores the PP of a move when the Pokémon reaches a new floor."
xcl_family_kabuto_03,Kabuto Foam,True,xcl,,Species-exclusive Pokemon equipment; no corresponding Digimon-specific item in the reference.,"An exclusive item for the Kabuto family. When kept in the bag, items thrown by the Pokémon will pierce through enemies."
xcl_family_kangaskhan_00,Kangaskhan Apron,True,xcl,,Species-exclusive Pokemon equipment; no corresponding Digimon-specific item in the reference.,"An exclusive item for Kangaskhan. When kept in the bag, the Pokémon will gradually restore the HP of its allies when its own HP is full."
xcl_family_kangaskhan_01,Kangaskhan Armlet,True,xcl,,Species-exclusive Pokemon equipment; no corresponding Digimon-specific item in the reference.,"An exclusive item for Kangaskhan. When kept in the bag, the Pokémon is more likely to evade attacks from far away."
xcl_family_kangaskhan_02,Kangaskhan Claw,True,xcl,,Species-exclusive Pokemon equipment; no corresponding Digimon-specific item in the reference.,"An exclusive item for Kangaskhan. When kept in the bag, it restores the PP of a move when the Pokémon reaches a new floor."
xcl_family_kangaskhan_03,Kangaskhan Card,True,xcl,,Species-exclusive Pokemon equipment; no corresponding Digimon-specific item in the reference.,"An exclusive item for Kangaskhan. When kept in the bag, the Pokémon gives back recovered HP when it is healed by another Pokémon."
xcl_family_kangaskhan_04,Kangaskhan Brooch,True,xcl,,Species-exclusive Pokemon equipment; no corresponding Digimon-specific item in the reference.,"An exclusive item for Kangaskhan. When kept in the bag, the Pokémon will take reduced damage from explosions and splash damage."
xcl_family_kangaskhan_05,Kangaskhan Seal,False,xcl,,Species-exclusive Pokemon equipment; no corresponding Digimon-specific item in the reference.,An exclusive item for Kangaskhan. 
xcl_family_kartana_00,Ultra Blade,True,xcl,,Species-exclusive Pokemon equipment; no corresponding Digimon-specific item in the reference.,"An exclusive item for Kartana. When kept in the bag, the Pokémon's Fighting-type moves are boosted."
xcl_family_kartana_01,Kartana Tag,True,xcl,,Species-exclusive Pokemon equipment; no corresponding Digimon-specific item in the reference.,"An exclusive item for Kartana. When kept in the bag, the Pokémon will be able to move again after defeating an enemy."
xcl_family_kartana_02,Kartana Card,True,xcl,,Species-exclusive Pokemon equipment; no corresponding Digimon-specific item in the reference.,"An exclusive item for Kartana. When kept in the bag, it allows the Pokémon's regular attack to strike twice."
xcl_family_kartana_03,Kartana Shoot,True,xcl,,Species-exclusive Pokemon equipment; no corresponding Digimon-specific item in the reference.,"An exclusive item for Kartana. When kept in the bag, it raises the critical-hit ratio of super-effective hits."
xcl_family_kecleon_00,Kecleon Torc,True,xcl,,Species-exclusive Pokemon equipment; no corresponding Digimon-specific item in the reference.,"An exclusive item for Kecleon. When kept in the bag, the Pokémon cannot damage allies with its moves."
xcl_family_kecleon_01,Kecleon Belt,True,xcl,,Species-exclusive Pokemon equipment; no corresponding Digimon-specific item in the reference.,"An exclusive item for Kecleon. When kept in the bag, the Pokémon's regular attacks change to match its type."
xcl_family_kecleon_02,Kecleon Claw,True,xcl,,Species-exclusive Pokemon equipment; no corresponding Digimon-specific item in the reference.,"An exclusive item for Kecleon. When kept in the bag, it raises the critical-hit ratio of not-very-effective hits."
xcl_family_kecleon_03,Kecleon Card,True,xcl,,Species-exclusive Pokemon equipment; no corresponding Digimon-specific item in the reference.,"An exclusive item for Kecleon. When kept in the bag, it reveals the number of items laying on the ground whenever the Pokémon reaches a new floor."
xcl_family_kecleon_04,Kecleon Seal,True,xcl,,Species-exclusive Pokemon equipment; no corresponding Digimon-specific item in the reference.,"An exclusive item for Kecleon. When kept in the bag, the Pokémon will counter damage from regular attacks and thrown items."
xcl_family_kecleon_05,Kecleon Coin,False,xcl,,Species-exclusive Pokemon equipment; no corresponding Digimon-specific item in the reference.,"An exclusive item for Kecleon. When kept in the bag, the Pokémon will find more shops when exploring in dungeons."
xcl_family_klefki_00,Klefki Key,True,xcl,,Species-exclusive Pokemon equipment; no corresponding Digimon-specific item in the reference.,"An exclusive item for Klefki. When kept in the bag, it reduces damage done by Ground-type attacks."
xcl_family_klefki_01,Klefki Tie,True,xcl,,Species-exclusive Pokemon equipment; no corresponding Digimon-specific item in the reference.,"An exclusive item for Klefki. When kept in the bag, the Pokémon can traverse water, lava, and pits."
xcl_family_klefki_02,Klefki Horn,True,xcl,,Species-exclusive Pokemon equipment; no corresponding Digimon-specific item in the reference.,"An exclusive item for Klefki. When kept in the bag, it restores the PP of a move when the Pokémon reaches a new floor."
xcl_family_klefki_03,Klefki Card,True,xcl,,Species-exclusive Pokemon equipment; no corresponding Digimon-specific item in the reference.,"An exclusive item for Klefki. When kept in the bag, the Pokémon is more likely to evade attacks when at low HP."
xcl_family_koffing_00,Weezing Scarf,True,xcl,,Species-exclusive Pokemon equipment; no corresponding Digimon-specific item in the reference.,"An exclusive item for the Weezing family. When kept in the bag, the Pokémon gains the Mist status after using a Status move."
xcl_family_koffing_01,Weezing Hat,True,xcl,,Species-exclusive Pokemon equipment; no corresponding Digimon-specific item in the reference.,"An exclusive item for the Weezing family. When kept in the bag, the Pokémon will take reduced damage from explosions and splash damage."
xcl_family_koffing_02,Koffing Gasp,True,xcl,,Species-exclusive Pokemon equipment; no corresponding Digimon-specific item in the reference.,"An exclusive item for the Koffing family. When kept in the bag, the Pokémon will more easily dodge attacks if its previous move missed."
xcl_family_koffing_03,Koffing Card,True,xcl,,Species-exclusive Pokemon equipment; no corresponding Digimon-specific item in the reference.,"An exclusive item for the Koffing family. When kept in the bag, it restores the PP of a move when the Pokémon reaches a new floor."
xcl_family_krabby_00,Super Sash,True,xcl,,Species-exclusive Pokemon equipment; no corresponding Digimon-specific item in the reference.,"An exclusive item for the Kingler family. When kept in the bag, the Pokémon's natural HP-recovery speed is boosted."
xcl_family_krabby_01,Kingler Bow,True,xcl,,Species-exclusive Pokemon equipment; no corresponding Digimon-specific item in the reference.,"An exclusive item for the Kingler family. When kept in the bag, the Pokémon will damage nearby enemies after defeating an enemy."
xcl_family_krabby_02,Krabby Foam,True,xcl,,Species-exclusive Pokemon equipment; no corresponding Digimon-specific item in the reference.,"An exclusive item for the Krabby family. When kept in the bag, it restores the PP of a move when the Pokémon reaches a new floor."
xcl_family_krabby_03,Krabby Card,True,xcl,,Species-exclusive Pokemon equipment; no corresponding Digimon-specific item in the reference.,"An exclusive item for the Krabby family. When kept in the bag, the Pokémon cannot have its Defense lowered."
xcl_family_krabby_04,Krabby Charm,True,xcl,,Species-exclusive Pokemon equipment; no corresponding Digimon-specific item in the reference.,"An exclusive item for the Krabby family. When kept in the bag, the Pokémon will regain HP after defeating an enemy."
xcl_family_kricketot_00,Kricketune Torc,True,xcl,,Species-exclusive Pokemon equipment; no corresponding Digimon-specific item in the reference.,"An exclusive item for the Kricketune family. When kept in the bag, the Pokémon is protected from status conditions when the floor has the Clear status."
xcl_family_kricketot_01,Kricketune Robe,True,xcl,,Species-exclusive Pokemon equipment; no corresponding Digimon-specific item in the reference.,"An exclusive item for the Kricketune family. When kept in the bag, the Pokémon will gradually restore the HP of its allies when its own HP is full."
xcl_family_kricketot_02,Kricketot Song,True,xcl,,Species-exclusive Pokemon equipment; no corresponding Digimon-specific item in the reference.,"An exclusive item for the Kricketot family. When kept in the bag, items thrown by the Pokémon will pierce through enemies."
xcl_family_kricketot_03,Kricketot Card,True,xcl,,Species-exclusive Pokemon equipment; no corresponding Digimon-specific item in the reference.,"An exclusive item for the Kricketot family. When kept in the bag, the Pokémon's regular attacks and thrown items have a chance to inflict the Confused status."
xcl_family_kyogre_00,Seabed Veil,True,xcl,,Species-exclusive Pokemon equipment; no corresponding Digimon-specific item in the reference.,"An exclusive item for Kyogre. When kept in the bag, the Pokémon's Attack Range is increased when the floor has the Rain status."
xcl_family_kyogre_01,Kyogre Robe,True,xcl,,Species-exclusive Pokemon equipment; no corresponding Digimon-specific item in the reference.,"An exclusive item for Kyogre. When kept in the bag, the Pokémon's moves will destroy traps."
xcl_family_kyogre_02,Seabed Dew,True,xcl,,Species-exclusive Pokemon equipment; no corresponding Digimon-specific item in the reference.,"An exclusive item for Kyogre. When kept in the bag, the Pokémon's PP cannot be lowered by the moves and abilities of opposing Pokémon."
xcl_family_kyogre_03,Seabed Coin,True,xcl,,Species-exclusive Pokemon equipment; no corresponding Digimon-specific item in the reference.,"An exclusive item for Kyogre. When kept in the bag, the Pokémon is prevented from being forced off its location."
xcl_family_kyogre_04,Seabed Crest,False,xcl,,Species-exclusive Pokemon equipment; no corresponding Digimon-specific item in the reference.,An exclusive item for Kyogre. 
xcl_family_kyurem_00,Frostbite Band,True,xcl,,Species-exclusive Pokemon equipment; no corresponding Digimon-specific item in the reference.,"An exclusive item for Kyurem. When kept in the bag, the Pokémon's Dragon-type moves have a chance to inflict the Frozen status."
xcl_family_kyurem_01,Blizzard Veil,True,xcl,,Species-exclusive Pokemon equipment; no corresponding Digimon-specific item in the reference.,"An exclusive item for Kyurem. When kept in the bag, the Pokémon's Attack Range is increased when the floor has the Hail status."
xcl_family_kyurem_02,Kyurem Wing,True,xcl,,Species-exclusive Pokemon equipment; no corresponding Digimon-specific item in the reference.,"An exclusive item for Kyurem. When kept in the bag, moves used on the Pokémon are more intensely affected by type match-ups."
xcl_family_kyurem_03,Kyurem Tail,True,xcl,,Species-exclusive Pokemon equipment; no corresponding Digimon-specific item in the reference.,"An exclusive item for Kyurem. When kept in the bag, the Pokémon's moves are more intensely affected by type match-ups."
xcl_family_kyurem_04,Kyurem Shard,True,xcl,,Species-exclusive Pokemon equipment; no corresponding Digimon-specific item in the reference.,"An exclusive item for Kyurem. When kept in the bag, the Pokémon will regain HP after defeating an enemy."
xcl_family_lake_trio_00,Edify Robe,False,xcl,,Species-exclusive Pokemon equipment; no corresponding Digimon-specific item in the reference.,"An exclusive item for Uxie. When kept in the bag, it partially reveals the floor's layout the Pokémon reaches a new floor."
xcl_family_lake_trio_01,Uxie Jewel,False,xcl,,Species-exclusive Pokemon equipment; no corresponding Digimon-specific item in the reference.,"An exclusive item for Uxie. When kept in the bag, the Pokémon gets an extra 2PP to all of its moves."
xcl_family_lake_trio_02,Charity Robe,False,xcl,,Species-exclusive Pokemon equipment; no corresponding Digimon-specific item in the reference.,"An exclusive item for Mesprit. When kept in the bag, it restores the PP of all moves when the Pokémon reaches a new floor."
xcl_family_lake_trio_03,Mesprit Jewel,False,xcl,,Species-exclusive Pokemon equipment; no corresponding Digimon-specific item in the reference.,"An exclusive item for Mesprit. When kept in the bag, the Pokémon recovers faster from status problems."
xcl_family_lake_trio_04,Hope Robe,False,xcl,,Species-exclusive Pokemon equipment; no corresponding Digimon-specific item in the reference.,"An exclusive item for Azelf. When kept in the bag, the Pokémon cannot damage allies with its moves."
xcl_family_lake_trio_05,Azelf Jewel,False,xcl,,Species-exclusive Pokemon equipment; no corresponding Digimon-specific item in the reference.,"An exclusive item for Azelf. When kept in the bag, the Pokémon's regular attack will hit the front and sides."
xcl_family_lake_trio_06,Spirit Dust,False,xcl,,Species-exclusive Pokemon equipment; no corresponding Digimon-specific item in the reference.,"An exclusive item for Uxie, Mesprit, and Azelf. When kept in the bag, the category of the Pokémon's regular attack is changed from physical to special."
xcl_family_lake_trio_07,Spirit Shard,False,xcl,,Species-exclusive Pokemon equipment; no corresponding Digimon-specific item in the reference.,"An exclusive item for Uxie, Mesprit, and Azelf. When kept in the bag, the Pokémon has a higher chance of recruiting wild Pokémon."
xcl_family_lake_trio_08,Red Chain,False,xcl,,Species-exclusive Pokemon equipment; no corresponding Digimon-specific item in the reference.,"An exclusive item for Uxie, Mesprit, and Azelf. When kept in the bag, the Pokémon's stat-changing moves are spread to allies."
xcl_family_lake_trio_09,Spirit Crest,False,xcl,,Species-exclusive Pokemon equipment; no corresponding Digimon-specific item in the reference.,"An exclusive item for Uxie, Mesprit, and Azelf. When kept in the bag, the Pokémon is more likely to evade attacks when at low HP."
xcl_family_lapras_00,Mystic Scarf,True,xcl,,Species-exclusive Pokemon equipment; no corresponding Digimon-specific item in the reference.,"An exclusive item for Lapras. When kept in the bag, it reduces damage done by Rock-type attacks."
xcl_family_lapras_01,Lapras Tiara,True,xcl,,Species-exclusive Pokemon equipment; no corresponding Digimon-specific item in the reference.,"An exclusive item for Lapras. When kept in the bag, the Pokemon's moves and items that hit in a straight line will pass through walls."
xcl_family_lapras_02,Lapras Song,True,xcl,,Species-exclusive Pokemon equipment; no corresponding Digimon-specific item in the reference.,"An exclusive item for Lapras. When kept in the bag, the Pokémon has a higher chance of recruiting wild Pokémon."
xcl_family_lapras_03,Lapras Card,True,xcl,,Species-exclusive Pokemon equipment; no corresponding Digimon-specific item in the reference.,"An exclusive item for Lapras. When kept in the bag, it restores the PP of a move when the Pokémon reaches a new floor."
xcl_family_lapras_04,Wavy Charm,False,xcl,,Species-exclusive Pokemon equipment; no corresponding Digimon-specific item in the reference.,An exclusive item for Lapras. 
xcl_family_larvesta_00,Volcarona Robe,True,xcl,,Species-exclusive Pokemon equipment; no corresponding Digimon-specific item in the reference.,"An exclusive item for the Volcarona family. When kept in the bag, the Pokémon's Bug-type moves have a chance to inflict the Burned status."
xcl_family_larvesta_01,Volcarona Crest,True,xcl,,Species-exclusive Pokemon equipment; no corresponding Digimon-specific item in the reference.,"An exclusive item for the Volcarona family. When kept in the bag, the Pokémon's Attack Range is increased when the floor has the Sunny status."
xcl_family_larvesta_02,Larvesta Hair,True,xcl,,Species-exclusive Pokemon equipment; no corresponding Digimon-specific item in the reference.,"An exclusive item for the Larvesta family. When kept in the bag, moves used on the Pokémon are more intensely affected by type match-ups."
xcl_family_larvesta_03,Larvesta Horn,True,xcl,,Species-exclusive Pokemon equipment; no corresponding Digimon-specific item in the reference.,"An exclusive item for the Larvesta family. When kept in the bag, the Pokémon becomes extremely likely to avoid Rock-type attacks."
xcl_family_larvesta_04,Larvesta Wing,True,xcl,,Species-exclusive Pokemon equipment; no corresponding Digimon-specific item in the reference.,"An exclusive item for the Larvesta family. When kept in the bag, the Pokémon can traverse water, lava, and pits."
xcl_family_larvitar_00,Crash Claw,True,xcl,,Species-exclusive Pokemon equipment; no corresponding Digimon-specific item in the reference.,"An exclusive item for the Tyranitar family. When kept in the bag, it prevents the Pokémon from fainting to Fighting-type moves, leaving it with 1 HP."
xcl_family_larvitar_01,Pupitar Scarf,True,xcl,,Species-exclusive Pokemon equipment; no corresponding Digimon-specific item in the reference.,"An exclusive item for the Pupitar family. When kept in the bag, items thrown by the Pokémon will spread out like a fan."
xcl_family_larvitar_02,Larvitar Mud,True,xcl,,Species-exclusive Pokemon equipment; no corresponding Digimon-specific item in the reference.,"An exclusive item for the Larvitar family. When kept in the bag, the Pokémon's PP cannot be lowered by the moves and abilities of opposing Pokémon."
xcl_family_larvitar_03,Larvitar Card,True,xcl,,Species-exclusive Pokemon equipment; no corresponding Digimon-specific item in the reference.,"An exclusive item for the Larvitar family. When kept in the bag, the Pokémon's regular attack cannot miss."
xcl_family_larvitar_04,Larvitar Crest,True,xcl,,Species-exclusive Pokemon equipment; no corresponding Digimon-specific item in the reference.,"An exclusive item for the Larvitar family. When kept in the bag, the Pokémon's moves are more intensely affected by type match-ups."
xcl_family_larvitar_05,Pupitar Guard,False,xcl,,Species-exclusive Pokemon equipment; no corresponding Digimon-specific item in the reference.,An exclusive item for the Pupitar family. 
xcl_family_lati_duo_00,Heart Brooch,True,xcl,,Species-exclusive Pokemon equipment; no corresponding Digimon-specific item in the reference.,"An exclusive item for Latias. When kept in the bag, the Pokémon gains the Invisible status after using a Status move."
xcl_family_lati_duo_01,Latias Bow,True,xcl,,Species-exclusive Pokemon equipment; no corresponding Digimon-specific item in the reference.,"An exclusive item for Latias. When kept in the bag, the Pokémon's natural HP-recovery speed is boosted."
xcl_family_lati_duo_02,Eon Veil,True,xcl,,Species-exclusive Pokemon equipment; no corresponding Digimon-specific item in the reference.,"An exclusive item for Latios. When kept in the bag, it inflicts the Paused status on the attacker when the Pokémon is hit with a Fairy-type move."
xcl_family_lati_duo_03,Latios Scarf,True,xcl,,Species-exclusive Pokemon equipment; no corresponding Digimon-specific item in the reference.,"An exclusive item for Latios. When kept in the bag, the Pokémon's moves will destroy traps."
xcl_family_lati_duo_04,Latios Card,True,xcl,,Species-exclusive Pokemon equipment; no corresponding Digimon-specific item in the reference.,"An exclusive item for Latias, and Latios. When kept in the bag, the Pokémon's PP cannot be lowered by the moves and abilities of opposing Pokémon."
xcl_family_lati_duo_05,Latias Card,True,xcl,,Species-exclusive Pokemon equipment; no corresponding Digimon-specific item in the reference.,"An exclusive item for Latias, and Latios. When kept in the bag, it allows the Pokémon's regular attack to strike twice."
xcl_family_lati_duo_06,Eon Seal,True,xcl,,Species-exclusive Pokemon equipment; no corresponding Digimon-specific item in the reference.,"An exclusive item for Latias, and Latios. When kept in the bag, the Pokemon's moves and items that hit in a straight line cannot damage allies."
xcl_family_lati_duo_07,Heart Crest,False,xcl,,Species-exclusive Pokemon equipment; no corresponding Digimon-specific item in the reference.,"An exclusive item for Latias, and Latios. "
xcl_family_ledyba_00,Ledian Bow,True,xcl,,Species-exclusive Pokemon equipment; no corresponding Digimon-specific item in the reference.,"An exclusive item for the Ledian family. When kept in the bag, the Pokémon's Status moves may increase the user's Movement Speed."
xcl_family_ledyba_01,Ledian Ring,True,xcl,,Species-exclusive Pokemon equipment; no corresponding Digimon-specific item in the reference.,"An exclusive item for the Ledian family. When kept in the bag, the Pokémon is protected from weather damage."
xcl_family_ledyba_02,Ledyba Card,True,xcl,,Species-exclusive Pokemon equipment; no corresponding Digimon-specific item in the reference.,"An exclusive item for the Ledyba family. When kept in the bag, the Pokémon takes reduced damage from multiple attacks in a turn."
xcl_family_ledyba_03,Ledyba Wing,True,xcl,,Species-exclusive Pokemon equipment; no corresponding Digimon-specific item in the reference.,"An exclusive item for the Ledyba family. When kept in the bag, the Pokémon is more likely to evade attacks when at low HP."
xcl_family_lickitung_00,Flabby Belt,True,xcl,,Species-exclusive Pokemon equipment; no corresponding Digimon-specific item in the reference.,"An exclusive item for the Lickilicky family. When kept in the bag, the Pokémon's HP is restored when it eats a food item."
xcl_family_lickitung_01,Lickilicky Scarf,True,xcl,,Species-exclusive Pokemon equipment; no corresponding Digimon-specific item in the reference.,"An exclusive item for the Lickilicky family. When kept in the bag, items thrown by the Pokémon will spread out like a fan."
xcl_family_lickitung_02,Lickitung Drool,True,xcl,,Species-exclusive Pokemon equipment; no corresponding Digimon-specific item in the reference.,"An exclusive item for the Lickitung family. When kept in the bag, the Pokémon will more easily dodge attacks if its previous move missed."
xcl_family_lickitung_03,Lickitung Card,True,xcl,,Species-exclusive Pokemon equipment; no corresponding Digimon-specific item in the reference.,"An exclusive item for the Lickitung family. When kept in the bag, the Pokémon's regular attacks and thrown items have a chance to inflict the Paralyzed status."
xcl_family_lileep_00,Cradily Bow,True,xcl,,Species-exclusive Pokemon equipment; no corresponding Digimon-specific item in the reference.,"An exclusive item for the Cradily family. When kept in the bag, the Pokémon's Status moves inflict the Leech Seed status."
xcl_family_lileep_01,Cradily Band,True,xcl,,Species-exclusive Pokemon equipment; no corresponding Digimon-specific item in the reference.,"An exclusive item for the Cradily family. When kept in the bag, the Pokémon's natural HP-recovery speed is boosted."
xcl_family_lileep_02,Lileep Root,True,xcl,,Species-exclusive Pokemon equipment; no corresponding Digimon-specific item in the reference.,"An exclusive item for the Lileep family. When kept in the bag, the Pokémon's PP cannot be lowered by the moves and abilities of opposing Pokémon."
xcl_family_lileep_03,Lileep Card,True,xcl,,Species-exclusive Pokemon equipment; no corresponding Digimon-specific item in the reference.,"An exclusive item for the Lileep family. When kept in the bag, the Pokémon can traverse water."
xcl_family_lileep_04,Lileep Crest,False,xcl,,Species-exclusive Pokemon equipment; no corresponding Digimon-specific item in the reference.,An exclusive item for the Lileep family. 
xcl_family_lillipup_00,Stoutland Coat,False,xcl,,Species-exclusive Pokemon equipment; no corresponding Digimon-specific item in the reference.,"An exclusive item for the Stoutland family. When kept in the bag, it prevents the Pokémon from fainting to Fighting-type moves, leaving it with 1 HP."
xcl_family_lillipup_01,Herdier Heart,False,xcl,,Species-exclusive Pokemon equipment; no corresponding Digimon-specific item in the reference.,"An exclusive item for the Herdier family. When kept in the bag, the Pokémon will recover from status effects after defeating an enemy."
xcl_family_lillipup_02,Lillipup Tail,False,xcl,,Species-exclusive Pokemon equipment; no corresponding Digimon-specific item in the reference.,"An exclusive item for the Lillipup family. When kept in the bag, the Pokémon will not take damage from counter attacks."
xcl_family_lillipup_03,Lillipup Fang,False,xcl,,Species-exclusive Pokemon equipment; no corresponding Digimon-specific item in the reference.,"An exclusive item for the Lillipup family. When kept in the bag, it reveals the number of items laying on the ground whenever the Pokémon reaches a new floor."
xcl_family_lillipup_04,Lillipup Tag,False,xcl,,Species-exclusive Pokemon equipment; no corresponding Digimon-specific item in the reference.,"An exclusive item for the Lillipup family. When kept in the bag, the Pokémon is protected from weather damage."
xcl_family_litwick_00,Chandelure Torc,False,xcl,,Species-exclusive Pokemon equipment; no corresponding Digimon-specific item in the reference.,"An exclusive item for the Chandelure family. When kept in the bag, the Pokémon cannot damage allies with its moves."
xcl_family_litwick_01,Lampent Tag,False,xcl,,Species-exclusive Pokemon equipment; no corresponding Digimon-specific item in the reference.,"An exclusive item for the Lampent family. When kept in the bag, the Pokémon can traverse water, lava, and pits."
xcl_family_litwick_02,Litwick Dew,False,xcl,,Species-exclusive Pokemon equipment; no corresponding Digimon-specific item in the reference.,"An exclusive item for the Litwick family. When kept in the bag, the category of the Pokémon's regular attack is changed from physical to special."
xcl_family_litwick_03,Litwick Card,False,xcl,,Species-exclusive Pokemon equipment; no corresponding Digimon-specific item in the reference.,"An exclusive item for the Litwick family. When kept in the bag, the Pokémon will more easily dodge attacks if its previous move missed."
xcl_family_litwick_04,Litwick Crest,False,xcl,,Species-exclusive Pokemon equipment; no corresponding Digimon-specific item in the reference.,"An exclusive item for the Litwick family. When kept in the bag, the Pokémon will regain HP after defeating an enemy."
xcl_family_lotad_00,Ludicolo Hat,True,xcl,,Species-exclusive Pokemon equipment; no corresponding Digimon-specific item in the reference.,"An exclusive item for the Ludicolo family. When kept in the bag, it inflicts the Leech Seed status on the attacker when the Pokémon is hit with a Flying-type move."
xcl_family_lotad_01,Jolly Scarf,True,xcl,,Species-exclusive Pokemon equipment; no corresponding Digimon-specific item in the reference.,"An exclusive item for the Lombre family. When kept in the bag, the Pokémon's natural HP-recovery speed is boosted."
xcl_family_lotad_02,Lotad Card,True,xcl,,Species-exclusive Pokemon equipment; no corresponding Digimon-specific item in the reference.,"An exclusive item for the Lotad family. When kept in the bag, the Pokémon will not take damage from counter attacks."
xcl_family_lotad_03,Lotad Dew,True,xcl,,Species-exclusive Pokemon equipment; no corresponding Digimon-specific item in the reference.,"An exclusive item for the Lotad family. When kept in the bag, it reveals the number of items laying on the ground whenever the Pokémon reaches a new floor."
xcl_family_lugia_00,Silver Veil,False,xcl,,Species-exclusive Pokemon equipment; no corresponding Digimon-specific item in the reference.,"An exclusive item for Lugia. When kept in the bag, the Pokémon gains the Safeguard status after using a Status move."
xcl_family_lugia_01,Silver Wing,False,xcl,,Species-exclusive Pokemon equipment; no corresponding Digimon-specific item in the reference.,"An exclusive item for Lugia. When kept in the bag, the Pokémon will regain HP after defeating an enemy."
xcl_family_lugia_02,Lugia Song,False,xcl,,Species-exclusive Pokemon equipment; no corresponding Digimon-specific item in the reference.,"An exclusive item for Lugia. When kept in the bag, the Pokémon gets an extra 2PP to all of its moves."
xcl_family_lugia_03,Lugia Card,False,xcl,,Species-exclusive Pokemon equipment; no corresponding Digimon-specific item in the reference.,"An exclusive item for Lugia. When kept in the bag, the effects of wands will fly in an arc when waved by the Pokémon."
xcl_family_lugia_04,Silver Brooch,False,xcl,,Species-exclusive Pokemon equipment; no corresponding Digimon-specific item in the reference.,"An exclusive item for Lugia. When kept in the bag, the Pokemon's moves and items that hit in a straight line cannot damage allies."
xcl_family_lugia_05,Deep Sea Jewel,False,xcl,,Species-exclusive Pokemon equipment; no corresponding Digimon-specific item in the reference.,An exclusive item for Lugia. 
xcl_family_lunatone_solrock_00,Lunatone Torc,True,xcl,,Species-exclusive Pokemon equipment; no corresponding Digimon-specific item in the reference.,"An exclusive item for Lunatone. When kept in the bag, the Pokémon's Status moves inflict the Torment status."
xcl_family_lunatone_solrock_01,Solrock Bow,True,xcl,,Species-exclusive Pokemon equipment; no corresponding Digimon-specific item in the reference.,"An exclusive item for Solrock. When kept in the bag, the Pokémon's Status moves inflict the Exposed status."
xcl_family_lunatone_solrock_02,Lunatone Beam,True,xcl,,Species-exclusive Pokemon equipment; no corresponding Digimon-specific item in the reference.,"An exclusive item for Lunatone, and Solrock. When kept in the bag, the Pokémon's attacks never miss and always land a critical hit if all moves have the same PP."
xcl_family_lunatone_solrock_03,Solrock Beam,True,xcl,,Species-exclusive Pokemon equipment; no corresponding Digimon-specific item in the reference.,"An exclusive item for Lunatone, and Solrock. When kept in the bag, the Pokémon gets an extra 2PP to all of its moves."
xcl_family_lunatone_solrock_04,Lunatone Ring,True,xcl,,Species-exclusive Pokemon equipment; no corresponding Digimon-specific item in the reference.,"An exclusive item for Lunatone, and Solrock. When kept in the bag, the Pokémon becomes immune to the Asleep status."
xcl_family_lunatone_solrock_05,Solrock Brooch,True,xcl,,Species-exclusive Pokemon equipment; no corresponding Digimon-specific item in the reference.,"An exclusive item for Lunatone, and Solrock. When kept in the bag, the Pokémon becomes immune to the Burned status."
xcl_family_lunatone_solrock_06,Meteor Charm,False,xcl,,Species-exclusive Pokemon equipment; no corresponding Digimon-specific item in the reference.,"An exclusive item for Lunatone, and Solrock. When kept in the bag, it changes the Pokémon's regular attack into a short projectile."
xcl_family_luvdisc_00,Luvdisc Torc,False,xcl,,Species-exclusive Pokemon equipment; no corresponding Digimon-specific item in the reference.,"An exclusive item for Luvdisc. When kept in the bag, the Pokémon will gradually restore the HP of its allies when its own HP is full."
xcl_family_luvdisc_01,Luvdisc Cape,False,xcl,,Species-exclusive Pokemon equipment; no corresponding Digimon-specific item in the reference.,"An exclusive item for Luvdisc. When kept in the bag, the Pokémon may find a Heart Scale when it enters a new floor."
xcl_family_luvdisc_02,Luvdisc Foam,False,xcl,,Species-exclusive Pokemon equipment; no corresponding Digimon-specific item in the reference.,"An exclusive item for Luvdisc. When kept in the bag, the Pokémon has a higher chance of recruiting wild Pokémon."
xcl_family_luvdisc_03,Luvdisc Card,False,xcl,,Species-exclusive Pokemon equipment; no corresponding Digimon-specific item in the reference.,"An exclusive item for Luvdisc. When kept in the bag, stat changes inflicted on the Pokémon are passed to the Pokémon that caused it."
xcl_family_luvdisc_04,Luvdisc Earring,False,xcl,,Species-exclusive Pokemon equipment; no corresponding Digimon-specific item in the reference.,"An exclusive item for Luvdisc. When kept in the bag, the Pokémon is more likely to evade attacks from close up."
xcl_family_luvdisc_05,Luvdisc Brooch,False,xcl,,Species-exclusive Pokemon equipment; no corresponding Digimon-specific item in the reference.,An exclusive item for Luvdisc. 
xcl_family_machop_00,Machamp Belt,True,xcl,,Species-exclusive Pokemon equipment; no corresponding Digimon-specific item in the reference.,"An exclusive item for the Machamp family. When kept in the bag, it prevents the Pokémon from fainting to Psychic-type moves, leaving it with 1 HP."
xcl_family_machop_01,Machoke Mask,True,xcl,,Species-exclusive Pokemon equipment; no corresponding Digimon-specific item in the reference.,"An exclusive item for the Machoke family. When kept in the bag, the Pokémon's regular attack will throw opponents back."
xcl_family_machop_02,Machop Twig,True,xcl,,Species-exclusive Pokemon equipment; no corresponding Digimon-specific item in the reference.,"An exclusive item for the Machop family. When kept in the bag, the Pokémon is more likely to evade attacks when at low HP."
xcl_family_machop_03,Machop Card,True,xcl,,Species-exclusive Pokemon equipment; no corresponding Digimon-specific item in the reference.,"An exclusive item for the Machop family. When kept in the bag, items thrown by the Pokémon will pierce through enemies."
xcl_family_magearna_00,Clockwork Dress,True,xcl,,Species-exclusive Pokemon equipment; no corresponding Digimon-specific item in the reference.,"An exclusive item for Magearna. When kept in the bag, the Pokémon cannot damage allies with its moves."
xcl_family_magearna_01,Magearna Heart,True,xcl,,Species-exclusive Pokemon equipment; no corresponding Digimon-specific item in the reference.,"An exclusive item for Magearna. When kept in the bag, the Pokémon will gradually restore the HP of its allies when its own HP is full."
xcl_family_magearna_02,Magearna Card,True,xcl,,Species-exclusive Pokemon equipment; no corresponding Digimon-specific item in the reference.,"An exclusive item for Magearna. When kept in the bag, the Pokémon will more easily dodge attacks if its previous move missed."
xcl_family_magearna_03,Magearna Thorn,True,xcl,,Species-exclusive Pokemon equipment; no corresponding Digimon-specific item in the reference.,"An exclusive item for Magearna. When kept in the bag, the Pokémon will take reduced damage from explosions and splash damage."
xcl_family_magikarp_00,Tempest Sash,True,xcl,,Species-exclusive Pokemon equipment; no corresponding Digimon-specific item in the reference.,"An exclusive item for the Gyarados family. When kept in the bag, the Pokémon's Dragon-type moves are boosted."
xcl_family_magikarp_01,Gyarados Float,True,xcl,,Species-exclusive Pokemon equipment; no corresponding Digimon-specific item in the reference.,"An exclusive item for the Gyarados family. When kept in the bag, the Pokémon will damage nearby enemies after defeating an enemy."
xcl_family_magikarp_02,Magikarp Foam,True,xcl,,Species-exclusive Pokemon equipment; no corresponding Digimon-specific item in the reference.,"An exclusive item for the Magikarp family. When kept in the bag, the Pokémon's regular attack cannot miss."
xcl_family_magikarp_03,Magikarp Tail,True,xcl,,Species-exclusive Pokemon equipment; no corresponding Digimon-specific item in the reference.,"An exclusive item for the Magikarp family. When kept in the bag, the Pokémon will do increased damage if its previous move missed."
xcl_family_magmar_00,Magmortar Torc,True,xcl,,Species-exclusive Pokemon equipment; no corresponding Digimon-specific item in the reference.,"An exclusive item for the Magmortar family. When kept in the bag, the Pokémon cannot damage allies with its moves."
xcl_family_magmar_01,Magmar Scarf,True,xcl,,Species-exclusive Pokemon equipment; no corresponding Digimon-specific item in the reference.,"An exclusive item for the Magmar family. When kept in the bag, the Pokémon will damage nearby enemies after defeating an enemy."
xcl_family_magmar_02,Magby Claw,True,xcl,,Species-exclusive Pokemon equipment; no corresponding Digimon-specific item in the reference.,"An exclusive item for the Magby family. When kept in the bag, the Pokémon will be able to move when asleep."
xcl_family_magmar_03,Magby Card,True,xcl,,Species-exclusive Pokemon equipment; no corresponding Digimon-specific item in the reference.,"An exclusive item for the Magby family. When kept in the bag, items thrown by the Pokémon will pierce through enemies."
xcl_family_magmar_04,Ember Jewel,True,xcl,,Species-exclusive Pokemon equipment; no corresponding Digimon-specific item in the reference.,"An exclusive item for the Magby family. When kept in the bag, the Pokémon recovers HP when in lava."
xcl_family_magmar_05,Erupt Ore,False,xcl,,Species-exclusive Pokemon equipment; no corresponding Digimon-specific item in the reference.,An exclusive item for the Magmar family. 
xcl_family_magnemite_00,Builder Sash,True,xcl,,Species-exclusive Pokemon equipment; no corresponding Digimon-specific item in the reference.,"An exclusive item for the Magnezone family. When kept in the bag, it partially reveals the floor's layout the Pokémon reaches a new floor."
xcl_family_magnemite_01,Magneton Specs,True,xcl,,Species-exclusive Pokemon equipment; no corresponding Digimon-specific item in the reference.,"An exclusive item for the Magneton family. When kept in the bag, the Pokémon can traverse water, lava, and pits."
xcl_family_magnemite_02,Magnemite Beam,True,xcl,,Species-exclusive Pokemon equipment; no corresponding Digimon-specific item in the reference.,"An exclusive item for the Magnemite family. When kept in the bag, moves used on the Pokémon are more intensely affected by type match-ups."
xcl_family_magnemite_03,Magnemite Card,True,xcl,,Species-exclusive Pokemon equipment; no corresponding Digimon-specific item in the reference.,"An exclusive item for the Magnemite family. When kept in the bag, the category of the Pokémon's regular attack is changed from physical to special."
xcl_family_makuhita_00,Thrust Belt,True,xcl,,Species-exclusive Pokemon equipment; no corresponding Digimon-specific item in the reference.,"An exclusive item for the Hariyama family. When kept in the bag, it reduces damage done by Psychic-type attacks."
xcl_family_makuhita_01,Hariyama Mask,True,xcl,,Species-exclusive Pokemon equipment; no corresponding Digimon-specific item in the reference.,"An exclusive item for the Hariyama family. When kept in the bag, the Pokémon's regular attack will knock opponents back."
xcl_family_makuhita_02,Makuhita Card,True,xcl,,Species-exclusive Pokemon equipment; no corresponding Digimon-specific item in the reference.,"An exclusive item for the Makuhita family. When kept in the bag, the Pokémon can traverse water."
xcl_family_makuhita_03,Makuhita Sweat,True,xcl,,Species-exclusive Pokemon equipment; no corresponding Digimon-specific item in the reference.,"An exclusive item for the Makuhita family. When kept in the bag, it restores the PP of a move when the Pokémon reaches a new floor."
xcl_family_makuhita_04,Makuhita Medal,True,xcl,,Species-exclusive Pokemon equipment; no corresponding Digimon-specific item in the reference.,"An exclusive item for the Makuhita family. When kept in the bag, it raises the critical-hit ratio of super-effective hits."
xcl_family_manaphy_phione_00,Tidal Cape,True,xcl,,Species-exclusive Pokemon equipment; no corresponding Digimon-specific item in the reference.,"An exclusive item for Manaphy. When kept in the bag, it partially reveals the floor's layout the Pokémon reaches a new floor."
xcl_family_manaphy_phione_01,Ripple Cape,True,xcl,,Species-exclusive Pokemon equipment; no corresponding Digimon-specific item in the reference.,"An exclusive item for Phione. When kept in the bag, the Pokémon gains the Aqua Ring status after using a Status move."
xcl_family_manaphy_phione_02,Marine Cache,True,xcl,,Species-exclusive Pokemon equipment; no corresponding Digimon-specific item in the reference.,"An exclusive item for Phione, and Manaphy. When kept in the bag, the Pokémon recovers HP when in water."
xcl_family_manaphy_phione_03,Phione Song,True,xcl,,Species-exclusive Pokemon equipment; no corresponding Digimon-specific item in the reference.,"An exclusive item for Phione, and Manaphy. When kept in the bag, it restores the PP of a move when the Pokémon reaches a new floor."
xcl_family_manaphy_phione_04,Phione Card,True,xcl,,Species-exclusive Pokemon equipment; no corresponding Digimon-specific item in the reference.,"An exclusive item for Phione, and Manaphy. When kept in the bag, the Pokémon has a higher chance of recruiting wild Pokémon."
xcl_family_manaphy_phione_05,Wave Jewel,True,xcl,,Species-exclusive Pokemon equipment; no corresponding Digimon-specific item in the reference.,"An exclusive item for Phione, and Manaphy. When kept in the bag, the Pokémon is more likely to evade attacks from close up."
xcl_family_manaphy_phione_06,Manaphy Brooch,False,xcl,,Species-exclusive Pokemon equipment; no corresponding Digimon-specific item in the reference.,"An exclusive item for Phione, and Manaphy. "
xcl_family_mankey_00,Nullify Belt,True,xcl,,Species-exclusive Pokemon equipment; no corresponding Digimon-specific item in the reference.,"An exclusive item for the Annihilape family. When kept in the bag, it causes the Pokémon's regular attack to remove the target's ability."
xcl_family_mankey_01,Primeape Armlet,True,xcl,,Species-exclusive Pokemon equipment; no corresponding Digimon-specific item in the reference.,"An exclusive item for the Primeape family. When kept in the bag, the Pokémon becomes immune to the Burned status."
xcl_family_mankey_02,Mankey Hair,True,xcl,,Species-exclusive Pokemon equipment; no corresponding Digimon-specific item in the reference.,"An exclusive item for the Mankey family. When kept in the bag, stat changes inflicted on the Pokémon are passed to the Pokémon that caused it."
xcl_family_mankey_03,Mankey Card,True,xcl,,Species-exclusive Pokemon equipment; no corresponding Digimon-specific item in the reference.,"An exclusive item for the Mankey family. When kept in the bag, the Pokémon becomes immune to the Cringing status."
xcl_family_mantine_00,Horizon Bow,True,xcl,,Species-exclusive Pokemon equipment; no corresponding Digimon-specific item in the reference.,"An exclusive item for the Mantine family. When kept in the bag, it inflicts the Whirlpool status on the attacker when the Pokémon is hit with a Ice-type move."
xcl_family_mantine_01,Ocean Bow,True,xcl,,Species-exclusive Pokemon equipment; no corresponding Digimon-specific item in the reference.,"An exclusive item for the Mantine family. When kept in the bag, the Pokémon's moves will destroy traps."
xcl_family_mantine_02,Mantyke Beam,True,xcl,,Species-exclusive Pokemon equipment; no corresponding Digimon-specific item in the reference.,"An exclusive item for the Mantyke family. When kept in the bag, it restores the PP of a move when the Pokémon reaches a new floor."
xcl_family_mantine_03,Mantyke Card,True,xcl,,Species-exclusive Pokemon equipment; no corresponding Digimon-specific item in the reference.,"An exclusive item for the Mantyke family. When kept in the bag, the Pokémon is prevented from being forced off its location."
xcl_family_mantine_04,Waft Rock,True,xcl,,Species-exclusive Pokemon equipment; no corresponding Digimon-specific item in the reference.,"An exclusive item for the Mantyke family. When kept in the bag, it reveals the direction of the staircase whenever the Pokémon reaches a new floor."
xcl_family_mantine_05,Sunset Rock,False,xcl,,Species-exclusive Pokemon equipment; no corresponding Digimon-specific item in the reference.,An exclusive item for the Mantine family. 
xcl_family_maractus_00,Maractus Poncho,True,xcl,,Species-exclusive Pokemon equipment; no corresponding Digimon-specific item in the reference.,"An exclusive item for Maractus. When kept in the bag, the Pokémon is protected from status conditions when the floor has the Sandstorm status."
xcl_family_maractus_01,Maractus Mask,True,xcl,,Species-exclusive Pokemon equipment; no corresponding Digimon-specific item in the reference.,"An exclusive item for Maractus. When kept in the bag, the Pokémon is protected from weather damage."
xcl_family_maractus_02,Maractus Seed,True,xcl,,Species-exclusive Pokemon equipment; no corresponding Digimon-specific item in the reference.,"An exclusive item for Maractus. When kept in the bag, the Pokémon's regular attack will hit the front and sides."
xcl_family_maractus_03,Maractus Thorn,True,xcl,,Species-exclusive Pokemon equipment; no corresponding Digimon-specific item in the reference.,"An exclusive item for Maractus. When kept in the bag, it raises the critical-hit ratio of not-very-effective hits."
xcl_family_mareep_00,Sacred Scarf,True,xcl,,Species-exclusive Pokemon equipment; no corresponding Digimon-specific item in the reference.,"An exclusive item for the Ampharos family. When kept in the bag, it inflicts the Electrified status on the attacker when the Pokémon is hit with a Grass-type move."
xcl_family_mareep_01,Flaaffy Scarf,True,xcl,,Species-exclusive Pokemon equipment; no corresponding Digimon-specific item in the reference.,"An exclusive item for the Flaaffy family. When kept in the bag, it changes the Pokémon's regular attack into a short projectile."
xcl_family_mareep_02,Mareep Card,True,xcl,,Species-exclusive Pokemon equipment; no corresponding Digimon-specific item in the reference.,"An exclusive item for the Mareep family. When kept in the bag, the category of the Pokémon's regular attack is changed from physical to special."
xcl_family_mareep_03,Mareep Beam,True,xcl,,Species-exclusive Pokemon equipment; no corresponding Digimon-specific item in the reference.,"An exclusive item for the Mareep family. When kept in the bag, the Pokémon gets an extra 2PP to all of its moves."
xcl_family_mareep_04,Mareep Guard,True,xcl,,Species-exclusive Pokemon equipment; no corresponding Digimon-specific item in the reference.,"An exclusive item for the Mareep family. When kept in the bag, the effects of wands will fly in an arc when waved by the Pokémon."
xcl_family_mareep_05,Flaaffy Jewel,False,xcl,,Species-exclusive Pokemon equipment; no corresponding Digimon-specific item in the reference.,An exclusive item for the Flaaffy family. 
xcl_family_marill_00,Dotted Scarf,True,xcl,,Species-exclusive Pokemon equipment; no corresponding Digimon-specific item in the reference.,"An exclusive item for the Azumarill family. When kept in the bag, it inflicts the Whirlpool status on the attacker when the Pokémon is hit with a Steel-type move."
xcl_family_marill_01,Marill Hat,True,xcl,,Species-exclusive Pokemon equipment; no corresponding Digimon-specific item in the reference.,"An exclusive item for the Marill family. When kept in the bag, the Pokémon is protected from weather damage."
xcl_family_marill_02,Azurill Dew,True,xcl,,Species-exclusive Pokemon equipment; no corresponding Digimon-specific item in the reference.,"An exclusive item for the Azurill family. When kept in the bag, the Pokémon is more likely to evade attacks when at low HP."
xcl_family_marill_03,Azurill Card,True,xcl,,Species-exclusive Pokemon equipment; no corresponding Digimon-specific item in the reference.,"An exclusive item for the Azurill family. When kept in the bag, the Pokémon's regular attack cannot miss."
xcl_family_marill_04,Azurill Charm,True,xcl,,Species-exclusive Pokemon equipment; no corresponding Digimon-specific item in the reference.,"An exclusive item for the Azurill family. When kept in the bag, it reveals the direction of the staircase whenever the Pokémon reaches a new floor."
xcl_family_marill_05,Surfer Rock,False,xcl,,Species-exclusive Pokemon equipment; no corresponding Digimon-specific item in the reference.,An exclusive item for the Marill family. 
xcl_family_marshadow_00,Marshadow Belt,True,xcl,,Species-exclusive Pokemon equipment; no corresponding Digimon-specific item in the reference.,"An exclusive item for Marshadow. When kept in the bag, the Pokémon's regular attack explodes outwards with splash damage."
xcl_family_marshadow_01,Marshadow Seal,True,xcl,,Species-exclusive Pokemon equipment; no corresponding Digimon-specific item in the reference.,"An exclusive item for Marshadow. When kept in the bag, the Pokémon will be able to move again after defeating an enemy."
xcl_family_marshadow_02,Marshadow Sweat,True,xcl,,Species-exclusive Pokemon equipment; no corresponding Digimon-specific item in the reference.,"An exclusive item for Marshadow. When kept in the bag, it allows the Pokémon's regular attack to strike twice."
xcl_family_marshadow_03,Marshadow Gasp,True,xcl,,Species-exclusive Pokemon equipment; no corresponding Digimon-specific item in the reference.,"An exclusive item for Marshadow. When kept in the bag, the Pokémon becomes immune to the Cringing status."
xcl_family_mawile_00,Deceit Mask,True,xcl,,Species-exclusive Pokemon equipment; no corresponding Digimon-specific item in the reference.,"An exclusive item for Mawile. When kept in the bag, the Pokémon's Dark-type moves are boosted."
xcl_family_mawile_01,Mawile Veil,True,xcl,,Species-exclusive Pokemon equipment; no corresponding Digimon-specific item in the reference.,"An exclusive item for Mawile. When kept in the bag, the Pokémon's moves will destroy traps."
xcl_family_mawile_02,Mawile Card,True,xcl,,Species-exclusive Pokemon equipment; no corresponding Digimon-specific item in the reference.,"An exclusive item for Mawile. When kept in the bag, moves used on the Pokémon are more intensely affected by type match-ups."
xcl_family_mawile_03,Mawile Fang,True,xcl,,Species-exclusive Pokemon equipment; no corresponding Digimon-specific item in the reference.,"An exclusive item for Mawile. When kept in the bag, the Pokémon takes reduced damage from multiple attacks in a turn."
xcl_family_mawile_04,Mawile Ore,True,xcl,,Species-exclusive Pokemon equipment; no corresponding Digimon-specific item in the reference.,"An exclusive item for Mawile. When kept in the bag, the Pokémon will counter damage from regular attacks and thrown items."
xcl_family_meditite_00,Ponder Sash,True,xcl,,Species-exclusive Pokemon equipment; no corresponding Digimon-specific item in the reference.,"An exclusive item for the Medicham family. When kept in the bag, it allows Fighting-type moves to hit Ghost-type Pokémon."
xcl_family_meditite_01,Medicham Torc,True,xcl,,Species-exclusive Pokemon equipment; no corresponding Digimon-specific item in the reference.,"An exclusive item for the Medicham family. When kept in the bag, the Pokémon's natural HP-recovery speed is boosted."
xcl_family_meditite_02,Meditite Card,True,xcl,,Species-exclusive Pokemon equipment; no corresponding Digimon-specific item in the reference.,"An exclusive item for the Meditite family. When kept in the bag, the Pokémon is prevented from being forced off its location."
xcl_family_meditite_03,Meditite Beam,True,xcl,,Species-exclusive Pokemon equipment; no corresponding Digimon-specific item in the reference.,"An exclusive item for the Meditite family. When kept in the bag, the Pokémon cannot have its Special Attack lowered."
xcl_family_meloetta_00,Meloetta Dress,True,xcl,,Species-exclusive Pokemon equipment; no corresponding Digimon-specific item in the reference.,"An exclusive item for Meloetta. When kept in the bag, the Pokémon will be able to move again after defeating an enemy."
xcl_family_meloetta_01,Meloetta Tiara,True,xcl,,Species-exclusive Pokemon equipment; no corresponding Digimon-specific item in the reference.,"An exclusive item for Meloetta. When kept in the bag, the Pokémon will recover from status effects after defeating an enemy."
xcl_family_meloetta_02,Meloetta Card,True,xcl,,Species-exclusive Pokemon equipment; no corresponding Digimon-specific item in the reference.,"An exclusive item for Meloetta. When kept in the bag, the Pokémon's regular attack cannot miss."
xcl_family_meloetta_03,Meloetta Song,True,xcl,,Species-exclusive Pokemon equipment; no corresponding Digimon-specific item in the reference.,"An exclusive item for Meloetta. When kept in the bag, the Pokémon is more likely to evade attacks when at low HP."
xcl_family_meloetta_04,Meloetta Guard,True,xcl,,Species-exclusive Pokemon equipment; no corresponding Digimon-specific item in the reference.,"An exclusive item for Meloetta. When kept in the bag, the Pokémon becomes immune to the Confused status."
xcl_family_meltan_00,Melmetal Mantle,False,xcl,,Species-exclusive Pokemon equipment; no corresponding Digimon-specific item in the reference.,"An exclusive item for the Melmetal family. When kept in the bag, the Pokémon's Electric-type moves may lower the target's Defense."
xcl_family_meltan_01,Melmetal Band,False,xcl,,Species-exclusive Pokemon equipment; no corresponding Digimon-specific item in the reference.,"An exclusive item for the Melmetal family. When kept in the bag, the Pokémon's regular attacks change to match its type."
xcl_family_meltan_02,Meltan Card,False,xcl,,Species-exclusive Pokemon equipment; no corresponding Digimon-specific item in the reference.,"An exclusive item for the Meltan family. When kept in the bag, the Pokémon has a higher chance of recruiting wild Pokémon."
xcl_family_meltan_03,Meltan Tail,False,xcl,,Species-exclusive Pokemon equipment; no corresponding Digimon-specific item in the reference.,"An exclusive item for the Meltan family. When kept in the bag, the Pokémon will do increased damage if its previous move missed."
xcl_family_meltan_04,Meltan Guard,False,xcl,,Species-exclusive Pokemon equipment; no corresponding Digimon-specific item in the reference.,"An exclusive item for the Meltan family. When kept in the bag, the Pokémon is more likely to evade attacks from far away."
xcl_family_meowth_00,Noble Scarf,True,xcl,,Species-exclusive Pokemon equipment; no corresponding Digimon-specific item in the reference.,"An exclusive item for the Persian family. When kept in the bag, the Pokémon gains the Focus Energy status after using a Physical move."
xcl_family_meowth_01,Persian Ruff,True,xcl,,Species-exclusive Pokemon equipment; no corresponding Digimon-specific item in the reference.,"An exclusive item for the Persian family. When kept in the bag, the Pokémon is more likely to evade attacks from close up."
xcl_family_meowth_02,Meowth Claw,True,xcl,,Species-exclusive Pokemon equipment; no corresponding Digimon-specific item in the reference.,"An exclusive item for the Meowth family. When kept in the bag, it reveals the number of items laying on the ground whenever the Pokémon reaches a new floor."
xcl_family_meowth_03,Meowth Fang,True,xcl,,Species-exclusive Pokemon equipment; no corresponding Digimon-specific item in the reference.,"An exclusive item for the Meowth family. When kept in the bag, the Pokémon will not take damage from counter attacks."
xcl_family_meowth_04,Coin Charm,True,xcl,,Species-exclusive Pokemon equipment; no corresponding Digimon-specific item in the reference.,"An exclusive item for the Meowth family. When kept in the bag, the Pokémon will find more \uE024 when exploring in dungeons."
xcl_family_meowth_05,Insight Rock,False,xcl,,Species-exclusive Pokemon equipment; no corresponding Digimon-specific item in the reference.,"An exclusive item for the Persian family. When kept in the bag, the Pokémon will find more Hidden Stairs when exploring in dungeons."
xcl_family_mew_duo_00,Havoc Robe,True,xcl,,Species-exclusive Pokemon equipment; no corresponding Digimon-specific item in the reference.,"An exclusive item for Mewtwo. When kept in the bag, the Pokémon's regular attack explodes outwards with splash damage."
xcl_family_mew_duo_01,Mewtwo Torc,True,xcl,,Species-exclusive Pokemon equipment; no corresponding Digimon-specific item in the reference.,"An exclusive item for Mewtwo. When kept in the bag, the Pokémon can traverse water, lava, and pits."
xcl_family_mew_duo_02,Mewtwo Beam,True,xcl,,Species-exclusive Pokemon equipment; no corresponding Digimon-specific item in the reference.,"An exclusive item for Mewtwo. When kept in the bag, the Pokémon will raise the PP usage of opponents that attack it."
xcl_family_mew_duo_03,Mewtwo Seal,True,xcl,,Species-exclusive Pokemon equipment; no corresponding Digimon-specific item in the reference.,"An exclusive item for Mewtwo. When kept in the bag, it allows the Pokémon's regular attack to strike twice."
xcl_family_mew_duo_04,Life Ring,True,xcl,,Species-exclusive Pokemon equipment; no corresponding Digimon-specific item in the reference.,"An exclusive item for Mew. When kept in the bag, the Pokémon is protected from status conditions when the floor has the Clear status."
xcl_family_mew_duo_05,Mew Scarf,True,xcl,,Species-exclusive Pokemon equipment; no corresponding Digimon-specific item in the reference.,"An exclusive item for Mew. When kept in the bag, the Pokémon's regular attacks and thrown items have a chance to devolve the target."
xcl_family_mew_duo_06,Mew Hair,True,xcl,,Species-exclusive Pokemon equipment; no corresponding Digimon-specific item in the reference.,"An exclusive item for Mew, and Mewtwo. When kept in the bag, it changes the Pokémon's regular attack into a short projectile."
xcl_family_mew_duo_07,Mew Card,True,xcl,,Species-exclusive Pokemon equipment; no corresponding Digimon-specific item in the reference.,"An exclusive item for Mew. When kept in the bag, the Pokémon has a higher chance of recruiting wild Pokémon."
xcl_family_mew_duo_08,Mew Seal,True,xcl,,Species-exclusive Pokemon equipment; no corresponding Digimon-specific item in the reference.,"An exclusive item for Mew. When kept in the bag, the Pokémon can traverse water, lava, and pits."
xcl_family_mienfoo_00,Mienshao Sash,False,xcl,,Species-exclusive Pokemon equipment; no corresponding Digimon-specific item in the reference.,"An exclusive item for the Mienshao family. When kept in the bag, it allows Fighting-type moves to hit Ghost-type Pokémon."
xcl_family_mienfoo_01,Mienshao Seal,False,xcl,,Species-exclusive Pokemon equipment; no corresponding Digimon-specific item in the reference.,"An exclusive item for the Mienshao family. When kept in the bag, the Pokémon will be able to move again after defeating an enemy."
xcl_family_mienfoo_02,Mienfoo Claw,False,xcl,,Species-exclusive Pokemon equipment; no corresponding Digimon-specific item in the reference.,"An exclusive item for the Mienfoo family. When kept in the bag, it allows the Pokémon's regular attack to strike twice."
xcl_family_mienfoo_03,Mienfoo Sweat,False,xcl,,Species-exclusive Pokemon equipment; no corresponding Digimon-specific item in the reference.,"An exclusive item for the Mienfoo family. When kept in the bag, the Pokémon becomes extremely likely to avoid Flying-type attacks."
xcl_family_mienfoo_04,Mienfoo Charm,False,xcl,,Species-exclusive Pokemon equipment; no corresponding Digimon-specific item in the reference.,"An exclusive item for the Mienfoo family. When kept in the bag, it changes the Pokémon's lunging moves into two weaker strikes."
xcl_family_mimikyu_00,Mimikyu Bow,True,xcl,,Species-exclusive Pokemon equipment; no corresponding Digimon-specific item in the reference.,"An exclusive item for Mimikyu. When kept in the bag, the Pokémon's Physical moves inflict the In Love status."
xcl_family_mimikyu_01,Mimikyu Tag,True,xcl,,Species-exclusive Pokemon equipment; no corresponding Digimon-specific item in the reference.,"An exclusive item for Mimikyu. When kept in the bag, the Pokémon's regular attacks change to match its type."
xcl_family_mimikyu_02,Mimikyu Gasp,True,xcl,,Species-exclusive Pokemon equipment; no corresponding Digimon-specific item in the reference.,"An exclusive item for Mimikyu. When kept in the bag, the Pokémon will more easily dodge attacks if its previous move missed."
xcl_family_mimikyu_03,Mimikyu Claw,True,xcl,,Species-exclusive Pokemon equipment; no corresponding Digimon-specific item in the reference.,"An exclusive item for Mimikyu. When kept in the bag, it restores the PP of a move when the Pokémon reaches a new floor."
xcl_family_minior_00,Minior Bow,True,xcl,,Species-exclusive Pokemon equipment; no corresponding Digimon-specific item in the reference.,"An exclusive item for Minior. When kept in the bag, the Pokémon cannot damage allies with its moves."
xcl_family_minior_01,Minior Shard,True,xcl,,Species-exclusive Pokemon equipment; no corresponding Digimon-specific item in the reference.,"An exclusive item for Minior. When kept in the bag, the Pokémon will counter damage from regular attacks and thrown items."
xcl_family_minior_02,Minior Card,True,xcl,,Species-exclusive Pokemon equipment; no corresponding Digimon-specific item in the reference.,"An exclusive item for Minior. When kept in the bag, the Pokémon gets an extra 2PP to all of its moves."
xcl_family_minior_03,Minior Beam,True,xcl,,Species-exclusive Pokemon equipment; no corresponding Digimon-specific item in the reference.,"An exclusive item for Minior. When kept in the bag, the Pokémon will more easily dodge attacks if its previous move missed."
xcl_family_misdreavus_00,Magic Hat,True,xcl,,Species-exclusive Pokemon equipment; no corresponding Digimon-specific item in the reference.,"An exclusive item for the Mismagius family. When kept in the bag, the Pokémon gains the Magic Coat status after using a Status move."
xcl_family_misdreavus_01,Mismagius Brooch,True,xcl,,Species-exclusive Pokemon equipment; no corresponding Digimon-specific item in the reference.,"An exclusive item for the Mismagius family. When kept in the bag, the effects of wands will spread out like a fan when waved by the Pokémon."
xcl_family_misdreavus_02,Misdreavus Card,True,xcl,,Species-exclusive Pokemon equipment; no corresponding Digimon-specific item in the reference.,"An exclusive item for the Misdreavus family. When kept in the bag, the Pokémon takes reduced damage from multiple attacks in a turn."
xcl_family_misdreavus_03,Misdreavus Hair,True,xcl,,Species-exclusive Pokemon equipment; no corresponding Digimon-specific item in the reference.,"An exclusive item for the Misdreavus family. When kept in the bag, the Pokémon will more easily dodge attacks if its previous move missed."
xcl_family_morpeko_00,Morpeko Bangle,False,xcl,,Species-exclusive Pokemon equipment; no corresponding Digimon-specific item in the reference.,"An exclusive item for Morpeko. When kept in the bag, the Pokémon's Dark-type moves have a chance to inflict the Paralyzed status."
xcl_family_morpeko_01,Morpeko Jaw,False,xcl,,Species-exclusive Pokemon equipment; no corresponding Digimon-specific item in the reference.,"An exclusive item for Morpeko. When kept in the bag, the Pokémon's HP is restored when it eats a food item."
xcl_family_morpeko_02,Morpeko Tooth,False,xcl,,Species-exclusive Pokemon equipment; no corresponding Digimon-specific item in the reference.,"An exclusive item for Morpeko. When kept in the bag, the Pokémon's moves are more intensely affected by type match-ups."
xcl_family_morpeko_03,Morpeko Hair,False,xcl,,Species-exclusive Pokemon equipment; no corresponding Digimon-specific item in the reference.,"An exclusive item for Morpeko. When kept in the bag, it reveals the number of items laying on the ground whenever the Pokémon reaches a new floor."
xcl_family_mr_mime_00,Barrier Bow,True,xcl,,Species-exclusive Pokemon equipment; no corresponding Digimon-specific item in the reference.,"An exclusive item for the Mr. Mime family. When kept in the bag, it reduces damage done by Dark-type attacks."
xcl_family_mr_mime_01,Mr. Mime Ruff,True,xcl,,Species-exclusive Pokemon equipment; no corresponding Digimon-specific item in the reference.,"An exclusive item for the Mr. Mime family. When kept in the bag, the Pokémon is more likely to evade attacks from close up."
xcl_family_mr_mime_02,Junior Beam,True,xcl,,Species-exclusive Pokemon equipment; no corresponding Digimon-specific item in the reference.,"An exclusive item for the Mime Jr. family. When kept in the bag, the Pokémon will not take damage from counter attacks."
xcl_family_mr_mime_03,Junior Card,True,xcl,,Species-exclusive Pokemon equipment; no corresponding Digimon-specific item in the reference.,"An exclusive item for the Mime Jr. family. When kept in the bag, the effects of wands will fly in an arc when waved by the Pokémon."
xcl_family_mr_mime_04,Mimic Pebble,True,xcl,,Species-exclusive Pokemon equipment; no corresponding Digimon-specific item in the reference.,"An exclusive item for the Mime Jr. family. When kept in the bag, the category of the Pokémon's regular attack is changed from physical to special."
xcl_family_mr_mime_05,Bulwark Rock,False,xcl,,Species-exclusive Pokemon equipment; no corresponding Digimon-specific item in the reference.,An exclusive item for the Mr. Mime family. 
xcl_family_mudkip_00,Swampert Bangle,False,xcl,,Species-exclusive Pokemon equipment; no corresponding Digimon-specific item in the reference.,"An exclusive item for the Swampert family. When kept in the bag, it inflicts the Immobilized status on the attacker when the Pokémon is hit with a Water-type move."
xcl_family_mudkip_01,Marshtomp Torc,False,xcl,,Species-exclusive Pokemon equipment; no corresponding Digimon-specific item in the reference.,"An exclusive item for the Marshtomp family. When kept in the bag, the Pokémon is more likely to evade attacks from far away."
xcl_family_mudkip_02,Mudkip Card,False,xcl,,Species-exclusive Pokemon equipment; no corresponding Digimon-specific item in the reference.,"An exclusive item for the Mudkip family. When kept in the bag, the Pokémon gets an extra 2PP to all of its moves."
xcl_family_mudkip_03,Mudkip Mud,False,xcl,,Species-exclusive Pokemon equipment; no corresponding Digimon-specific item in the reference.,"An exclusive item for the Mudkip family. When kept in the bag, the Pokémon takes reduced damage from multiple attacks in a turn."
xcl_family_mudkip_04,Mudkip Jewel,False,xcl,,Species-exclusive Pokemon equipment; no corresponding Digimon-specific item in the reference.,"An exclusive item for the Mudkip family. When kept in the bag, the Pokemon's moves and items that hit in a straight line cannot damage allies."
xcl_family_mudkip_05,Marshtomp Crest,False,xcl,,Species-exclusive Pokemon equipment; no corresponding Digimon-specific item in the reference.,An exclusive item for the Marshtomp family. 
xcl_family_munna_00,Musharna Veil,False,xcl,,Species-exclusive Pokemon equipment; no corresponding Digimon-specific item in the reference.,"An exclusive item for the Musharna family. When kept in the bag, the Pokémon gradually restores the HP of its teammates while they are asleep."
xcl_family_munna_01,Dream Mist,False,xcl,,Species-exclusive Pokemon equipment; no corresponding Digimon-specific item in the reference.,"An exclusive item for the Musharna family. When kept in the bag, the Pokémon can traverse water, lava, and pits."
xcl_family_munna_02,Munna Song,False,xcl,,Species-exclusive Pokemon equipment; no corresponding Digimon-specific item in the reference.,"An exclusive item for the Munna family. When kept in the bag, it restores the PP of a move when the Pokémon reaches a new floor."
xcl_family_munna_03,Munna Card,False,xcl,,Species-exclusive Pokemon equipment; no corresponding Digimon-specific item in the reference.,"An exclusive item for the Munna family. When kept in the bag, the Pokémon will be able to move when asleep."
xcl_family_munna_04,Munna Heart,False,xcl,,Species-exclusive Pokemon equipment; no corresponding Digimon-specific item in the reference.,"An exclusive item for the Munna family. When kept in the bag, the Pokémon recovers faster from status problems."
xcl_family_murkrow_00,Honchkrow Cape,True,xcl,,Species-exclusive Pokemon equipment; no corresponding Digimon-specific item in the reference.,"An exclusive item for the Honchkrow family. When kept in the bag, the Pokémon gains the Grudge status after using a Status move."
xcl_family_murkrow_01,Honchkrow Hat,True,xcl,,Species-exclusive Pokemon equipment; no corresponding Digimon-specific item in the reference.,"An exclusive item for the Honchkrow family. When kept in the bag, the Pokémon's moves will destroy traps."
xcl_family_murkrow_02,Murkrow Card,True,xcl,,Species-exclusive Pokemon equipment; no corresponding Digimon-specific item in the reference.,"An exclusive item for the Murkrow family. When kept in the bag, the Pokémon gives back recovered HP when it is healed by another Pokémon."
xcl_family_murkrow_03,Murkrow Claw,True,xcl,,Species-exclusive Pokemon equipment; no corresponding Digimon-specific item in the reference.,"An exclusive item for the Murkrow family. When kept in the bag, the Pokémon will counter damage from regular attacks and thrown items."
xcl_family_murkrow_04,Murkrow Seal,True,xcl,,Species-exclusive Pokemon equipment; no corresponding Digimon-specific item in the reference.,"An exclusive item for the Murkrow family. When kept in the bag, the effects of wands will fly in an arc when waved by the Pokémon."
xcl_family_natu_00,Xatu Bow,True,xcl,,Species-exclusive Pokemon equipment; no corresponding Digimon-specific item in the reference.,"An exclusive item for the Xatu family. When kept in the bag, it allows the Pokémon to see foes and items in heavy darkness."
xcl_family_natu_01,Xatu Crest,True,xcl,,Species-exclusive Pokemon equipment; no corresponding Digimon-specific item in the reference.,"An exclusive item for the Xatu family. When kept in the bag, the Pokémon's moves will destroy traps."
xcl_family_natu_02,Natu Card,True,xcl,,Species-exclusive Pokemon equipment; no corresponding Digimon-specific item in the reference.,"An exclusive item for the Natu family. When kept in the bag, the Pokémon will be able to move when asleep."
xcl_family_natu_03,Natu Wing,True,xcl,,Species-exclusive Pokemon equipment; no corresponding Digimon-specific item in the reference.,"An exclusive item for the Natu family. When kept in the bag, the effects of wands will fly in an arc when waved by the Pokémon."
xcl_family_necrozma_00,Ultra Prism,True,xcl,,Species-exclusive Pokemon equipment; no corresponding Digimon-specific item in the reference.,"An exclusive item for Necrozma. When kept in the bag, the Pokémon's Psychic-type moves inflict the Blinker status."
xcl_family_necrozma_01,Necrozma Ore,True,xcl,,Species-exclusive Pokemon equipment; no corresponding Digimon-specific item in the reference.,"An exclusive item for Necrozma. When kept in the bag, the Pokémon will be able to move again after defeating an enemy."
xcl_family_necrozma_02,Necrozma Horn,True,xcl,,Species-exclusive Pokemon equipment; no corresponding Digimon-specific item in the reference.,"An exclusive item for Necrozma. When kept in the bag, the Pokémon gets an extra 2PP to all of its moves."
xcl_family_necrozma_03,Necrozma Claw,True,xcl,,Species-exclusive Pokemon equipment; no corresponding Digimon-specific item in the reference.,"An exclusive item for Necrozma. When kept in the bag, the Pokémon will regain HP after defeating an enemy."
xcl_family_nickit_00,Thievul Mask,True,xcl,,Species-exclusive Pokemon equipment; no corresponding Digimon-specific item in the reference.,"An exclusive item for the Thievul family. When kept in the bag, it prevents the Pokémon from fainting to Fighting-type moves, leaving it with 1 HP."
xcl_family_nickit_01,Thievul Seal,True,xcl,,Species-exclusive Pokemon equipment; no corresponding Digimon-specific item in the reference.,"An exclusive item for the Thievul family. When kept in the bag, the Pokémon's regular attacks change to match its type."
xcl_family_nickit_02,Nickit Hair,True,xcl,,Species-exclusive Pokemon equipment; no corresponding Digimon-specific item in the reference.,"An exclusive item for the Nickit family. When kept in the bag, the Pokémon's Dark-type moves are changed to become Special."
xcl_family_nickit_03,Nickit Tail,True,xcl,,Species-exclusive Pokemon equipment; no corresponding Digimon-specific item in the reference.,"An exclusive item for the Nickit family. When kept in the bag, the Pokémon is more likely to evade attacks when at low HP."
xcl_family_nickit_04,Nickit Coin,True,xcl,,Species-exclusive Pokemon equipment; no corresponding Digimon-specific item in the reference.,"An exclusive item for the Nickit family. When kept in the bag, the Pokémon will find more \uE024 when exploring in dungeons."
xcl_family_nidoran_00,Impact Torc,True,xcl,,Species-exclusive Pokemon equipment; no corresponding Digimon-specific item in the reference.,"An exclusive item for Nidoran♀, Nidorina, and Nidoqueen. When kept in the bag, the Pokémon gets an extra 5PP to all of its moves."
xcl_family_nidoran_01,Nido-Crest,True,xcl,,Species-exclusive Pokemon equipment; no corresponding Digimon-specific item in the reference.,"An exclusive item for the Nidorino family. When kept in the bag, the Pokémon will counter damage from regular attacks and thrown items."
xcl_family_nidoran_02,Nido-Claw,True,xcl,,Species-exclusive Pokemon equipment; no corresponding Digimon-specific item in the reference.,"An exclusive item for the Nidoran♀ family. When kept in the bag, the Pokémon will do increased damage if its previous move missed."
xcl_family_nidoran_03,Nido-Thorn,True,xcl,,Species-exclusive Pokemon equipment; no corresponding Digimon-specific item in the reference.,"An exclusive item for the Nidoran♂ family. When kept in the bag, items thrown by the Pokémon will pierce through enemies."
xcl_family_nidoran_04,Nido-Seal,True,xcl,,Species-exclusive Pokemon equipment; no corresponding Digimon-specific item in the reference.,"An exclusive item for the Nidorina family. When kept in the bag, the Pokémon will regain HP after defeating an enemy."
xcl_family_nidoran_05,Thorny Scarf,True,xcl,,Species-exclusive Pokemon equipment; no corresponding Digimon-specific item in the reference.,"An exclusive item for the Nidoqueen family. When kept in the bag, the Pokémon will damage nearby enemies after defeating an enemy."
xcl_family_nidoran_06,King Sash,True,xcl,,Species-exclusive Pokemon equipment; no corresponding Digimon-specific item in the reference.,"An exclusive item for Nidoran♂, Nidorino, and Nidoking. When kept in the bag, the Pokémon will recover from status effects after defeating an enemy."
xcl_family_nihilego_00,Ultra Hat,False,xcl,,Species-exclusive Pokemon equipment; no corresponding Digimon-specific item in the reference.,"An exclusive item for Nihilego. When kept in the bag, the Pokémon's Psychic-type moves inflict the Poisoned status."
xcl_family_nihilego_01,Nihilego Dust,False,xcl,,Species-exclusive Pokemon equipment; no corresponding Digimon-specific item in the reference.,"An exclusive item for Nihilego. When kept in the bag, the Pokémon can traverse water, lava, and pits."
xcl_family_nihilego_02,Nihilego Dew,False,xcl,,Species-exclusive Pokemon equipment; no corresponding Digimon-specific item in the reference.,"An exclusive item for Nihilego. When kept in the bag, the Pokémon becomes extremely likely to avoid Ground-type attacks."
xcl_family_nihilego_03,Nihilego Thorn,False,xcl,,Species-exclusive Pokemon equipment; no corresponding Digimon-specific item in the reference.,"An exclusive item for Nihilego. When kept in the bag, status problems inflicted on the Pokémon are passed to the Pokémon that caused it."
xcl_family_nincada_00,Ninja Ruff,True,xcl,,Species-exclusive Pokemon equipment; no corresponding Digimon-specific item in the reference.,"An exclusive item for Nincada, and Ninjask. When kept in the bag, it partially reveals the floor's layout the Pokémon reaches a new floor."
xcl_family_nincada_01,Ninjask Specs,True,xcl,,Species-exclusive Pokemon equipment; no corresponding Digimon-specific item in the reference.,"An exclusive item for Nincada, and Ninjask. When kept in the bag, it changes the Pokémon's regular attack into a dash."
xcl_family_nincada_02,Nincada Claw,True,xcl,,Species-exclusive Pokemon equipment; no corresponding Digimon-specific item in the reference.,"An exclusive item for Nincada, Ninjask, and Shedinja. When kept in the bag, the Pokémon will not take damage from counter attacks."
xcl_family_nincada_03,Nincada Card,True,xcl,,Species-exclusive Pokemon equipment; no corresponding Digimon-specific item in the reference.,"An exclusive item for Nincada, Ninjask, and Shedinja. When kept in the bag, the Pokémon is more likely to evade attacks when at low HP."
xcl_family_nincada_04,Nincada Key,True,xcl,,Species-exclusive Pokemon equipment; no corresponding Digimon-specific item in the reference.,"An exclusive item for Nincada, Ninjask, and Shedinja. When kept in the bag, the Pokémon's moves will destroy traps."
xcl_family_nincada_05,Shedinja Mask,True,xcl,,Species-exclusive Pokemon equipment; no corresponding Digimon-specific item in the reference.,"An exclusive item for Shedinja. When kept in the bag, the Pokémon can traverse water, lava, and pits."
xcl_family_nincada_06,Awe Mantle,True,xcl,,Species-exclusive Pokemon equipment; no corresponding Digimon-specific item in the reference.,"An exclusive item for Shedinja. When kept in the bag, it prevents the Pokémon from fainting to Ghost-type moves, leaving it with 1 HP."
xcl_family_noibat_00,Noivern Cape,True,xcl,,Species-exclusive Pokemon equipment; no corresponding Digimon-specific item in the reference.,"An exclusive item for the Noivern family. When kept in the bag, it prevents the Pokémon from fainting to Ice-type moves, leaving it with 1 HP."
xcl_family_noibat_01,Noivern Jewel,True,xcl,,Species-exclusive Pokemon equipment; no corresponding Digimon-specific item in the reference.,"An exclusive item for the Noivern family. When kept in the bag, it changes the Pokémon's regular attack into a short projectile."
xcl_family_noibat_02,Noibat Song,True,xcl,,Species-exclusive Pokemon equipment; no corresponding Digimon-specific item in the reference.,"An exclusive item for the Noibat family. When kept in the bag, the category of the Pokémon's regular attack is changed from physical to special."
xcl_family_noibat_03,Noibat Wing,True,xcl,,Species-exclusive Pokemon equipment; no corresponding Digimon-specific item in the reference.,"An exclusive item for the Noibat family. When kept in the bag, the Pokémon's moves are more intensely affected by type match-ups."
xcl_family_noibat_04,Noibat Earring,True,xcl,,Species-exclusive Pokemon equipment; no corresponding Digimon-specific item in the reference.,"An exclusive item for the Noibat family. When kept in the bag, the Pokemon's moves and items that hit in a straight line cannot damage allies."
xcl_family_nosepass_00,Probopass Hat,True,xcl,,Species-exclusive Pokemon equipment; no corresponding Digimon-specific item in the reference.,"An exclusive item for the Probopass family. When kept in the bag, the Pokémon changes the floor to Electric Terrain after using a Status move."
xcl_family_nosepass_01,Probopass Glasses,True,xcl,,Species-exclusive Pokemon equipment; no corresponding Digimon-specific item in the reference.,"An exclusive item for the Probopass family. When kept in the bag, the Pokémon can traverse water, lava, and pits."
xcl_family_nosepass_02,Nosepass Card,True,xcl,,Species-exclusive Pokemon equipment; no corresponding Digimon-specific item in the reference.,"An exclusive item for the Nosepass family. When kept in the bag, the Pokémon's regular attack cannot miss."
xcl_family_nosepass_03,Nosepass Beam,True,xcl,,Species-exclusive Pokemon equipment; no corresponding Digimon-specific item in the reference.,"An exclusive item for the Nosepass family. When kept in the bag, the Pokémon takes reduced damage from multiple attacks in a turn."
xcl_family_nosepass_04,Nosepass Ore,True,xcl,,Species-exclusive Pokemon equipment; no corresponding Digimon-specific item in the reference.,"An exclusive item for the Nosepass family. When kept in the bag, it reveals the direction of the staircase whenever the Pokémon reaches a new floor."
xcl_family_numel_00,Erupt Scarf,True,xcl,,Species-exclusive Pokemon equipment; no corresponding Digimon-specific item in the reference.,"An exclusive item for the Camerupt family. When kept in the bag, it allows Ground-type moves to hit Flying-type Pokémon."
xcl_family_numel_01,Camerupt Bow,True,xcl,,Species-exclusive Pokemon equipment; no corresponding Digimon-specific item in the reference.,"An exclusive item for the Camerupt family. When kept in the bag, the Pokémon will regain HP after defeating an enemy."
xcl_family_numel_02,Numel Card,True,xcl,,Species-exclusive Pokemon equipment; no corresponding Digimon-specific item in the reference.,"An exclusive item for the Numel family. When kept in the bag, the Pokémon's moves are more intensely affected by type match-ups."
xcl_family_numel_03,Numel Hair,True,xcl,,Species-exclusive Pokemon equipment; no corresponding Digimon-specific item in the reference.,"An exclusive item for the Numel family. When kept in the bag, it restores the PP of a move when the Pokémon reaches a new floor."
xcl_family_numel_04,Numel Pebble,True,xcl,,Species-exclusive Pokemon equipment; no corresponding Digimon-specific item in the reference.,"An exclusive item for the Numel family. When kept in the bag, the Pokémon recovers HP when in lava."
xcl_family_nymble_00,Lokix Helmet,True,xcl,,Species-exclusive Pokemon equipment; no corresponding Digimon-specific item in the reference.,"An exclusive item for the Lokix family. When kept in the bag, the Pokémon cannot damage allies with its moves."
xcl_family_nymble_01,Lokix Ring,True,xcl,,Species-exclusive Pokemon equipment; no corresponding Digimon-specific item in the reference.,"An exclusive item for the Lokix family. When kept in the bag, the Pokémon will be able to move again after defeating an enemy."
xcl_family_nymble_02,Nymble Card,True,xcl,,Species-exclusive Pokemon equipment; no corresponding Digimon-specific item in the reference.,"An exclusive item for the Nymble family. When kept in the bag, it restores the PP of a move when the Pokémon reaches a new floor."
xcl_family_nymble_03,Nymble Wing,True,xcl,,Species-exclusive Pokemon equipment; no corresponding Digimon-specific item in the reference.,"An exclusive item for the Nymble family. When kept in the bag, the Pokémon will not take damage from counter attacks."
xcl_family_nymble_04,Nymble Shard,True,xcl,,Species-exclusive Pokemon equipment; no corresponding Digimon-specific item in the reference.,"An exclusive item for the Nymble family. When kept in the bag, it raises the critical-hit ratio of super-effective hits."
xcl_family_oddish_00,Bright Tiara,True,xcl,,Species-exclusive Pokemon equipment; no corresponding Digimon-specific item in the reference.,"An exclusive item for the Bellossom family. When kept in the bag, the Pokémon is protected from status conditions when the floor has the Sunny status."
xcl_family_oddish_01,Aroma Scarf,True,xcl,,Species-exclusive Pokemon equipment; no corresponding Digimon-specific item in the reference.,"An exclusive item for the Vileplume family. When kept in the bag, it reduces damage done by Flying-type attacks."
xcl_family_oddish_02,Oddish Dew,True,xcl,,Species-exclusive Pokemon equipment; no corresponding Digimon-specific item in the reference.,"An exclusive item for the Oddish family. When kept in the bag, it restores the PP of a move when the Pokémon reaches a new floor."
xcl_family_oddish_03,Oddish Leaf,True,xcl,,Species-exclusive Pokemon equipment; no corresponding Digimon-specific item in the reference.,"An exclusive item for the Oddish family. When kept in the bag, the Pokémon's attacks never miss and always land a critical hit if all moves have the same PP."
xcl_family_oddish_04,Gloom Crest,True,xcl,,Species-exclusive Pokemon equipment; no corresponding Digimon-specific item in the reference.,"An exclusive item for the Gloom family. When kept in the bag, the Pokemon's moves and items that hit in a straight line cannot damage allies."
xcl_family_oddish_05,Gloom Earring,False,xcl,,Species-exclusive Pokemon equipment; no corresponding Digimon-specific item in the reference.,An exclusive item for the Gloom family. 
xcl_family_omanyte_00,Aged Scarf,True,xcl,,Species-exclusive Pokemon equipment; no corresponding Digimon-specific item in the reference.,"An exclusive item for the Omastar family. When kept in the bag, it reduces damage done by Electric-type attacks."
xcl_family_omanyte_01,Omastar Torc,True,xcl,,Species-exclusive Pokemon equipment; no corresponding Digimon-specific item in the reference.,"An exclusive item for the Omastar family. When kept in the bag, the Pokémon recovers faster from status problems."
xcl_family_omanyte_02,Omanyte Foam,True,xcl,,Species-exclusive Pokemon equipment; no corresponding Digimon-specific item in the reference.,"An exclusive item for the Omanyte family. When kept in the bag, the Pokémon will more easily dodge attacks if its previous move missed."
xcl_family_omanyte_03,Omanyte Mud,True,xcl,,Species-exclusive Pokemon equipment; no corresponding Digimon-specific item in the reference.,"An exclusive item for the Omanyte family. When kept in the bag, the Pokémon's attacks never miss and always land a critical hit if all moves have the same PP."
xcl_family_onix_00,Quartz Torc,True,xcl,,Species-exclusive Pokemon equipment; no corresponding Digimon-specific item in the reference.,"An exclusive item for the Steelix family. When kept in the bag, the Pokémon's moves will destroy traps."
xcl_family_onix_01,Steelix Brooch,True,xcl,,Species-exclusive Pokemon equipment; no corresponding Digimon-specific item in the reference.,"An exclusive item for the Steelix family. When kept in the bag, the Pokémon can traverse water, lava, and pits."
xcl_family_onix_02,Onix Mud,True,xcl,,Species-exclusive Pokemon equipment; no corresponding Digimon-specific item in the reference.,"An exclusive item for the Onix family. When kept in the bag, moves used on the Pokémon are more intensely affected by type match-ups."
xcl_family_onix_03,Onix Card,True,xcl,,Species-exclusive Pokemon equipment; no corresponding Digimon-specific item in the reference.,"An exclusive item for the Onix family. When kept in the bag, it reveals the number of items laying on the ground whenever the Pokémon reaches a new floor."
xcl_family_onix_04,Onix Shard,True,xcl,,Species-exclusive Pokemon equipment; no corresponding Digimon-specific item in the reference.,"An exclusive item for the Onix family. When kept in the bag, the Pokémon becomes immune to the Burned status."
xcl_family_oshawott_00,Samurott Armor,True,xcl,,Species-exclusive Pokemon equipment; no corresponding Digimon-specific item in the reference.,"An exclusive item for the Samurott family. When kept in the bag, the Pokémon scatters Spikes when hit by a Physical attack."
xcl_family_oshawott_01,Dewott Crest,True,xcl,,Species-exclusive Pokemon equipment; no corresponding Digimon-specific item in the reference.,"An exclusive item for the Dewott family. When kept in the bag, the Pokémon will be able to move again after defeating an enemy."
xcl_family_oshawott_02,Oshawott Dew,True,xcl,,Species-exclusive Pokemon equipment; no corresponding Digimon-specific item in the reference.,"An exclusive item for the Oshawott family. When kept in the bag, it restores the PP of a move when the Pokémon reaches a new floor."
xcl_family_oshawott_03,Oshawott Fang,True,xcl,,Species-exclusive Pokemon equipment; no corresponding Digimon-specific item in the reference.,"An exclusive item for the Oshawott family. When kept in the bag, the Pokémon will do increased damage if its previous move missed."
xcl_family_oshawott_04,Oshawott Medal,True,xcl,,Species-exclusive Pokemon equipment; no corresponding Digimon-specific item in the reference.,"An exclusive item for the Oshawott family. When kept in the bag, it raises the critical-hit ratio of super-effective hits."
xcl_family_pachirisu_00,Miracle Bow,True,xcl,,Species-exclusive Pokemon equipment; no corresponding Digimon-specific item in the reference.,"An exclusive item for Pachirisu. When kept in the bag, the Pokémon gains the Light Screen status after using a Status move."
xcl_family_pachirisu_01,Pachirisu Scarf,True,xcl,,Species-exclusive Pokemon equipment; no corresponding Digimon-specific item in the reference.,"An exclusive item for Pachirisu. When kept in the bag, the Pokémon will take reduced damage from explosions and splash damage."
xcl_family_pachirisu_02,Pachirisu Tooth,True,xcl,,Species-exclusive Pokemon equipment; no corresponding Digimon-specific item in the reference.,"An exclusive item for Pachirisu. When kept in the bag, the Pokémon takes reduced damage from multiple attacks in a turn."
xcl_family_pachirisu_03,Pachirisu Card,True,xcl,,Species-exclusive Pokemon equipment; no corresponding Digimon-specific item in the reference.,"An exclusive item for Pachirisu. When kept in the bag, the Pokémon is more likely to evade attacks when at low HP."
xcl_family_pachirisu_04,Rouse Charm,True,xcl,,Species-exclusive Pokemon equipment; no corresponding Digimon-specific item in the reference.,"An exclusive item for Pachirisu. When kept in the bag, the Pokémon's HP is restored when it eats a food item."
xcl_family_palkia_00,Space Blade,False,xcl,,Species-exclusive Pokemon equipment; no corresponding Digimon-specific item in the reference.,"An exclusive item for Palkia. When kept in the bag, the Pokémon changes the floor to Gravity after using a Special move."
xcl_family_palkia_01,Palkia Torc,False,xcl,,Species-exclusive Pokemon equipment; no corresponding Digimon-specific item in the reference.,"An exclusive item for Palkia. When kept in the bag, some of the Pokémon's moves will break walls."
xcl_family_palkia_02,Palkia Card,False,xcl,,Species-exclusive Pokemon equipment; no corresponding Digimon-specific item in the reference.,"An exclusive item for Palkia. When kept in the bag, the Pokémon will not take damage from counter attacks."
xcl_family_palkia_03,Palkia Shard,False,xcl,,Species-exclusive Pokemon equipment; no corresponding Digimon-specific item in the reference.,"An exclusive item for Palkia. When kept in the bag, it reveals the number of items laying on the ground whenever the Pokémon reaches a new floor."
xcl_family_palkia_04,Space Jewel,False,xcl,,Species-exclusive Pokemon equipment; no corresponding Digimon-specific item in the reference.,"An exclusive item for Palkia. When kept in the bag, the Pokémon's moves will destroy traps."
xcl_family_paras_00,Firm Hat,True,xcl,,Species-exclusive Pokemon equipment; no corresponding Digimon-specific item in the reference.,"An exclusive item for the Parasect family. When kept in the bag, the Pokémon is protected from status conditions when the floor has the Rain status."
xcl_family_paras_01,Parasect Scarf,True,xcl,,Species-exclusive Pokemon equipment; no corresponding Digimon-specific item in the reference.,"An exclusive item for the Parasect family. When kept in the bag, the Pokémon can traverse water, lava, and pits."
xcl_family_paras_02,Paras Card,True,xcl,,Species-exclusive Pokemon equipment; no corresponding Digimon-specific item in the reference.,"An exclusive item for the Paras family. When kept in the bag, it raises the critical-hit ratio of not-very-effective hits."
xcl_family_paras_03,Paras Claw,True,xcl,,Species-exclusive Pokemon equipment; no corresponding Digimon-specific item in the reference.,"An exclusive item for the Paras family. When kept in the bag, the Pokémon gets an extra 2PP to all of its moves."
xcl_family_patrat_00,Watchog Glasses,True,xcl,,Species-exclusive Pokemon equipment; no corresponding Digimon-specific item in the reference.,"An exclusive item for the Watchog family. When kept in the bag, it allows the Pokémon to see foes and items in heavy darkness."
xcl_family_patrat_01,Watchog Belt,True,xcl,,Species-exclusive Pokemon equipment; no corresponding Digimon-specific item in the reference.,"An exclusive item for the Watchog family. When kept in the bag, the Pokémon's HP is restored when it eats a food item."
xcl_family_patrat_02,Patrat Claw,True,xcl,,Species-exclusive Pokemon equipment; no corresponding Digimon-specific item in the reference.,"An exclusive item for the Patrat family. When kept in the bag, the Pokémon's regular attack cannot miss."
xcl_family_patrat_03,Patrat Beam,True,xcl,,Species-exclusive Pokemon equipment; no corresponding Digimon-specific item in the reference.,"An exclusive item for the Patrat family. When kept in the bag, the Pokémon's regular attacks and thrown items have a chance to inflict the Cringing status."
xcl_family_patrat_04,Patrat Guard,True,xcl,,Species-exclusive Pokemon equipment; no corresponding Digimon-specific item in the reference.,"An exclusive item for the Patrat family. When kept in the bag, the Pokémon becomes immune to the Asleep status."
xcl_family_pawmi_00,Pawmot Armlet,True,xcl,,Species-exclusive Pokemon equipment; no corresponding Digimon-specific item in the reference.,"An exclusive item for the Pawmot family. When kept in the bag, the Pokémon's Fighting-type moves have a chance to inflict the Paralyzed status."
xcl_family_pawmi_01,Pawmo Jaw,True,xcl,,Species-exclusive Pokemon equipment; no corresponding Digimon-specific item in the reference.,"An exclusive item for the Pawmo family. When kept in the bag, the Pokémon's HP is restored when it eats a food item."
xcl_family_pawmi_02,Pawmi Hair,True,xcl,,Species-exclusive Pokemon equipment; no corresponding Digimon-specific item in the reference.,"An exclusive item for the Pawmi family. When kept in the bag, the Pokémon will not take damage from counter attacks."
xcl_family_pawmi_03,Pawmi Claw,True,xcl,,Species-exclusive Pokemon equipment; no corresponding Digimon-specific item in the reference.,"An exclusive item for the Pawmi family. When kept in the bag, the Pokémon's moves are more intensely affected by type match-ups."
xcl_family_pawmi_04,Pawmi Jewel,True,xcl,,Species-exclusive Pokemon equipment; no corresponding Digimon-specific item in the reference.,"An exclusive item for the Pawmi family. When kept in the bag, it allows the Pokémon's regular attack to strike twice."
xcl_family_pawniard_00,Kingambit Crown,True,xcl,,Species-exclusive Pokemon equipment; no corresponding Digimon-specific item in the reference.,"An exclusive item for the Kingambit family. When kept in the bag, it prevents the Pokémon from fainting to Fighting-type moves, leaving it with 1 HP."
xcl_family_pawniard_01,Bisharp Cape,True,xcl,,Species-exclusive Pokemon equipment; no corresponding Digimon-specific item in the reference.,"An exclusive item for the Bisharp family. When kept in the bag, the Pokémon will be able to move again after defeating an enemy."
xcl_family_pawniard_02,Pawniard Claw,True,xcl,,Species-exclusive Pokemon equipment; no corresponding Digimon-specific item in the reference.,"An exclusive item for the Pawniard family. When kept in the bag, the Pokémon's regular attack cannot miss."
xcl_family_pawniard_03,Pawniard Thorn,True,xcl,,Species-exclusive Pokemon equipment; no corresponding Digimon-specific item in the reference.,"An exclusive item for the Pawniard family. When kept in the bag, the Pokémon's moves are more intensely affected by type match-ups."
xcl_family_pawniard_04,Pawniard Shard,True,xcl,,Species-exclusive Pokemon equipment; no corresponding Digimon-specific item in the reference.,"An exclusive item for the Pawniard family. When kept in the bag, it raises the critical-hit ratio of super-effective hits."
xcl_family_petilil_00,Flower Crown,True,xcl,,Species-exclusive Pokemon equipment; no corresponding Digimon-specific item in the reference.,"An exclusive item for the Lilligant family. When kept in the bag, the Pokémon's stat-changing moves are spread to allies."
xcl_family_petilil_01,Lilligant Crest,True,xcl,,Species-exclusive Pokemon equipment; no corresponding Digimon-specific item in the reference.,"An exclusive item for the Lilligant family. When kept in the bag, the Pokémon will gradually restore the HP of its allies when its own HP is full."
xcl_family_petilil_02,Petilil Dew,True,xcl,,Species-exclusive Pokemon equipment; no corresponding Digimon-specific item in the reference.,"An exclusive item for the Petilil family. When kept in the bag, the category of the Pokémon's regular attack is changed from physical to special."
xcl_family_petilil_03,Petilil Leaf,True,xcl,,Species-exclusive Pokemon equipment; no corresponding Digimon-specific item in the reference.,"An exclusive item for the Petilil family. When kept in the bag, the Pokémon becomes extremely likely to avoid Flying-type attacks."
xcl_family_petilil_04,Petilil Seed,True,xcl,,Species-exclusive Pokemon equipment; no corresponding Digimon-specific item in the reference.,"An exclusive item for the Petilil family. When kept in the bag, the Pokémon's regular attacks and thrown items have a chance to inflict the Leech Seed status."
xcl_family_phanpy_00,Armor Scarf,True,xcl,,Species-exclusive Pokemon equipment; no corresponding Digimon-specific item in the reference.,"An exclusive item for the Donphan family. When kept in the bag, the Pokémon's Rock-type moves are boosted."
xcl_family_phanpy_01,Donphan Armor,True,xcl,,Species-exclusive Pokemon equipment; no corresponding Digimon-specific item in the reference.,"An exclusive item for the Donphan family. When kept in the bag, the Pokémon will be able to move again after defeating an enemy."
xcl_family_phanpy_02,Phanpy Claw,True,xcl,,Species-exclusive Pokemon equipment; no corresponding Digimon-specific item in the reference.,"An exclusive item for the Phanpy family. When kept in the bag, the Pokémon takes reduced damage from multiple attacks in a turn."
xcl_family_phanpy_03,Phanpy Card,True,xcl,,Species-exclusive Pokemon equipment; no corresponding Digimon-specific item in the reference.,"An exclusive item for the Phanpy family. When kept in the bag, items thrown by the Pokémon will pierce through enemies."
xcl_family_phanpy_04,Phanpy Tag,True,xcl,,Species-exclusive Pokemon equipment; no corresponding Digimon-specific item in the reference.,"An exclusive item for the Phanpy family. When kept in the bag, the Pokemon's moves and items that hit in a straight line cannot damage allies."
xcl_family_phanpy_05,Donphan Crest,False,xcl,,Species-exclusive Pokemon equipment; no corresponding Digimon-specific item in the reference.,An exclusive item for the Donphan family. 
xcl_family_phantump_00,Trevenant Mask,False,xcl,,Species-exclusive Pokemon equipment; no corresponding Digimon-specific item in the reference.,"An exclusive item for the Trevenant family. When kept in the bag, the Pokémon's Ghost-type moves inflict the Immobilized status."
xcl_family_phantump_01,Trevenant Seal,False,xcl,,Species-exclusive Pokemon equipment; no corresponding Digimon-specific item in the reference.,"An exclusive item for the Trevenant family. When kept in the bag, it restores the PP of all moves when the Pokémon reaches a new floor."
xcl_family_phantump_02,Phantump Root,False,xcl,,Species-exclusive Pokemon equipment; no corresponding Digimon-specific item in the reference.,"An exclusive item for the Phantump family. When kept in the bag, the Pokémon is prevented from being forced off its location."
xcl_family_phantump_03,Phantump Branch,False,xcl,,Species-exclusive Pokemon equipment; no corresponding Digimon-specific item in the reference.,"An exclusive item for the Phantump family. When kept in the bag, the Pokémon will more easily dodge attacks if its previous move missed."
xcl_family_phantump_04,Phantump Charm,False,xcl,,Species-exclusive Pokemon equipment; no corresponding Digimon-specific item in the reference.,"An exclusive item for the Phantump family. When kept in the bag, the Pokémon will regain HP after defeating an enemy."
xcl_family_pheromosa_00,Ultra Veil,False,xcl,,Species-exclusive Pokemon equipment; no corresponding Digimon-specific item in the reference.,"An exclusive item for Pheromosa. When kept in the bag, the Pokémon's Fighting-type moves have a chance to inflict the In Love status."
xcl_family_pheromosa_01,Pheromosa Dust,False,xcl,,Species-exclusive Pokemon equipment; no corresponding Digimon-specific item in the reference.,"An exclusive item for Pheromosa. When kept in the bag, the Pokémon will recover from status effects after defeating an enemy."
xcl_family_pheromosa_02,Pheromosa Claw,False,xcl,,Species-exclusive Pokemon equipment; no corresponding Digimon-specific item in the reference.,"An exclusive item for Pheromosa. When kept in the bag, the Pokémon becomes extremely likely to avoid Flying-type attacks."
xcl_family_pheromosa_03,Pheromosa Card,False,xcl,,Species-exclusive Pokemon equipment; no corresponding Digimon-specific item in the reference.,"An exclusive item for Pheromosa. When kept in the bag, it allows the Pokémon's regular attack to strike twice."
xcl_family_pidgey_00,Pidgeot Torc,True,xcl,,Species-exclusive Pokemon equipment; no corresponding Digimon-specific item in the reference.,"An exclusive item for the Pidgeot family. When kept in the bag, it reduces damage done by Ice-type attacks."
xcl_family_pidgey_01,Pidgeotto Scarf,True,xcl,,Species-exclusive Pokemon equipment; no corresponding Digimon-specific item in the reference.,"An exclusive item for the Pidgeotto family. When kept in the bag, the Pokémon is protected from weather damage."
xcl_family_pidgey_02,Pidgey Card,True,xcl,,Species-exclusive Pokemon equipment; no corresponding Digimon-specific item in the reference.,"An exclusive item for the Pidgey family. When kept in the bag, the Pokémon is more likely to evade attacks when at low HP."
xcl_family_pidgey_03,Pidgey Branch,True,xcl,,Species-exclusive Pokemon equipment; no corresponding Digimon-specific item in the reference.,"An exclusive item for the Pidgey family. When kept in the bag, the Pokémon will do increased damage if its previous move missed."
xcl_family_pidgey_04,Pidgey Charm,True,xcl,,Species-exclusive Pokemon equipment; no corresponding Digimon-specific item in the reference.,"An exclusive item for the Pidgey family. When kept in the bag, it reveals the direction of the staircase whenever the Pokémon reaches a new floor."
xcl_family_pikachu_00,Zapper Scarf,True,xcl,,Species-exclusive Pokemon equipment; no corresponding Digimon-specific item in the reference.,"An exclusive item for the Raichu family. When kept in the bag, it partially reveals the floor's layout the Pokémon reaches a new floor."
xcl_family_pikachu_01,Volt Torc,True,xcl,,Species-exclusive Pokemon equipment; no corresponding Digimon-specific item in the reference.,"An exclusive item for the Pikachu family. When kept in the bag, the Pokémon's HP is restored when it eats a food item."
xcl_family_pikachu_02,Pichu Hair,True,xcl,,Species-exclusive Pokemon equipment; no corresponding Digimon-specific item in the reference.,"An exclusive item for the Pichu family. When kept in the bag, the Pokémon gets an extra 2PP to all of its moves."
xcl_family_pikachu_03,Pichu Card,True,xcl,,Species-exclusive Pokemon equipment; no corresponding Digimon-specific item in the reference.,"An exclusive item for the Pichu family. When kept in the bag, the Pokémon's PP cannot be lowered by the moves and abilities of opposing Pokémon."
xcl_family_pikachu_04,Express Tag,True,xcl,,Species-exclusive Pokemon equipment; no corresponding Digimon-specific item in the reference.,"An exclusive item for the Pichu family. When kept in the bag, it changes the Pokémon's lunging moves into two weaker strikes."
xcl_family_pikachu_05,Volt Charm,False,xcl,,Species-exclusive Pokemon equipment; no corresponding Digimon-specific item in the reference.,An exclusive item for the Pikachu family. 
xcl_family_pineco_00,Dense Poncho,True,xcl,,Species-exclusive Pokemon equipment; no corresponding Digimon-specific item in the reference.,"An exclusive item for the Forretress family. When kept in the bag, it warps the attackers away when the Pokémon is hit with a Fire-type move."
xcl_family_pineco_01,Forretress Coat,True,xcl,,Species-exclusive Pokemon equipment; no corresponding Digimon-specific item in the reference.,"An exclusive item for the Forretress family. When kept in the bag, the Pokémon can traverse water, lava, and pits."
xcl_family_pineco_02,Pineco Card,True,xcl,,Species-exclusive Pokemon equipment; no corresponding Digimon-specific item in the reference.,"An exclusive item for the Pineco family. When kept in the bag, moves used on the Pokémon are more intensely affected by type match-ups."
xcl_family_pineco_03,Pineco Branch,True,xcl,,Species-exclusive Pokemon equipment; no corresponding Digimon-specific item in the reference.,"An exclusive item for the Pineco family. When kept in the bag, stat changes inflicted on the Pokémon are passed to the Pokémon that caused it."
xcl_family_pineco_04,Pineco Charm,True,xcl,,Species-exclusive Pokemon equipment; no corresponding Digimon-specific item in the reference.,"An exclusive item for the Pineco family. When kept in the bag, the Pokémon will take reduced damage from explosions and splash damage."
xcl_family_pinsir_00,Pinsir Sash,True,xcl,,Species-exclusive Pokemon equipment; no corresponding Digimon-specific item in the reference.,"An exclusive item for Pinsir. When kept in the bag, it inflicts the Cringing status on the attacker when the Pokémon is hit with a Fire-type move."
xcl_family_pinsir_01,Pinsir Band,True,xcl,,Species-exclusive Pokemon equipment; no corresponding Digimon-specific item in the reference.,"An exclusive item for Pinsir. When kept in the bag, the Pokémon will damage nearby enemies after defeating an enemy."
xcl_family_pinsir_02,Pinsir Horn,True,xcl,,Species-exclusive Pokemon equipment; no corresponding Digimon-specific item in the reference.,"An exclusive item for Pinsir. When kept in the bag, it raises the critical-hit ratio of not-very-effective hits."
xcl_family_pinsir_03,Pinsir Card,True,xcl,,Species-exclusive Pokemon equipment; no corresponding Digimon-specific item in the reference.,"An exclusive item for Pinsir. When kept in the bag, the Pokémon is more likely to evade attacks when at low HP."
xcl_family_piplup_00,Marine Crown,True,xcl,,Species-exclusive Pokemon equipment; no corresponding Digimon-specific item in the reference.,"An exclusive item for the Empoleon family. When kept in the bag, the Pokémon's Ice-type moves are boosted."
xcl_family_piplup_01,Prinplup Blade,True,xcl,,Species-exclusive Pokemon equipment; no corresponding Digimon-specific item in the reference.,"An exclusive item for the Prinplup family. When kept in the bag, the Pokémon will be able to move again after defeating an enemy."
xcl_family_piplup_02,Piplup Foam,True,xcl,,Species-exclusive Pokemon equipment; no corresponding Digimon-specific item in the reference.,"An exclusive item for the Piplup family. When kept in the bag, the Pokémon gets an extra 2PP to all of its moves."
xcl_family_piplup_03,Piplup Card,True,xcl,,Species-exclusive Pokemon equipment; no corresponding Digimon-specific item in the reference.,"An exclusive item for the Piplup family. When kept in the bag, the Pokémon takes reduced damage from multiple attacks in a turn."
xcl_family_piplup_04,Sea Ore,True,xcl,,Species-exclusive Pokemon equipment; no corresponding Digimon-specific item in the reference.,"An exclusive item for the Piplup family. When kept in the bag, the Pokémon recovers faster from status problems."
xcl_family_piplup_05,Prinplup Crest,False,xcl,,Species-exclusive Pokemon equipment; no corresponding Digimon-specific item in the reference.,An exclusive item for the Prinplup family. 
xcl_family_plusle_minun_00,Pulse Bow,True,xcl,,Species-exclusive Pokemon equipment; no corresponding Digimon-specific item in the reference.,"An exclusive item for Plusle. When kept in the bag, it allows Electric-type moves to hit Ground-type Pokémon."
xcl_family_plusle_minun_01,Spark Tie,True,xcl,,Species-exclusive Pokemon equipment; no corresponding Digimon-specific item in the reference.,"An exclusive item for Minun. When kept in the bag, it partially reveals the floor's layout the Pokémon reaches a new floor."
xcl_family_plusle_minun_02,Plusle Tail,True,xcl,,Species-exclusive Pokemon equipment; no corresponding Digimon-specific item in the reference.,"An exclusive item for Plusle, and Minun. When kept in the bag, the Pokémon's regular attacks and thrown items have a chance to inflict the Paralyzed status."
xcl_family_plusle_minun_03,Minun Tail,True,xcl,,Species-exclusive Pokemon equipment; no corresponding Digimon-specific item in the reference.,"An exclusive item for Plusle, and Minun. When kept in the bag, the category of the Pokémon's regular attack is changed from physical to special."
xcl_family_plusle_minun_04,Plusle Scarf,True,xcl,,Species-exclusive Pokemon equipment; no corresponding Digimon-specific item in the reference.,"An exclusive item for Plusle, and Minun. When kept in the bag, the Pokémon is more likely to evade attacks from far away."
xcl_family_plusle_minun_05,Minun Band,True,xcl,,Species-exclusive Pokemon equipment; no corresponding Digimon-specific item in the reference.,"An exclusive item for Plusle, and Minun. When kept in the bag, the Pokémon is more likely to evade attacks from close up."
xcl_family_plusle_minun_06,Volt Heart,False,xcl,,Species-exclusive Pokemon equipment; no corresponding Digimon-specific item in the reference.,"An exclusive item for Plusle, and Minun. When kept in the bag, the Pokémon will recover from status effects after defeating an enemy."
xcl_family_poipole_00,Ultra Stinger,False,xcl,,Species-exclusive Pokemon equipment; no corresponding Digimon-specific item in the reference.,"An exclusive item for the Naganadel family. When kept in the bag, the Pokémon's Poison-type moves have a chance to inflict the Immobilized status."
xcl_family_poipole_01,Naganadel Wing,False,xcl,,Species-exclusive Pokemon equipment; no corresponding Digimon-specific item in the reference.,"An exclusive item for the Naganadel family. When kept in the bag, the Pokémon will be able to move again after defeating an enemy."
xcl_family_poipole_02,Poipole Thorn,False,xcl,,Species-exclusive Pokemon equipment; no corresponding Digimon-specific item in the reference.,"An exclusive item for the Poipole family. When kept in the bag, it allows the Pokémon's regular attack to strike twice."
xcl_family_poipole_03,Poipole Tail,False,xcl,,Species-exclusive Pokemon equipment; no corresponding Digimon-specific item in the reference.,"An exclusive item for the Poipole family. When kept in the bag, it changes the Pokémon's regular attack into a dash."
xcl_family_poliwag_00,Rain Crown,True,xcl,,Species-exclusive Pokemon equipment; no corresponding Digimon-specific item in the reference.,"An exclusive item for the Politoed family. When kept in the bag, it inflicts the Asleep status on the attacker when the Pokémon is hit with a Electric-type move."
xcl_family_poliwag_01,Bold Belt,True,xcl,,Species-exclusive Pokemon equipment; no corresponding Digimon-specific item in the reference.,"An exclusive item for the Poliwrath family. When kept in the bag, it inflicts the Confused status on the attacker when the Pokémon is hit with a Flying-type move."
xcl_family_poliwag_02,Poliwag Card,True,xcl,,Species-exclusive Pokemon equipment; no corresponding Digimon-specific item in the reference.,"An exclusive item for the Poliwag family. When kept in the bag, the Pokémon gets an extra 2PP to all of its moves."
xcl_family_poliwag_03,Poliwag Foam,True,xcl,,Species-exclusive Pokemon equipment; no corresponding Digimon-specific item in the reference.,"An exclusive item for the Poliwag family. When kept in the bag, the Pokémon's attacks never miss and always land a critical hit if all moves have the same PP."
xcl_family_poliwag_04,Poliwhirl Ring,True,xcl,,Species-exclusive Pokemon equipment; no corresponding Digimon-specific item in the reference.,"An exclusive item for the Poliwhirl family. When kept in the bag, the Pokemon's moves and items that hit in a straight line cannot damage allies."
xcl_family_poliwag_05,Poliwhirl Seal,False,xcl,,Species-exclusive Pokemon equipment; no corresponding Digimon-specific item in the reference.,An exclusive item for the Poliwhirl family. 
xcl_family_ponyta_00,Sunlight Bow,True,xcl,,Species-exclusive Pokemon equipment; no corresponding Digimon-specific item in the reference.,"An exclusive item for the Rapidash family. When kept in the bag, the Pokémon cannot damage allies with its moves."
xcl_family_ponyta_01,Rapidash Scarf,True,xcl,,Species-exclusive Pokemon equipment; no corresponding Digimon-specific item in the reference.,"An exclusive item for the Rapidash family. When kept in the bag, the Pokémon is more likely to evade attacks from far away."
xcl_family_ponyta_02,Ponyta Hair,True,xcl,,Species-exclusive Pokemon equipment; no corresponding Digimon-specific item in the reference.,"An exclusive item for the Ponyta family. When kept in the bag, the Pokémon is more likely to evade attacks when at low HP."
xcl_family_ponyta_03,Ponyta Card,True,xcl,,Species-exclusive Pokemon equipment; no corresponding Digimon-specific item in the reference.,"An exclusive item for the Ponyta family. When kept in the bag, it allows the Pokémon's regular attack to strike twice."
xcl_family_poochyena_00,Mightyena Collar,True,xcl,,Species-exclusive Pokemon equipment; no corresponding Digimon-specific item in the reference.,"An exclusive item for the Mightyena family. When kept in the bag, it warps the attackers away when the Pokémon is hit with a Fighting-type move."
xcl_family_poochyena_01,Mightyena Band,True,xcl,,Species-exclusive Pokemon equipment; no corresponding Digimon-specific item in the reference.,"An exclusive item for the Mightyena family. When kept in the bag, the Pokémon becomes immune to the Disable status."
xcl_family_poochyena_02,Poochyena Card,True,xcl,,Species-exclusive Pokemon equipment; no corresponding Digimon-specific item in the reference.,"An exclusive item for the Poochyena family. When kept in the bag, the Pokémon's PP cannot be lowered by the moves and abilities of opposing Pokémon."
xcl_family_poochyena_03,Poochyena Fang,True,xcl,,Species-exclusive Pokemon equipment; no corresponding Digimon-specific item in the reference.,"An exclusive item for the Poochyena family. When kept in the bag, the Pokémon's regular attacks and thrown items have a chance to inflict the Exposed status."
xcl_family_popplio_00,Primarina Song,True,xcl,,Species-exclusive Pokemon equipment; no corresponding Digimon-specific item in the reference.,"An exclusive item for the Primarina family. When kept in the bag, the Pokémon gains the Aqua Ring status after using a Status move."
xcl_family_popplio_01,Brionne Float,True,xcl,,Species-exclusive Pokemon equipment; no corresponding Digimon-specific item in the reference.,"An exclusive item for the Brionne family. When kept in the bag, the Pokemon's moves and items that hit in a straight line will pass through walls."
xcl_family_popplio_02,Popplio Card,True,xcl,,Species-exclusive Pokemon equipment; no corresponding Digimon-specific item in the reference.,"An exclusive item for the Popplio family. When kept in the bag, the Pokémon has a higher chance of recruiting wild Pokémon."
xcl_family_popplio_03,Popplio Gasp,True,xcl,,Species-exclusive Pokemon equipment; no corresponding Digimon-specific item in the reference.,"An exclusive item for the Popplio family. When kept in the bag, it restores the PP of a move when the Pokémon reaches a new floor."
xcl_family_popplio_04,Popplio Charm,True,xcl,,Species-exclusive Pokemon equipment; no corresponding Digimon-specific item in the reference.,"An exclusive item for the Popplio family. When kept in the bag, the Pokémon is more likely to evade attacks when at low HP."
xcl_family_porygon_00,Best Scarf,True,xcl,,Species-exclusive Pokemon equipment; no corresponding Digimon-specific item in the reference.,"An exclusive item for the Porygon-Z family. When kept in the bag, the Pokémon's Normal-type moves are boosted."
xcl_family_porygon_01,Virtual Bow,True,xcl,,Species-exclusive Pokemon equipment; no corresponding Digimon-specific item in the reference.,"An exclusive item for the Porygon2 family. When kept in the bag, the Pokémon can traverse water, lava, and pits."
xcl_family_porygon_02,Porygon Card,True,xcl,,Species-exclusive Pokemon equipment; no corresponding Digimon-specific item in the reference.,"An exclusive item for the Porygon family. When kept in the bag, stat changes inflicted on the Pokémon are passed to the Pokémon that caused it."
xcl_family_porygon_03,Porygon Tail,True,xcl,,Species-exclusive Pokemon equipment; no corresponding Digimon-specific item in the reference.,"An exclusive item for the Porygon family. When kept in the bag, the Pokémon's attacks never miss and always land a critical hit if all moves have the same PP."
xcl_family_porygon_04,AI Brooch,True,xcl,,Species-exclusive Pokemon equipment; no corresponding Digimon-specific item in the reference.,"An exclusive item for the Porygon family. When kept in the bag, the Pokemon's moves and items that hit in a straight line cannot damage allies."
xcl_family_psyduck_00,Paddle Scarf,True,xcl,,Species-exclusive Pokemon equipment; no corresponding Digimon-specific item in the reference.,"An exclusive item for the Golduck family. When kept in the bag, it warps the attackers away when the Pokémon is hit with a Electric-type move."
xcl_family_psyduck_01,Golduck Hat,True,xcl,,Species-exclusive Pokemon equipment; no corresponding Digimon-specific item in the reference.,"An exclusive item for the Golduck family. When kept in the bag, the Pokémon recovers faster from status problems."
xcl_family_psyduck_02,Psyduck Card,True,xcl,,Species-exclusive Pokemon equipment; no corresponding Digimon-specific item in the reference.,"An exclusive item for the Psyduck family. When kept in the bag, the Pokémon is more likely to evade attacks when at low HP."
xcl_family_psyduck_03,Psyduck Hair,True,xcl,,Species-exclusive Pokemon equipment; no corresponding Digimon-specific item in the reference.,"An exclusive item for the Psyduck family. When kept in the bag, the Pokémon becomes immune to the Paralyzed status."
xcl_family_pumpkaboo_00,Gourgeist Mask,False,xcl,,Species-exclusive Pokemon equipment; no corresponding Digimon-specific item in the reference.,"An exclusive item for the Gourgeist family. When kept in the bag, the Pokémon's Ghost-type moves inflict the Cringing status."
xcl_family_pumpkaboo_01,Gourgeist Crest,False,xcl,,Species-exclusive Pokemon equipment; no corresponding Digimon-specific item in the reference.,"An exclusive item for the Gourgeist family. When kept in the bag, the Pokémon's Status moves may increase the user's Evasion."
xcl_family_pumpkaboo_02,Pumpkaboo Leaf,False,xcl,,Species-exclusive Pokemon equipment; no corresponding Digimon-specific item in the reference.,"An exclusive item for the Pumpkaboo family. When kept in the bag, the Pokémon will do increased damage if its previous move missed."
xcl_family_pumpkaboo_03,Pumpkaboo Root,False,xcl,,Species-exclusive Pokemon equipment; no corresponding Digimon-specific item in the reference.,"An exclusive item for the Pumpkaboo family. When kept in the bag, the Pokémon takes reduced damage from multiple attacks in a turn."
xcl_family_pumpkaboo_04,Pumpkaboo Guard,False,xcl,,Species-exclusive Pokemon equipment; no corresponding Digimon-specific item in the reference.,"An exclusive item for the Pumpkaboo family. When kept in the bag, the Pokémon will counter damage from regular attacks and thrown items."
xcl_family_purrloin_00,Liepard Choker,True,xcl,,Species-exclusive Pokemon equipment; no corresponding Digimon-specific item in the reference.,"An exclusive item for the Liepard family. When kept in the bag, the Pokémon's Dark-type moves may lower the target's Attack."
xcl_family_purrloin_01,Liepard Earring,True,xcl,,Species-exclusive Pokemon equipment; no corresponding Digimon-specific item in the reference.,"An exclusive item for the Liepard family. When kept in the bag, it changes the Pokémon's regular attack into a dash."
xcl_family_purrloin_02,Purrloin Fang,True,xcl,,Species-exclusive Pokemon equipment; no corresponding Digimon-specific item in the reference.,"An exclusive item for the Purrloin family. When kept in the bag, the Pokémon has a higher chance of recruiting wild Pokémon."
xcl_family_purrloin_03,Purrloin Hair,True,xcl,,Species-exclusive Pokemon equipment; no corresponding Digimon-specific item in the reference.,"An exclusive item for the Purrloin family. When kept in the bag, the Pokémon will not take damage from counter attacks."
xcl_family_purrloin_04,Purrloin Claw,True,xcl,,Species-exclusive Pokemon equipment; no corresponding Digimon-specific item in the reference.,"An exclusive item for the Purrloin family. When kept in the bag, it raises the critical-hit ratio of super-effective hits."
xcl_family_qwilfish_00,Overqwil Bow,True,xcl,,Species-exclusive Pokemon equipment; no corresponding Digimon-specific item in the reference.,"An exclusive item for the Overqwil family. When kept in the bag, the Pokémon's regular attack explodes outwards with splash damage."
xcl_family_qwilfish_01,Overqwil Ring,True,xcl,,Species-exclusive Pokemon equipment; no corresponding Digimon-specific item in the reference.,"An exclusive item for the Overqwil family. When kept in the bag, the Pokémon scatters Spikes when hit by a Special attack."
xcl_family_qwilfish_02,Qwilfish Card,True,xcl,,Species-exclusive Pokemon equipment; no corresponding Digimon-specific item in the reference.,"An exclusive item for the Qwilfish family. When kept in the bag, the Pokémon will do increased damage if its previous move missed."
xcl_family_qwilfish_03,Qwilfish Foam,True,xcl,,Species-exclusive Pokemon equipment; no corresponding Digimon-specific item in the reference.,"An exclusive item for the Qwilfish family. When kept in the bag, the Pokémon cannot have its Attack lowered."
xcl_family_qwilfish_04,Qwilfish Crest,False,xcl,,Species-exclusive Pokemon equipment; no corresponding Digimon-specific item in the reference.,An exclusive item for the Qwilfish family. 
xcl_family_ralts_00,Gallant Torc,True,xcl,,Species-exclusive Pokemon equipment; no corresponding Digimon-specific item in the reference.,"An exclusive item for the Gallade family. When kept in the bag, it warps the attackers away when the Pokémon is hit with a Flying-type move."
xcl_family_ralts_01,Caring Scarf,True,xcl,,Species-exclusive Pokemon equipment; no corresponding Digimon-specific item in the reference.,"An exclusive item for the Gardevoir family. When kept in the bag, it warps the attackers away when the Pokémon is hit with a Steel-type move."
xcl_family_ralts_02,Ralts Hair,True,xcl,,Species-exclusive Pokemon equipment; no corresponding Digimon-specific item in the reference.,"An exclusive item for the Ralts family. When kept in the bag, the Pokémon gets an extra 2PP to all of its moves."
xcl_family_ralts_03,Ralts Card,True,xcl,,Species-exclusive Pokemon equipment; no corresponding Digimon-specific item in the reference.,"An exclusive item for the Ralts family. When kept in the bag, the Pokémon will not take damage from counter attacks."
xcl_family_ralts_04,Kirlia Charm,True,xcl,,Species-exclusive Pokemon equipment; no corresponding Digimon-specific item in the reference.,"An exclusive item for the Kirlia family. When kept in the bag, the Pokémon recovers faster from status problems."
xcl_family_ralts_05,Kirlia Brooch,False,xcl,,Species-exclusive Pokemon equipment; no corresponding Digimon-specific item in the reference.,An exclusive item for the Kirlia family. 
xcl_family_rattata_00,Overcome Bow,True,xcl,,Species-exclusive Pokemon equipment; no corresponding Digimon-specific item in the reference.,"An exclusive item for the Raticate family. When kept in the bag, it causes the Pokémon's regular attack to remove the target's ability."
xcl_family_rattata_01,Raticate Scarf,True,xcl,,Species-exclusive Pokemon equipment; no corresponding Digimon-specific item in the reference.,"An exclusive item for the Raticate family. When kept in the bag, it changes the Pokémon's regular attack into a dash."
xcl_family_rattata_02,Rattata Hair,True,xcl,,Species-exclusive Pokemon equipment; no corresponding Digimon-specific item in the reference.,"An exclusive item for the Rattata family. When kept in the bag, the Pokémon will not take damage from counter attacks."
xcl_family_rattata_03,Rattata Tooth,True,xcl,,Species-exclusive Pokemon equipment; no corresponding Digimon-specific item in the reference.,"An exclusive item for the Rattata family. When kept in the bag, the Pokémon gets an extra 2PP to all of its moves."
xcl_family_rattata_04,Rattata Key,True,xcl,,Species-exclusive Pokemon equipment; no corresponding Digimon-specific item in the reference.,"An exclusive item for the Rattata family. When kept in the bag, the Pokémon is protected from weather damage."
xcl_family_rayquaza_00,SkyHigh Veil,True,xcl,,Species-exclusive Pokemon equipment; no corresponding Digimon-specific item in the reference.,"An exclusive item for Rayquaza. When kept in the bag, the Pokémon's Attack Range is increased when the floor has the Clear status."
xcl_family_rayquaza_01,Rayquaza Torc,True,xcl,,Species-exclusive Pokemon equipment; no corresponding Digimon-specific item in the reference.,"An exclusive item for Rayquaza. When kept in the bag, the Pokémon becomes immune to the Confused status."
xcl_family_rayquaza_02,SkyHigh Tag,True,xcl,,Species-exclusive Pokemon equipment; no corresponding Digimon-specific item in the reference.,"An exclusive item for Rayquaza. When kept in the bag, the Pokémon is more likely to evade attacks when at low HP."
xcl_family_rayquaza_03,SkyHigh Coin,True,xcl,,Species-exclusive Pokemon equipment; no corresponding Digimon-specific item in the reference.,"An exclusive item for Rayquaza. When kept in the bag, the Pokémon's PP cannot be lowered by the moves and abilities of opposing Pokémon."
xcl_family_rayquaza_04,SkyHigh Crest,False,xcl,,Species-exclusive Pokemon equipment; no corresponding Digimon-specific item in the reference.,An exclusive item for Rayquaza. 
xcl_family_regi_trio_00,Ancient Ring,False,xcl,,Species-exclusive Pokemon equipment; no corresponding Digimon-specific item in the reference.,"An exclusive item for Regigigas. When kept in the bag, the Pokémon is protected from status conditions when the floor has the Clear status."
xcl_family_regi_trio_01,Regigigas Seal,False,xcl,,Species-exclusive Pokemon equipment; no corresponding Digimon-specific item in the reference.,"An exclusive item for Regigigas. When kept in the bag, the Pokémon gives back recovered HP when it is healed by another Pokémon."
xcl_family_regi_trio_02,Regigigas Coin,False,xcl,,Species-exclusive Pokemon equipment; no corresponding Digimon-specific item in the reference.,"An exclusive item for Regigigas. When kept in the bag, the Pokémon's regular attack will hit the front and sides."
xcl_family_regi_trio_03,Regigigas Jewel,False,xcl,,Species-exclusive Pokemon equipment; no corresponding Digimon-specific item in the reference.,"An exclusive item for Regigigas. When kept in the bag, the Pokémon takes reduced damage from multiple attacks in a turn."
xcl_family_regi_trio_04,Rock Sash,False,xcl,,Species-exclusive Pokemon equipment; no corresponding Digimon-specific item in the reference.,"An exclusive item for Regirock. When kept in the bag, it inflicts the Sand Tomb status on the attacker when the Pokémon is hit with a Fighting-type move."
xcl_family_regi_trio_05,Regirock Shard,False,xcl,,Species-exclusive Pokemon equipment; no corresponding Digimon-specific item in the reference.,"An exclusive item for Regirock. When kept in the bag, the Pokémon's natural HP-recovery speed is boosted."
xcl_family_regi_trio_06,Regirock Dust,False,xcl,,Species-exclusive Pokemon equipment; no corresponding Digimon-specific item in the reference.,"An exclusive item for Regirock. When kept in the bag, the Pokémon will do increased damage if its previous move missed."
xcl_family_regi_trio_07,Regirock Tag,False,xcl,,Species-exclusive Pokemon equipment; no corresponding Digimon-specific item in the reference.,"An exclusive item for Regirock. When kept in the bag, the Pokémon will more easily dodge attacks if its previous move missed."
xcl_family_regi_trio_08,Ice Sash,False,xcl,,Species-exclusive Pokemon equipment; no corresponding Digimon-specific item in the reference.,"An exclusive item for Regice. When kept in the bag, it inflicts the Frozen status on the attacker when the Pokémon is hit with a Fighting-type move."
xcl_family_regi_trio_09,Regice Shard,False,xcl,,Species-exclusive Pokemon equipment; no corresponding Digimon-specific item in the reference.,"An exclusive item for Regice. When kept in the bag, the Pokémon will counter damage from regular attacks and thrown items."
xcl_family_regi_trio_10,Regice Dust,False,xcl,,Species-exclusive Pokemon equipment; no corresponding Digimon-specific item in the reference.,"An exclusive item for Regice. When kept in the bag, the Pokémon will more easily dodge attacks if its previous move missed."
xcl_family_regi_trio_11,Regice Tag,False,xcl,,Species-exclusive Pokemon equipment; no corresponding Digimon-specific item in the reference.,"An exclusive item for Regice. When kept in the bag, the Pokémon can traverse lava without being burned."
xcl_family_regi_trio_12,Steel Sash,False,xcl,,Species-exclusive Pokemon equipment; no corresponding Digimon-specific item in the reference.,"An exclusive item for Registeel. When kept in the bag, it inflicts the Cringing status on the attacker when the Pokémon is hit with a Fire-type move."
xcl_family_regi_trio_13,Registeel Shard,False,xcl,,Species-exclusive Pokemon equipment; no corresponding Digimon-specific item in the reference.,"An exclusive item for Registeel. When kept in the bag, the Pokemon's moves and items that hit in a straight line cannot damage allies."
xcl_family_regi_trio_14,Registeel Dust,False,xcl,,Species-exclusive Pokemon equipment; no corresponding Digimon-specific item in the reference.,"An exclusive item for Registeel. When kept in the bag, the Pokémon is more likely to evade attacks when at low HP."
xcl_family_regi_trio_15,Registeel Tag,False,xcl,,Species-exclusive Pokemon equipment; no corresponding Digimon-specific item in the reference.,"An exclusive item for Registeel. When kept in the bag, moves used on the Pokémon are more intensely affected by type match-ups."
xcl_family_regi_trio_16,Royal Mantle,False,xcl,,Species-exclusive Pokemon equipment; no corresponding Digimon-specific item in the reference.,"An exclusive item for Regirock, Regice, Registeel, and Regigigas. When kept in the bag, the Pokémon's regular attacks change to match its type."
xcl_family_regidrago_00,Dragon Sash,True,xcl,,Species-exclusive Pokemon equipment; no corresponding Digimon-specific item in the reference.,"An exclusive item for Regidrago. When kept in the bag, it inflicts the Disable status on the attacker when the Pokémon is hit with a Fairy-type move."
xcl_family_regidrago_01,Regidrago Shard,True,xcl,,Species-exclusive Pokemon equipment; no corresponding Digimon-specific item in the reference.,"An exclusive item for Regidrago. When kept in the bag, the Pokémon will regain HP after defeating an enemy."
xcl_family_regidrago_02,Regidrago Dust,True,xcl,,Species-exclusive Pokemon equipment; no corresponding Digimon-specific item in the reference.,"An exclusive item for Regidrago. When kept in the bag, the Pokémon's PP cannot be lowered by the moves and abilities of opposing Pokémon."
xcl_family_regidrago_03,Regidrago Tag,True,xcl,,Species-exclusive Pokemon equipment; no corresponding Digimon-specific item in the reference.,"An exclusive item for Regidrago. When kept in the bag, the Pokémon will raise the PP usage of opponents that attack it."
xcl_family_regieleki_00,Electric Sash,True,xcl,,Species-exclusive Pokemon equipment; no corresponding Digimon-specific item in the reference.,"An exclusive item for Regieleki. When kept in the bag, it inflicts the Paralyzed status on the attacker when the Pokémon is hit with a Ground-type move."
xcl_family_regieleki_01,Regieleki Shard,True,xcl,,Species-exclusive Pokemon equipment; no corresponding Digimon-specific item in the reference.,"An exclusive item for Regieleki. When kept in the bag, the Pokémon will be able to move again after defeating an enemy."
xcl_family_regieleki_02,Regieleki Dust,True,xcl,,Species-exclusive Pokemon equipment; no corresponding Digimon-specific item in the reference.,"An exclusive item for Regieleki. When kept in the bag, it allows the Pokémon's regular attack to strike twice."
xcl_family_regieleki_03,Regieleki Tag,True,xcl,,Species-exclusive Pokemon equipment; no corresponding Digimon-specific item in the reference.,"An exclusive item for Regieleki. When kept in the bag, the Pokémon is more likely to evade attacks when at low HP."
xcl_family_relicanth_00,Relicanth Torc,False,xcl,,Species-exclusive Pokemon equipment; no corresponding Digimon-specific item in the reference.,"An exclusive item for Relicanth. When kept in the bag, the Pokémon gets an extra 5PP to all of its moves."
xcl_family_relicanth_01,Relicanth Glasses,False,xcl,,Species-exclusive Pokemon equipment; no corresponding Digimon-specific item in the reference.,"An exclusive item for Relicanth. When kept in the bag, the Pokémon becomes immune to the Paralyzed status."
xcl_family_relicanth_02,Relicanth Card,False,xcl,,Species-exclusive Pokemon equipment; no corresponding Digimon-specific item in the reference.,"An exclusive item for Relicanth. When kept in the bag, the Pokémon's PP cannot be lowered by the moves and abilities of opposing Pokémon."
xcl_family_relicanth_03,Relicanth Foam,False,xcl,,Species-exclusive Pokemon equipment; no corresponding Digimon-specific item in the reference.,"An exclusive item for Relicanth. When kept in the bag, it restores the PP of a move when the Pokémon reaches a new floor."
xcl_family_relicanth_04,Relicanth Key,False,xcl,,Species-exclusive Pokemon equipment; no corresponding Digimon-specific item in the reference.,"An exclusive item for Relicanth. When kept in the bag, the Pokemon's moves and items that hit in a straight line cannot damage allies."
xcl_family_relicanth_05,Relicanth Ore,False,xcl,,Species-exclusive Pokemon equipment; no corresponding Digimon-specific item in the reference.,"An exclusive item for Relicanth. When kept in the bag, the Pokémon is more likely to evade attacks from far away."
xcl_family_remoraid_00,Octillery Bow,True,xcl,,Species-exclusive Pokemon equipment; no corresponding Digimon-specific item in the reference.,"An exclusive item for the Octillery family. When kept in the bag, it inflicts the Blinker status on the attacker when the Pokémon is hit with a Electric-type move."
xcl_family_remoraid_01,Octillery Armor,True,xcl,,Species-exclusive Pokemon equipment; no corresponding Digimon-specific item in the reference.,"An exclusive item for the Octillery family. When kept in the bag, the Pokémon's moves will destroy traps."
xcl_family_remoraid_02,Remoraid Card,True,xcl,,Species-exclusive Pokemon equipment; no corresponding Digimon-specific item in the reference.,"An exclusive item for the Remoraid family. When kept in the bag, the Pokémon takes reduced damage from multiple attacks in a turn."
xcl_family_remoraid_03,Remoraid Foam,True,xcl,,Species-exclusive Pokemon equipment; no corresponding Digimon-specific item in the reference.,"An exclusive item for the Remoraid family. When kept in the bag, the Pokémon's moves are more intensely affected by type match-ups."
xcl_family_remoraid_04,Remoraid Crest,False,xcl,,Species-exclusive Pokemon equipment; no corresponding Digimon-specific item in the reference.,An exclusive item for the Remoraid family. 
xcl_family_reshiram_00,Blazing Band,True,xcl,,Species-exclusive Pokemon equipment; no corresponding Digimon-specific item in the reference.,"An exclusive item for Reshiram. When kept in the bag, the Pokémon's Dragon-type moves have a chance to inflict the Burned status."
xcl_family_reshiram_01,Truth Lens,True,xcl,,Species-exclusive Pokemon equipment; no corresponding Digimon-specific item in the reference.,"An exclusive item for Reshiram. When kept in the bag, the Pokémon's Attack Range is increased when the floor has the Sunny status."
xcl_family_reshiram_02,Reshiram Card,True,xcl,,Species-exclusive Pokemon equipment; no corresponding Digimon-specific item in the reference.,"An exclusive item for Reshiram. When kept in the bag, the Pokémon's regular attack cannot miss."
xcl_family_reshiram_03,Reshiram Claw,True,xcl,,Species-exclusive Pokemon equipment; no corresponding Digimon-specific item in the reference.,"An exclusive item for Reshiram. When kept in the bag, the Pokémon cannot have its Attack lowered."
xcl_family_reshiram_04,Reshiram Guard,True,xcl,,Species-exclusive Pokemon equipment; no corresponding Digimon-specific item in the reference.,"An exclusive item for Reshiram. When kept in the bag, the Pokémon becomes immune to the Paralyzed status."
xcl_family_rhyhorn_00,Rhyperior Armor,True,xcl,,Species-exclusive Pokemon equipment; no corresponding Digimon-specific item in the reference.,"An exclusive item for the Rhyperior family. When kept in the bag, some of the Pokémon's moves will break walls."
xcl_family_rhyhorn_01,Pierce Drill,True,xcl,,Species-exclusive Pokemon equipment; no corresponding Digimon-specific item in the reference.,"An exclusive item for the Rhydon family. When kept in the bag, the Pokémon's moves will destroy traps."
xcl_family_rhyhorn_02,Rhyhorn Fang,True,xcl,,Species-exclusive Pokemon equipment; no corresponding Digimon-specific item in the reference.,"An exclusive item for the Rhyhorn family. When kept in the bag, the Pokémon's regular attack cannot miss."
xcl_family_rhyhorn_03,Rhyhorn Horn,True,xcl,,Species-exclusive Pokemon equipment; no corresponding Digimon-specific item in the reference.,"An exclusive item for the Rhyhorn family. When kept in the bag, the Pokémon can traverse lava without being burned."
xcl_family_rhyhorn_04,Rhyhorn Crest,True,xcl,,Species-exclusive Pokemon equipment; no corresponding Digimon-specific item in the reference.,"An exclusive item for the Rhyhorn family. When kept in the bag, the Pokémon will counter damage from regular attacks and thrown items."
xcl_family_riolu_00,Ravage Ring,True,xcl,,Species-exclusive Pokemon equipment; no corresponding Digimon-specific item in the reference.,"An exclusive item for the Lucario family. When kept in the bag, it allows Fighting-type moves to hit Ghost-type Pokémon."
xcl_family_riolu_01,Lucario Band,True,xcl,,Species-exclusive Pokemon equipment; no corresponding Digimon-specific item in the reference.,"An exclusive item for the Lucario family. When kept in the bag, it partially reveals the floor's layout the Pokémon reaches a new floor."
xcl_family_riolu_02,Riolu Tail,True,xcl,,Species-exclusive Pokemon equipment; no corresponding Digimon-specific item in the reference.,"An exclusive item for the Riolu family. When kept in the bag, it reveals the number of items laying on the ground whenever the Pokémon reaches a new floor."
xcl_family_riolu_03,Riolu Card,True,xcl,,Species-exclusive Pokemon equipment; no corresponding Digimon-specific item in the reference.,"An exclusive item for the Riolu family. When kept in the bag, the Pokémon's PP cannot be lowered by the moves and abilities of opposing Pokémon."
xcl_family_riolu_04,Valiant Rock,True,xcl,,Species-exclusive Pokemon equipment; no corresponding Digimon-specific item in the reference.,"An exclusive item for the Riolu family. When kept in the bag, the Pokémon becomes immune to the Confused status."
xcl_family_riolu_05,Pledge Rock,False,xcl,,Species-exclusive Pokemon equipment; no corresponding Digimon-specific item in the reference.,"An exclusive item for the Lucario family. When kept in the bag, the Pokémon will find more Hidden Stairs when exploring in dungeons."
xcl_family_rockruff_00,Lycanroc Collar,True,xcl,,Species-exclusive Pokemon equipment; no corresponding Digimon-specific item in the reference.,"An exclusive item for the Lycanroc family. When kept in the bag, the Pokémon's Rock-type moves have a chance to inflict the Cringing status."
xcl_family_rockruff_01,Lycanroc Pebble,True,xcl,,Species-exclusive Pokemon equipment; no corresponding Digimon-specific item in the reference.,"An exclusive item for the Lycanroc family. When kept in the bag, the Pokémon is protected from status conditions when the floor has the Sandstorm status."
xcl_family_rockruff_02,Rockruff Claw,True,xcl,,Species-exclusive Pokemon equipment; no corresponding Digimon-specific item in the reference.,"An exclusive item for the Rockruff family. When kept in the bag, the Pokémon will not take damage from counter attacks."
xcl_family_rockruff_03,Rockruff Fang,True,xcl,,Species-exclusive Pokemon equipment; no corresponding Digimon-specific item in the reference.,"An exclusive item for the Rockruff family. When kept in the bag, it reveals the number of items laying on the ground whenever the Pokémon reaches a new floor."
xcl_family_rockruff_04,Rockruff Jaw,True,xcl,,Species-exclusive Pokemon equipment; no corresponding Digimon-specific item in the reference.,"An exclusive item for the Rockruff family. When kept in the bag, it raises the critical-hit ratio of super-effective hits."
xcl_family_roselia_00,Bouquet Cape,True,xcl,,Species-exclusive Pokemon equipment; no corresponding Digimon-specific item in the reference.,"An exclusive item for the Roserade family. When kept in the bag, it warps the attackers away when the Pokémon is hit with a Flying-type move."
xcl_family_roselia_01,Thorned Torc,True,xcl,,Species-exclusive Pokemon equipment; no corresponding Digimon-specific item in the reference.,"An exclusive item for the Roselia family. When kept in the bag, the Pokémon's natural HP-recovery speed is boosted."
xcl_family_roselia_02,Budew Leaf,True,xcl,,Species-exclusive Pokemon equipment; no corresponding Digimon-specific item in the reference.,"An exclusive item for the Budew family. When kept in the bag, the Pokémon has a higher chance of recruiting wild Pokémon."
xcl_family_roselia_03,Budew Claw,True,xcl,,Species-exclusive Pokemon equipment; no corresponding Digimon-specific item in the reference.,"An exclusive item for the Budew family. When kept in the bag, the Pokémon takes reduced damage from multiple attacks in a turn."
xcl_family_rotom_00,Plasma Veil,True,xcl,,Species-exclusive Pokemon equipment; no corresponding Digimon-specific item in the reference.,"An exclusive item for Rotom. When kept in the bag, the Pokémon gains the Electrified status after using a Status move."
xcl_family_rotom_01,Rotom Ring,True,xcl,,Species-exclusive Pokemon equipment; no corresponding Digimon-specific item in the reference.,"An exclusive item for Rotom. When kept in the bag, the Pokémon's moves will destroy traps."
xcl_family_rotom_02,Rotom Beam,True,xcl,,Species-exclusive Pokemon equipment; no corresponding Digimon-specific item in the reference.,"An exclusive item for Rotom. When kept in the bag, it allows the Pokémon's regular attack to strike twice."
xcl_family_rotom_03,Rotom Card,True,xcl,,Species-exclusive Pokemon equipment; no corresponding Digimon-specific item in the reference.,"An exclusive item for Rotom. When kept in the bag, moves used on the Pokémon are more intensely affected by type match-ups."
xcl_family_rotom_04,Rotom Tag,False,xcl,,Species-exclusive Pokemon equipment; no corresponding Digimon-specific item in the reference.,An exclusive item for Rotom. 
xcl_family_rowlet_00,Decidueye Specs,True,xcl,,Species-exclusive Pokemon equipment; no corresponding Digimon-specific item in the reference.,"An exclusive item for the Decidueye family. When kept in the bag, the Pokémon's Flying-type moves are boosted."
xcl_family_rowlet_01,Dartrix Coat,True,xcl,,Species-exclusive Pokemon equipment; no corresponding Digimon-specific item in the reference.,"An exclusive item for the Dartrix family. When kept in the bag, it changes the Pokémon's regular attack into a short projectile."
xcl_family_rowlet_02,Rowlet Leaf,True,xcl,,Species-exclusive Pokemon equipment; no corresponding Digimon-specific item in the reference.,"An exclusive item for the Rowlet family. When kept in the bag, the Pokémon's attacks never miss and always land a critical hit if all moves have the same PP."
xcl_family_rowlet_03,Rowlet Wing,True,xcl,,Species-exclusive Pokemon equipment; no corresponding Digimon-specific item in the reference.,"An exclusive item for the Rowlet family. When kept in the bag, the Pokémon's regular attack cannot miss."
xcl_family_rowlet_04,Rowlet Brooch,True,xcl,,Species-exclusive Pokemon equipment; no corresponding Digimon-specific item in the reference.,"An exclusive item for the Rowlet family. When kept in the bag, the Pokemon's moves and items that hit in a straight line cannot damage allies."
xcl_family_sableye_00,Sableye Scope,True,xcl,,Species-exclusive Pokemon equipment; no corresponding Digimon-specific item in the reference.,"An exclusive item for Sableye. When kept in the bag, it partially reveals the floor's layout the Pokémon reaches a new floor."
xcl_family_sableye_01,Sableye Mantle,True,xcl,,Species-exclusive Pokemon equipment; no corresponding Digimon-specific item in the reference.,"An exclusive item for Sableye. When kept in the bag, the Pokémon's Physical moves inflict the Blinker status."
xcl_family_sableye_02,Sableye Card,True,xcl,,Species-exclusive Pokemon equipment; no corresponding Digimon-specific item in the reference.,"An exclusive item for Sableye. When kept in the bag, the Pokémon will more easily dodge attacks if its previous move missed."
xcl_family_sableye_03,Sableye Claw,True,xcl,,Species-exclusive Pokemon equipment; no corresponding Digimon-specific item in the reference.,"An exclusive item for Sableye. When kept in the bag, the Pokémon's attacks never miss and always land a critical hit if all moves have the same PP."
xcl_family_sableye_04,Sableye Jewel,True,xcl,,Species-exclusive Pokemon equipment; no corresponding Digimon-specific item in the reference.,"An exclusive item for Sableye. When kept in the bag, it reveals the direction of the staircase whenever the Pokémon reaches a new floor."
xcl_family_salandit_00,Salazzle Sash,True,xcl,,Species-exclusive Pokemon equipment; no corresponding Digimon-specific item in the reference.,"An exclusive item for the Salazzle family. When kept in the bag, the Pokémon's Fire-type moves have a chance to inflict the Poisoned status."
xcl_family_salandit_01,Salazzle Earring,True,xcl,,Species-exclusive Pokemon equipment; no corresponding Digimon-specific item in the reference.,"An exclusive item for the Salazzle family. When kept in the bag, the Pokémon will be able to move again after defeating an enemy."
xcl_family_salandit_02,Salandit Claw,True,xcl,,Species-exclusive Pokemon equipment; no corresponding Digimon-specific item in the reference.,"An exclusive item for the Salandit family. When kept in the bag, moves used on the Pokémon are more intensely affected by type match-ups."
xcl_family_salandit_03,Salandit Fang,True,xcl,,Species-exclusive Pokemon equipment; no corresponding Digimon-specific item in the reference.,"An exclusive item for the Salandit family. When kept in the bag, the Pokémon's regular attacks and thrown items have a chance to inflict the Poisoned status."
xcl_family_salandit_04,Salandit Aroma,True,xcl,,Species-exclusive Pokemon equipment; no corresponding Digimon-specific item in the reference.,"An exclusive item for the Salandit family. When kept in the bag, the Pokémon's Special moves inflict the Burned status."
xcl_family_sandile_00,Krookodile Glasses,False,xcl,,Species-exclusive Pokemon equipment; no corresponding Digimon-specific item in the reference.,"An exclusive item for the Krookodile family. When kept in the bag, it allows the Pokémon to see foes and items in heavy darkness."
xcl_family_sandile_01,Krokorok Cape,False,xcl,,Species-exclusive Pokemon equipment; no corresponding Digimon-specific item in the reference.,"An exclusive item for the Krokorok family. When kept in the bag, the Pokémon is protected from status conditions when the floor has the Sandstorm status."
xcl_family_sandile_02,Sandile Fang,False,xcl,,Species-exclusive Pokemon equipment; no corresponding Digimon-specific item in the reference.,"An exclusive item for the Sandile family. When kept in the bag, the Pokémon's regular attack cannot miss."
xcl_family_sandile_03,Sandile Tail,False,xcl,,Species-exclusive Pokemon equipment; no corresponding Digimon-specific item in the reference.,"An exclusive item for the Sandile family. When kept in the bag, it reveals the number of items laying on the ground whenever the Pokémon reaches a new floor."
xcl_family_sandile_04,Sandile Jaw,False,xcl,,Species-exclusive Pokemon equipment; no corresponding Digimon-specific item in the reference.,"An exclusive item for the Sandile family. When kept in the bag, the Pokémon will damage nearby enemies after defeating an enemy."
xcl_family_sandshrew_00,Sandy Torc,True,xcl,,Species-exclusive Pokemon equipment; no corresponding Digimon-specific item in the reference.,"An exclusive item for the Sandslash family. When kept in the bag, it prevents the Pokémon from fainting to Water-type moves, leaving it with 1 HP."
xcl_family_sandshrew_01,Sandslash Scarf,True,xcl,,Species-exclusive Pokemon equipment; no corresponding Digimon-specific item in the reference.,"An exclusive item for the Sandslash family. When kept in the bag, the Pokémon scatters Spikes when hit by a Physical attack."
xcl_family_sandshrew_02,Sandshrew Claw,True,xcl,,Species-exclusive Pokemon equipment; no corresponding Digimon-specific item in the reference.,"An exclusive item for the Sandshrew family. When kept in the bag, the Pokémon takes reduced damage from multiple attacks in a turn."
xcl_family_sandshrew_03,Sandshrew Mud,True,xcl,,Species-exclusive Pokemon equipment; no corresponding Digimon-specific item in the reference.,"An exclusive item for the Sandshrew family. When kept in the bag, items thrown by the Pokémon will pierce through enemies."
xcl_family_sandygast_00,Palossand Helmet,True,xcl,,Species-exclusive Pokemon equipment; no corresponding Digimon-specific item in the reference.,"An exclusive item for the Palossand family. When kept in the bag, the Pokémon's Grass-type moves are boosted."
xcl_family_sandygast_01,Palossand Dust,True,xcl,,Species-exclusive Pokemon equipment; no corresponding Digimon-specific item in the reference.,"An exclusive item for the Palossand family. When kept in the bag, the Pokémon's moves will destroy traps."
xcl_family_sandygast_02,Sandygast Card,True,xcl,,Species-exclusive Pokemon equipment; no corresponding Digimon-specific item in the reference.,"An exclusive item for the Sandygast family. When kept in the bag, the Pokémon is prevented from being forced off its location."
xcl_family_sandygast_03,Sandygast Song,True,xcl,,Species-exclusive Pokemon equipment; no corresponding Digimon-specific item in the reference.,"An exclusive item for the Sandygast family. When kept in the bag, the Pokémon will more easily dodge attacks if its previous move missed."
xcl_family_sandygast_04,Sandygast Pebble,True,xcl,,Species-exclusive Pokemon equipment; no corresponding Digimon-specific item in the reference.,"An exclusive item for the Sandygast family. When kept in the bag, the Pokémon will regain HP after defeating an enemy."
xcl_family_scorbunny_00,Cinderace Cape,True,xcl,,Species-exclusive Pokemon equipment; no corresponding Digimon-specific item in the reference.,"An exclusive item for the Cinderace family. When kept in the bag, the Pokémon's Fighting-type moves are boosted."
xcl_family_scorbunny_01,Raboot Medal,True,xcl,,Species-exclusive Pokemon equipment; no corresponding Digimon-specific item in the reference.,"An exclusive item for the Raboot family. When kept in the bag, the Pokémon will be able to move again after defeating an enemy."
xcl_family_scorbunny_02,Scorbunny Sweat,True,xcl,,Species-exclusive Pokemon equipment; no corresponding Digimon-specific item in the reference.,"An exclusive item for the Scorbunny family. When kept in the bag, the Pokémon's PP cannot be lowered by the moves and abilities of opposing Pokémon."
xcl_family_scorbunny_03,Scorbunny Tooth,True,xcl,,Species-exclusive Pokemon equipment; no corresponding Digimon-specific item in the reference.,"An exclusive item for the Scorbunny family. When kept in the bag, it changes the Pokémon's lunging moves into two weaker strikes."
xcl_family_scorbunny_04,Scorbunny Band,True,xcl,,Species-exclusive Pokemon equipment; no corresponding Digimon-specific item in the reference.,"An exclusive item for the Scorbunny family. When kept in the bag, the Pokemon's moves and items that hit in a straight line cannot damage allies."
xcl_family_scraggy_00,Scrafty Poncho,True,xcl,,Species-exclusive Pokemon equipment; no corresponding Digimon-specific item in the reference.,"An exclusive item for the Scrafty family. When kept in the bag, the Pokémon's Poison-type moves are boosted."
xcl_family_scraggy_01,Scrafty Crest,True,xcl,,Species-exclusive Pokemon equipment; no corresponding Digimon-specific item in the reference.,"An exclusive item for the Scrafty family. When kept in the bag, the Pokémon will damage nearby enemies after defeating an enemy."
xcl_family_scraggy_02,Scraggy Tail,True,xcl,,Species-exclusive Pokemon equipment; no corresponding Digimon-specific item in the reference.,"An exclusive item for the Scraggy family. When kept in the bag, the Pokémon is more likely to evade attacks from close up."
xcl_family_scraggy_03,Scraggy Fang,True,xcl,,Species-exclusive Pokemon equipment; no corresponding Digimon-specific item in the reference.,"An exclusive item for the Scraggy family. When kept in the bag, the Pokémon takes reduced damage from multiple attacks in a turn."
xcl_family_scraggy_04,Scraggy Guard,True,xcl,,Species-exclusive Pokemon equipment; no corresponding Digimon-specific item in the reference.,"An exclusive item for the Scraggy family. When kept in the bag, the Pokémon will step in to take Dark-type attacks for nearby allies."
xcl_family_scyther_00,Kleavor Blade,True,xcl,,Species-exclusive Pokemon equipment; no corresponding Digimon-specific item in the reference.,"An exclusive item for the Kleavor family. When kept in the bag, it inflicts the Cringing status on the attacker when the Pokémon is hit with a Fire-type move."
xcl_family_scyther_01,Red Armlet,True,xcl,,Species-exclusive Pokemon equipment; no corresponding Digimon-specific item in the reference.,"An exclusive item for the Scizor family. When kept in the bag, the Pokemon's moves and items that hit in a straight line will pass through walls."
xcl_family_scyther_02,Scyther Fang,True,xcl,,Species-exclusive Pokemon equipment; no corresponding Digimon-specific item in the reference.,"An exclusive item for the Scyther family. When kept in the bag, the Pokémon will not take damage from counter attacks."
xcl_family_scyther_03,Scyther Card,True,xcl,,Species-exclusive Pokemon equipment; no corresponding Digimon-specific item in the reference.,"An exclusive item for the Scyther family. When kept in the bag, items thrown by the Pokémon will pierce through enemies."
xcl_family_scyther_04,Ambush Rock,True,xcl,,Species-exclusive Pokemon equipment; no corresponding Digimon-specific item in the reference.,"An exclusive item for the Scyther family. When kept in the bag, it changes the Pokémon's regular attack into a dash."
xcl_family_scyther_05,Scyther Crest,False,xcl,,Species-exclusive Pokemon equipment; no corresponding Digimon-specific item in the reference.,An exclusive item for the Scyther family. 
xcl_family_seedot_00,Shiftry Belt,True,xcl,,Species-exclusive Pokemon equipment; no corresponding Digimon-specific item in the reference.,"An exclusive item for the Shiftry family. When kept in the bag, it warps the attackers away when the Pokémon is hit with a Flying-type move."
xcl_family_seedot_01,Nuzleaf Bow,True,xcl,,Species-exclusive Pokemon equipment; no corresponding Digimon-specific item in the reference.,"An exclusive item for the Nuzleaf family. When kept in the bag, the Pokémon recovers faster from status problems."
xcl_family_seedot_02,Seedot Card,True,xcl,,Species-exclusive Pokemon equipment; no corresponding Digimon-specific item in the reference.,"An exclusive item for the Seedot family. When kept in the bag, the Pokémon takes reduced damage from multiple attacks in a turn."
xcl_family_seedot_03,Seedot Leaf,True,xcl,,Species-exclusive Pokemon equipment; no corresponding Digimon-specific item in the reference.,"An exclusive item for the Seedot family. When kept in the bag, the effects of wands will fly in an arc when waved by the Pokémon."
xcl_family_seedot_04,Seedot Tag,True,xcl,,Species-exclusive Pokemon equipment; no corresponding Digimon-specific item in the reference.,"An exclusive item for the Seedot family. When kept in the bag, the Pokémon's regular attack will knock opponents back."
xcl_family_seel_00,North Torc,True,xcl,,Species-exclusive Pokemon equipment; no corresponding Digimon-specific item in the reference.,"An exclusive item for the Dewgong family. When kept in the bag, it inflicts the Frozen status on the attacker when the Pokémon is hit with a Rock-type move."
xcl_family_seel_01,Dewgong Float,True,xcl,,Species-exclusive Pokemon equipment; no corresponding Digimon-specific item in the reference.,"An exclusive item for the Dewgong family. When kept in the bag, the Pokémon is more likely to evade attacks from far away."
xcl_family_seel_02,Seel Dew,True,xcl,,Species-exclusive Pokemon equipment; no corresponding Digimon-specific item in the reference.,"An exclusive item for the Seel family. When kept in the bag, it restores the PP of a move when the Pokémon reaches a new floor."
xcl_family_seel_03,Seel Fang,True,xcl,,Species-exclusive Pokemon equipment; no corresponding Digimon-specific item in the reference.,"An exclusive item for the Seel family. When kept in the bag, the Pokémon takes reduced damage from multiple attacks in a turn."
xcl_family_sentret_00,Body Collar,True,xcl,,Species-exclusive Pokemon equipment; no corresponding Digimon-specific item in the reference.,"An exclusive item for the Furret family. When kept in the bag, the Pokémon gains the Lucky Chant status after using a Status move."
xcl_family_sentret_01,Furret Brooch,True,xcl,,Species-exclusive Pokemon equipment; no corresponding Digimon-specific item in the reference.,"An exclusive item for the Furret family. When kept in the bag, it partially reveals the floor's layout the Pokémon reaches a new floor."
xcl_family_sentret_02,Sentret Tail,True,xcl,,Species-exclusive Pokemon equipment; no corresponding Digimon-specific item in the reference.,"An exclusive item for the Sentret family. When kept in the bag, the Pokémon takes reduced damage from multiple attacks in a turn."
xcl_family_sentret_03,Sentret Card,True,xcl,,Species-exclusive Pokemon equipment; no corresponding Digimon-specific item in the reference.,"An exclusive item for the Sentret family. When kept in the bag, it allows the Pokémon's regular attack to strike twice."
xcl_family_seviper_00,Seviper Bow,True,xcl,,Species-exclusive Pokemon equipment; no corresponding Digimon-specific item in the reference.,"An exclusive item for Seviper. When kept in the bag, the Pokémon's Poison-type moves are boosted."
xcl_family_seviper_01,Seviper Blade,True,xcl,,Species-exclusive Pokemon equipment; no corresponding Digimon-specific item in the reference.,"An exclusive item for Seviper. When kept in the bag, the Pokémon is more likely to evade attacks from close up."
xcl_family_seviper_02,Seviper Tail,True,xcl,,Species-exclusive Pokemon equipment; no corresponding Digimon-specific item in the reference.,"An exclusive item for Seviper. When kept in the bag, items thrown by the Pokémon will pierce through enemies."
xcl_family_seviper_03,Seviper Fang,True,xcl,,Species-exclusive Pokemon equipment; no corresponding Digimon-specific item in the reference.,"An exclusive item for Seviper. When kept in the bag, the Pokémon's regular attacks and thrown items have a chance to inflict the Badly Poisoned status."
xcl_family_sewaddle_00,Leavanny Mantle,True,xcl,,Species-exclusive Pokemon equipment; no corresponding Digimon-specific item in the reference.,"An exclusive item for the Leavanny family. When kept in the bag, it prevents the Pokémon from fainting to Fire-type moves, leaving it with 1 HP."
xcl_family_sewaddle_01,Swadloon Shield,True,xcl,,Species-exclusive Pokemon equipment; no corresponding Digimon-specific item in the reference.,"An exclusive item for the Swadloon family. When kept in the bag, the Pokémon gains the Quick Guard status after using a Status move."
xcl_family_sewaddle_02,Sewaddle Leaf,True,xcl,,Species-exclusive Pokemon equipment; no corresponding Digimon-specific item in the reference.,"An exclusive item for the Sewaddle family. When kept in the bag, the Pokémon cannot have its Attack lowered."
xcl_family_sewaddle_03,Sewaddle Dew,True,xcl,,Species-exclusive Pokemon equipment; no corresponding Digimon-specific item in the reference.,"An exclusive item for the Sewaddle family. When kept in the bag, it raises the critical-hit ratio of not-very-effective hits."
xcl_family_sewaddle_04,Sewaddle Aroma,True,xcl,,Species-exclusive Pokemon equipment; no corresponding Digimon-specific item in the reference.,"An exclusive item for the Sewaddle family. When kept in the bag, it changes the Pokémon's lunging moves into two weaker strikes."
xcl_family_sewaddle_05,Swadloon Guard,False,xcl,,Species-exclusive Pokemon equipment; no corresponding Digimon-specific item in the reference.,"An exclusive item for the Swadloon family. When kept in the bag, the Pokémon is more likely to evade attacks from close up."
xcl_family_shaymin_00,Purify Veil,True,xcl,,Species-exclusive Pokemon equipment; no corresponding Digimon-specific item in the reference.,"An exclusive item for Shaymin. When kept in the bag, the Pokémon will gradually restore the HP of its allies when its own HP is full."
xcl_family_shaymin_01,Shaymin Torc,True,xcl,,Species-exclusive Pokemon equipment; no corresponding Digimon-specific item in the reference.,"An exclusive item for Shaymin. When kept in the bag, it changes the Pokémon's regular attack into a dash."
xcl_family_shaymin_02,Shaymin Seed,True,xcl,,Species-exclusive Pokemon equipment; no corresponding Digimon-specific item in the reference.,"An exclusive item for Shaymin. When kept in the bag, the Pokémon has a higher chance of recruiting wild Pokémon."
xcl_family_shaymin_03,Shaymin Aroma,True,xcl,,Species-exclusive Pokemon equipment; no corresponding Digimon-specific item in the reference.,"An exclusive item for Shaymin. When kept in the bag, the Pokémon gives back recovered HP when it is healed by another Pokémon."
xcl_family_shaymin_04,Shaymin Seal,True,xcl,,Species-exclusive Pokemon equipment; no corresponding Digimon-specific item in the reference.,"An exclusive item for Shaymin. When kept in the bag, the Pokémon can traverse water, lava, and pits."
xcl_family_shellder_00,Cover Armor,True,xcl,,Species-exclusive Pokemon equipment; no corresponding Digimon-specific item in the reference.,"An exclusive item for the Cloyster family. When kept in the bag, it reduces damage done by Normal-type attacks."
xcl_family_shellder_01,Cloyster Band,True,xcl,,Species-exclusive Pokemon equipment; no corresponding Digimon-specific item in the reference.,"An exclusive item for the Cloyster family. When kept in the bag, the Pokémon's moves will destroy traps."
xcl_family_shellder_02,Shellder Drool,True,xcl,,Species-exclusive Pokemon equipment; no corresponding Digimon-specific item in the reference.,"An exclusive item for the Shellder family. When kept in the bag, the Pokémon gives back recovered HP when it is healed by another Pokémon."
xcl_family_shellder_03,Shellder Card,True,xcl,,Species-exclusive Pokemon equipment; no corresponding Digimon-specific item in the reference.,"An exclusive item for the Shellder family. When kept in the bag, the Pokémon is prevented from being forced off its location."
xcl_family_shellos_00,Gastrodon Torc,True,xcl,,Species-exclusive Pokemon equipment; no corresponding Digimon-specific item in the reference.,"An exclusive item for the Gastrodon family. When kept in the bag, the Pokémon's natural HP-recovery speed is boosted."
xcl_family_shellos_01,Gastrodon Coat,True,xcl,,Species-exclusive Pokemon equipment; no corresponding Digimon-specific item in the reference.,"An exclusive item for the Gastrodon family. When kept in the bag, the Pokémon's HP is restored when it eats a food item."
xcl_family_shellos_02,Shellos Foam,True,xcl,,Species-exclusive Pokemon equipment; no corresponding Digimon-specific item in the reference.,"An exclusive item for the Shellos family. When kept in the bag, the Pokémon will more easily dodge attacks if its previous move missed."
xcl_family_shellos_03,Shellos Card,True,xcl,,Species-exclusive Pokemon equipment; no corresponding Digimon-specific item in the reference.,"An exclusive item for the Shellos family. When kept in the bag, the Pokémon's attacks never miss and always land a critical hit if all moves have the same PP."
xcl_family_shieldon_00,Block Brooch,True,xcl,,Species-exclusive Pokemon equipment; no corresponding Digimon-specific item in the reference.,"An exclusive item for the Bastiodon family. When kept in the bag, the Pokémon gains the Retaliate status after using a Status move."
xcl_family_shieldon_01,Bastiodon Torc,True,xcl,,Species-exclusive Pokemon equipment; no corresponding Digimon-specific item in the reference.,"An exclusive item for the Bastiodon family. When kept in the bag, the Pokémon's natural HP-recovery speed is boosted."
xcl_family_shieldon_02,Shieldon Claw,True,xcl,,Species-exclusive Pokemon equipment; no corresponding Digimon-specific item in the reference.,"An exclusive item for the Shieldon family. When kept in the bag, the Pokémon will more easily dodge attacks if its previous move missed."
xcl_family_shieldon_03,Shieldon Card,True,xcl,,Species-exclusive Pokemon equipment; no corresponding Digimon-specific item in the reference.,"An exclusive item for the Shieldon family. When kept in the bag, stat changes inflicted on the Pokémon are passed to the Pokémon that caused it."
xcl_family_shieldon_04,Shieldon Crest,True,xcl,,Species-exclusive Pokemon equipment; no corresponding Digimon-specific item in the reference.,"An exclusive item for the Shieldon family. When kept in the bag, the Pokémon will step in to take Normal-type attacks for nearby allies."
xcl_family_shinx_00,Glare Sash,True,xcl,,Species-exclusive Pokemon equipment; no corresponding Digimon-specific item in the reference.,"An exclusive item for the Luxray family. When kept in the bag, it allows the Pokémon to see foes and items in heavy darkness."
xcl_family_shinx_01,Spark Scarf,True,xcl,,Species-exclusive Pokemon equipment; no corresponding Digimon-specific item in the reference.,"An exclusive item for the Luxio family. When kept in the bag, the Pokemon's moves and items that hit in a straight line cannot damage allies."
xcl_family_shinx_02,Shinx Claw,True,xcl,,Species-exclusive Pokemon equipment; no corresponding Digimon-specific item in the reference.,"An exclusive item for the Shinx family. When kept in the bag, it restores the PP of a move when the Pokémon reaches a new floor."
xcl_family_shinx_03,Shinx Fang,True,xcl,,Species-exclusive Pokemon equipment; no corresponding Digimon-specific item in the reference.,"An exclusive item for the Shinx family. When kept in the bag, the Pokémon is more likely to evade attacks when at low HP."
xcl_family_shinx_04,Flash Tag,True,xcl,,Species-exclusive Pokemon equipment; no corresponding Digimon-specific item in the reference.,"An exclusive item for the Shinx family. When kept in the bag, the Pokémon will counter damage from regular attacks and thrown items."
xcl_family_shinx_05,Spark Tag,False,xcl,,Species-exclusive Pokemon equipment; no corresponding Digimon-specific item in the reference.,"An exclusive item for the Luxio family. When kept in the bag, it partially reveals the floor's layout the Pokémon reaches a new floor."
xcl_family_shroomish_00,Thwart Bow,True,xcl,,Species-exclusive Pokemon equipment; no corresponding Digimon-specific item in the reference.,"An exclusive item for the Breloom family. When kept in the bag, it reduces damage done by Ice-type attacks."
xcl_family_shroomish_01,Breloom Collar,True,xcl,,Species-exclusive Pokemon equipment; no corresponding Digimon-specific item in the reference.,"An exclusive item for the Breloom family. When kept in the bag, the Pokémon will regain HP after defeating an enemy."
xcl_family_shroomish_02,Shroomish Card,True,xcl,,Species-exclusive Pokemon equipment; no corresponding Digimon-specific item in the reference.,"An exclusive item for the Shroomish family. When kept in the bag, it raises the critical-hit ratio of not-very-effective hits."
xcl_family_shroomish_03,Shroomish Leaf,True,xcl,,Species-exclusive Pokemon equipment; no corresponding Digimon-specific item in the reference.,"An exclusive item for the Shroomish family. When kept in the bag, the Pokémon is more likely to evade attacks when at low HP."
xcl_family_shuckle_00,Shuckle Bow,True,xcl,,Species-exclusive Pokemon equipment; no corresponding Digimon-specific item in the reference.,"An exclusive item for Shuckle. When kept in the bag, it prevents the Pokémon from fainting to Water-type moves, leaving it with 1 HP."
xcl_family_shuckle_01,Shuckle Shield,True,xcl,,Species-exclusive Pokemon equipment; no corresponding Digimon-specific item in the reference.,"An exclusive item for Shuckle. When kept in the bag, the Pokémon's Attack Range is increased when the floor has the Sandstorm status."
xcl_family_shuckle_02,Shuckle Card,True,xcl,,Species-exclusive Pokemon equipment; no corresponding Digimon-specific item in the reference.,"An exclusive item for Shuckle. When kept in the bag, the Pokémon is prevented from being forced off its location."
xcl_family_shuckle_03,Shuckle Gasp,True,xcl,,Species-exclusive Pokemon equipment; no corresponding Digimon-specific item in the reference.,"An exclusive item for Shuckle. When kept in the bag, the Pokémon's moves are more intensely affected by type match-ups."
xcl_family_shuckle_04,Shuckle Aroma,True,xcl,,Species-exclusive Pokemon equipment; no corresponding Digimon-specific item in the reference.,"An exclusive item for Shuckle. When kept in the bag, the Pokémon will take reduced damage from explosions and splash damage."
xcl_family_shuppet_00,Ominous Torc,True,xcl,,Species-exclusive Pokemon equipment; no corresponding Digimon-specific item in the reference.,"An exclusive item for the Banette family. When kept in the bag, it allows Ghost-type moves to hit Normal-type Pokémon."
xcl_family_shuppet_01,Banette Cape,True,xcl,,Species-exclusive Pokemon equipment; no corresponding Digimon-specific item in the reference.,"An exclusive item for the Banette family. When kept in the bag, the Pokémon can traverse water, lava, and pits."
xcl_family_shuppet_02,Shuppet Horn,True,xcl,,Species-exclusive Pokemon equipment; no corresponding Digimon-specific item in the reference.,"An exclusive item for the Shuppet family. When kept in the bag, the Pokémon will more easily dodge attacks if its previous move missed."
xcl_family_shuppet_03,Shuppet Card,True,xcl,,Species-exclusive Pokemon equipment; no corresponding Digimon-specific item in the reference.,"An exclusive item for the Shuppet family. When kept in the bag, the Pokémon's regular attacks and thrown items have a chance to inflict the Cringing status."
xcl_family_skarmory_00,Skarmory Cape,True,xcl,,Species-exclusive Pokemon equipment; no corresponding Digimon-specific item in the reference.,"An exclusive item for Skarmory. When kept in the bag, it prevents the Pokémon from fainting to Fire-type moves, leaving it with 1 HP."
xcl_family_skarmory_01,Skarmory Shield,True,xcl,,Species-exclusive Pokemon equipment; no corresponding Digimon-specific item in the reference.,"An exclusive item for Skarmory. When kept in the bag, the Pokémon's moves will destroy traps."
xcl_family_skarmory_02,Skarmory Card,True,xcl,,Species-exclusive Pokemon equipment; no corresponding Digimon-specific item in the reference.,"An exclusive item for Skarmory. When kept in the bag, the Pokémon's regular attack cannot miss."
xcl_family_skarmory_03,Skarmory Wing,True,xcl,,Species-exclusive Pokemon equipment; no corresponding Digimon-specific item in the reference.,"An exclusive item for Skarmory. When kept in the bag, moves used on the Pokémon are more intensely affected by type match-ups."
xcl_family_skarmory_04,Skarmory Coin,True,xcl,,Species-exclusive Pokemon equipment; no corresponding Digimon-specific item in the reference.,"An exclusive item for Skarmory. When kept in the bag, the Pokemon's moves and items that hit in a straight line cannot damage allies."
xcl_family_skitty_00,Guard Collar,True,xcl,,Species-exclusive Pokemon equipment; no corresponding Digimon-specific item in the reference.,"An exclusive item for the Delcatty family. When kept in the bag, the Pokémon's Normal-type moves are boosted."
xcl_family_skitty_01,Delcatty Choker,True,xcl,,Species-exclusive Pokemon equipment; no corresponding Digimon-specific item in the reference.,"An exclusive item for the Delcatty family. When kept in the bag, the Pokémon gains the Lucky Chant status after using a Status move."
xcl_family_skitty_02,Skitty Card,True,xcl,,Species-exclusive Pokemon equipment; no corresponding Digimon-specific item in the reference.,"An exclusive item for the Skitty family. When kept in the bag, the Pokémon's regular attack cannot miss."
xcl_family_skitty_03,Skitty Fang,True,xcl,,Species-exclusive Pokemon equipment; no corresponding Digimon-specific item in the reference.,"An exclusive item for the Skitty family. When kept in the bag, it allows the Pokémon's regular attack to strike twice."
xcl_family_skitty_04,Smile Pebble,True,xcl,,Species-exclusive Pokemon equipment; no corresponding Digimon-specific item in the reference.,"An exclusive item for the Skitty family. When kept in the bag, the Pokémon is more likely to evade attacks from close up."
xcl_family_skitty_05,Delcatty Charm,False,xcl,,Species-exclusive Pokemon equipment; no corresponding Digimon-specific item in the reference.,An exclusive item for the Delcatty family. 
xcl_family_skorupi_00,Dust Scarf,True,xcl,,Species-exclusive Pokemon equipment; no corresponding Digimon-specific item in the reference.,"An exclusive item for the Drapion family. When kept in the bag, it warps the attackers away when the Pokémon is hit with a Ground-type move."
xcl_family_skorupi_01,Drapion Bow,True,xcl,,Species-exclusive Pokemon equipment; no corresponding Digimon-specific item in the reference.,"An exclusive item for the Drapion family. When kept in the bag, the Pokémon will regain HP after defeating an enemy."
xcl_family_skorupi_02,Skorupi Tail,True,xcl,,Species-exclusive Pokemon equipment; no corresponding Digimon-specific item in the reference.,"An exclusive item for the Skorupi family. When kept in the bag, it raises the critical-hit ratio of not-very-effective hits."
xcl_family_skorupi_03,Skorupi Fang,True,xcl,,Species-exclusive Pokemon equipment; no corresponding Digimon-specific item in the reference.,"An exclusive item for the Skorupi family. When kept in the bag, the Pokémon's regular attacks and thrown items have a chance to inflict the Badly Poisoned status."
xcl_family_slakoth_00,Lazy Ruff,True,xcl,,Species-exclusive Pokemon equipment; no corresponding Digimon-specific item in the reference.,"An exclusive item for the Slaking family. When kept in the bag, it inflicts the Paused status on the attacker when the Pokémon is hit with a Normal-type move."
xcl_family_slakoth_01,Vigoroth Sash,True,xcl,,Species-exclusive Pokemon equipment; no corresponding Digimon-specific item in the reference.,"An exclusive item for the Vigoroth family. When kept in the bag, the Pokémon's moves will destroy traps."
xcl_family_slakoth_02,Slakoth Card,True,xcl,,Species-exclusive Pokemon equipment; no corresponding Digimon-specific item in the reference.,"An exclusive item for the Slakoth family. When kept in the bag, the Pokémon is prevented from being forced off its location."
xcl_family_slakoth_03,Slakoth Claw,True,xcl,,Species-exclusive Pokemon equipment; no corresponding Digimon-specific item in the reference.,"An exclusive item for the Slakoth family. When kept in the bag, the Pokémon takes reduced damage from multiple attacks in a turn."
xcl_family_slowpoke_00,King Cap,True,xcl,,Species-exclusive Pokemon equipment; no corresponding Digimon-specific item in the reference.,"An exclusive item for the Slowking family. When kept in the bag, the Pokémon changes the floor to Rain after using a Status move."
xcl_family_slowpoke_01,Slowbro Scarf,True,xcl,,Species-exclusive Pokemon equipment; no corresponding Digimon-specific item in the reference.,"An exclusive item for the Slowbro family. When kept in the bag, the Pokémon cannot damage allies with its moves."
xcl_family_slowpoke_02,Slowpoke Drool,True,xcl,,Species-exclusive Pokemon equipment; no corresponding Digimon-specific item in the reference.,"An exclusive item for the Slowpoke family. When kept in the bag, it restores the PP of a move when the Pokémon reaches a new floor."
xcl_family_slowpoke_03,Slowpoke Fang,True,xcl,,Species-exclusive Pokemon equipment; no corresponding Digimon-specific item in the reference.,"An exclusive item for the Slowpoke family. When kept in the bag, the Pokémon will more easily dodge attacks if its previous move missed."
xcl_family_slowpoke_04,Slowpoke Crest,True,xcl,,Species-exclusive Pokemon equipment; no corresponding Digimon-specific item in the reference.,"An exclusive item for the Slowpoke family. When kept in the bag, the Pokémon will take reduced damage from explosions and splash damage."
xcl_family_slowpoke_05,Slowpoke Charm,False,xcl,,Species-exclusive Pokemon equipment; no corresponding Digimon-specific item in the reference.,An exclusive item for the Slowpoke family. 
xcl_family_slugma_00,Lava Bow,True,xcl,,Species-exclusive Pokemon equipment; no corresponding Digimon-specific item in the reference.,"An exclusive item for the Magcargo family. When kept in the bag, it prevents the Pokémon from fainting to Water-type moves, leaving it with 1 HP."
xcl_family_slugma_01,Magcargo Torc,True,xcl,,Species-exclusive Pokemon equipment; no corresponding Digimon-specific item in the reference.,"An exclusive item for the Magcargo family. When kept in the bag, the Pokémon will regain HP after defeating an enemy."
xcl_family_slugma_02,Slugma Card,True,xcl,,Species-exclusive Pokemon equipment; no corresponding Digimon-specific item in the reference.,"An exclusive item for the Slugma family. When kept in the bag, the Pokémon's regular attacks and thrown items have a chance to inflict the Burned status."
xcl_family_slugma_03,Slugma Beam,True,xcl,,Species-exclusive Pokemon equipment; no corresponding Digimon-specific item in the reference.,"An exclusive item for the Slugma family. When kept in the bag, the Pokémon will do increased damage if its previous move missed."
xcl_family_slugma_04,Slugma Ore,True,xcl,,Species-exclusive Pokemon equipment; no corresponding Digimon-specific item in the reference.,"An exclusive item for the Slugma family. When kept in the bag, the Pokémon recovers HP when in lava."
xcl_family_slugma_05,Magcargo Rock,False,xcl,,Species-exclusive Pokemon equipment; no corresponding Digimon-specific item in the reference.,An exclusive item for the Magcargo family. 
xcl_family_smeargle_00,Paint Scarf,True,xcl,,Species-exclusive Pokemon equipment; no corresponding Digimon-specific item in the reference.,"An exclusive item for Smeargle. When kept in the bag, the Pokémon gets an extra 5PP to all of its moves."
xcl_family_smeargle_01,Smeargle Hat,True,xcl,,Species-exclusive Pokemon equipment; no corresponding Digimon-specific item in the reference.,"An exclusive item for Smeargle. When kept in the bag, the Pokémon's moves will destroy traps."
xcl_family_smeargle_02,Smeargle Card,True,xcl,,Species-exclusive Pokemon equipment; no corresponding Digimon-specific item in the reference.,"An exclusive item for Smeargle. When kept in the bag, the Pokémon's PP cannot be lowered by the moves and abilities of opposing Pokémon."
xcl_family_smeargle_03,Smeargle Hair,True,xcl,,Species-exclusive Pokemon equipment; no corresponding Digimon-specific item in the reference.,"An exclusive item for Smeargle. When kept in the bag, the Pokémon has a higher chance of recruiting wild Pokémon."
xcl_family_smeargle_04,Smeargle Key,True,xcl,,Species-exclusive Pokemon equipment; no corresponding Digimon-specific item in the reference.,"An exclusive item for Smeargle. When kept in the bag, it reveals the direction of the staircase whenever the Pokémon reaches a new floor."
xcl_family_smeargle_05,Smeargle Coin,False,xcl,,Species-exclusive Pokemon equipment; no corresponding Digimon-specific item in the reference.,"An exclusive item for Smeargle. When kept in the bag, the Pokémon will find more shops when exploring in dungeons."
xcl_family_sneasel_00,Ruin Armlet,True,xcl,,Species-exclusive Pokemon equipment; no corresponding Digimon-specific item in the reference.,"An exclusive item for the Weavile family. When kept in the bag, it prevents the Pokémon from fainting to Fighting-type moves, leaving it with 1 HP."
xcl_family_sneasel_01,Weavile Scarf,True,xcl,,Species-exclusive Pokemon equipment; no corresponding Digimon-specific item in the reference.,"An exclusive item for the Weavile family. When kept in the bag, the Pokémon will raise the PP usage of opponents that attack it."
xcl_family_sneasel_02,Sneasel Card,True,xcl,,Species-exclusive Pokemon equipment; no corresponding Digimon-specific item in the reference.,"An exclusive item for the Sneasel family. When kept in the bag, the Pokémon's PP cannot be lowered by the moves and abilities of opposing Pokémon."
xcl_family_sneasel_03,Sneasel Claw,True,xcl,,Species-exclusive Pokemon equipment; no corresponding Digimon-specific item in the reference.,"An exclusive item for the Sneasel family. When kept in the bag, it changes the Pokémon's lunging moves into two weaker strikes."
xcl_family_sneasel_04,Dusk Jewel,False,xcl,,Species-exclusive Pokemon equipment; no corresponding Digimon-specific item in the reference.,An exclusive item for the Sneasel family. 
xcl_family_sneasel_05,Vile Tag,False,xcl,,Species-exclusive Pokemon equipment; no corresponding Digimon-specific item in the reference.,An exclusive item for the Weavile family. 
xcl_family_snivy_00,Serperior Blade,True,xcl,,Species-exclusive Pokemon equipment; no corresponding Digimon-specific item in the reference.,"An exclusive item for the Serperior family. When kept in the bag, the Pokémon's Grass-type moves may lower the target's Accuracy."
xcl_family_snivy_01,Servine Brooch,True,xcl,,Species-exclusive Pokemon equipment; no corresponding Digimon-specific item in the reference.,"An exclusive item for the Servine family. When kept in the bag, it changes the Pokémon's regular attack into a dash."
xcl_family_snivy_02,Snivy Fang,True,xcl,,Species-exclusive Pokemon equipment; no corresponding Digimon-specific item in the reference.,"An exclusive item for the Snivy family. When kept in the bag, the Pokemon's moves and items that hit in a straight line cannot damage allies."
xcl_family_snivy_03,Snivy Leaf,True,xcl,,Species-exclusive Pokemon equipment; no corresponding Digimon-specific item in the reference.,"An exclusive item for the Snivy family. When kept in the bag, the Pokémon becomes extremely likely to avoid Flying-type attacks."
xcl_family_snivy_04,Snivy Shoot,True,xcl,,Species-exclusive Pokemon equipment; no corresponding Digimon-specific item in the reference.,"An exclusive item for the Snivy family. When kept in the bag, the Pokémon will not take damage from counter attacks."
xcl_family_snom_00,Frosmoth Scarf,True,xcl,,Species-exclusive Pokemon equipment; no corresponding Digimon-specific item in the reference.,"An exclusive item for the Frosmoth family. When kept in the bag, it prevents the Pokémon from fainting to Fire-type moves, leaving it with 1 HP."
xcl_family_snom_01,Frosmoth Dust,True,xcl,,Species-exclusive Pokemon equipment; no corresponding Digimon-specific item in the reference.,"An exclusive item for the Frosmoth family. When kept in the bag, the Pokémon can traverse water, lava, and pits."
xcl_family_snom_02,Snom Card,True,xcl,,Species-exclusive Pokemon equipment; no corresponding Digimon-specific item in the reference.,"An exclusive item for the Snom family. When kept in the bag, the category of the Pokémon's regular attack is changed from physical to special."
xcl_family_snom_03,Snom Thorn,True,xcl,,Species-exclusive Pokemon equipment; no corresponding Digimon-specific item in the reference.,"An exclusive item for the Snom family. When kept in the bag, the Pokémon's attacks never miss and always land a critical hit if all moves have the same PP."
xcl_family_snom_04,Snom Jewel,True,xcl,,Species-exclusive Pokemon equipment; no corresponding Digimon-specific item in the reference.,"An exclusive item for the Snom family. When kept in the bag, the Pokémon recovers faster from status problems."
xcl_family_snorlax_00,Glee Scarf,True,xcl,,Species-exclusive Pokemon equipment; no corresponding Digimon-specific item in the reference.,"An exclusive item for the Snorlax family. When kept in the bag, it reduces damage done by Dark-type attacks."
xcl_family_snorlax_01,Snorlax Shield,True,xcl,,Species-exclusive Pokemon equipment; no corresponding Digimon-specific item in the reference.,"An exclusive item for the Snorlax family. When kept in the bag, the Pokémon is fully healed upon entering a new floor."
xcl_family_snorlax_02,Munchlax Drool,True,xcl,,Species-exclusive Pokemon equipment; no corresponding Digimon-specific item in the reference.,"An exclusive item for the Munchlax family. When kept in the bag, the Pokémon's regular attack cannot miss."
xcl_family_snorlax_03,Munchlax Claw,True,xcl,,Species-exclusive Pokemon equipment; no corresponding Digimon-specific item in the reference.,"An exclusive item for the Munchlax family. When kept in the bag, the Pokémon is prevented from being forced off its location."
xcl_family_snorlax_04,Tummy Charm,True,xcl,,Species-exclusive Pokemon equipment; no corresponding Digimon-specific item in the reference.,"An exclusive item for the Munchlax family. When kept in the bag, the Pokémon will take reduced damage from explosions and splash damage."
xcl_family_snorlax_05,Valor Charm,False,xcl,,Species-exclusive Pokemon equipment; no corresponding Digimon-specific item in the reference.,An exclusive item for the Snorlax family. 
xcl_family_snorunt_00,Froslass Bow,True,xcl,,Species-exclusive Pokemon equipment; no corresponding Digimon-specific item in the reference.,"An exclusive item for Froslass. When kept in the bag, it inflicts the Frozen status on the attacker when the Pokémon is hit with a Fire-type move."
xcl_family_snorunt_01,Glalie Scarf,True,xcl,,Species-exclusive Pokemon equipment; no corresponding Digimon-specific item in the reference.,"An exclusive item for Glalie. When kept in the bag, the Pokémon's Attack Range is increased when the floor has the Hail status."
xcl_family_snorunt_02,Snorunt Card,True,xcl,,Species-exclusive Pokemon equipment; no corresponding Digimon-specific item in the reference.,"An exclusive item for the Snorunt family. When kept in the bag, it raises the critical-hit ratio of not-very-effective hits."
xcl_family_snorunt_03,Snorunt Dew,True,xcl,,Species-exclusive Pokemon equipment; no corresponding Digimon-specific item in the reference.,"An exclusive item for the Snorunt family. When kept in the bag, the Pokémon's attacks never miss and always land a critical hit if all moves have the same PP."
xcl_family_snorunt_04,Snorunt Pebble,True,xcl,,Species-exclusive Pokemon equipment; no corresponding Digimon-specific item in the reference.,"An exclusive item for the Snorunt family. When kept in the bag, the Pokémon becomes immune to the Confused status."
xcl_family_snorunt_05,Snorunt Guard,False,xcl,,Species-exclusive Pokemon equipment; no corresponding Digimon-specific item in the reference.,"An exclusive item for the Snorunt family. When kept in the bag, the Pokémon can traverse water, lava, and pits."
xcl_family_snover_00,Frozen Cape,True,xcl,,Species-exclusive Pokemon equipment; no corresponding Digimon-specific item in the reference.,"An exclusive item for the Abomasnow family. When kept in the bag, the Pokémon is protected from status conditions when the floor has the Hail status."
xcl_family_snover_01,Abomasnow Torc,True,xcl,,Species-exclusive Pokemon equipment; no corresponding Digimon-specific item in the reference.,"An exclusive item for the Abomasnow family. When kept in the bag, the Pokémon will regain HP after defeating an enemy."
xcl_family_snover_02,Snover Branch,True,xcl,,Species-exclusive Pokemon equipment; no corresponding Digimon-specific item in the reference.,"An exclusive item for the Snover family. When kept in the bag, it restores the PP of a move when the Pokémon reaches a new floor."
xcl_family_snover_03,Snover Card,True,xcl,,Species-exclusive Pokemon equipment; no corresponding Digimon-specific item in the reference.,"An exclusive item for the Snover family. When kept in the bag, the Pokémon's attacks never miss and always land a critical hit if all moves have the same PP."
xcl_family_snover_04,Snover Aroma,True,xcl,,Species-exclusive Pokemon equipment; no corresponding Digimon-specific item in the reference.,"An exclusive item for the Snover family. When kept in the bag, the Pokemon's moves and items that hit in a straight line cannot damage allies."
xcl_family_snubbull_00,Stern Sash,True,xcl,,Species-exclusive Pokemon equipment; no corresponding Digimon-specific item in the reference.,"An exclusive item for the Granbull family. When kept in the bag, it reduces damage done by Ghost-type attacks."
xcl_family_snubbull_01,Granbull Cape,True,xcl,,Species-exclusive Pokemon equipment; no corresponding Digimon-specific item in the reference.,"An exclusive item for the Granbull family. When kept in the bag, the Pokémon will damage nearby enemies after defeating an enemy."
xcl_family_snubbull_02,Snubbull Card,True,xcl,,Species-exclusive Pokemon equipment; no corresponding Digimon-specific item in the reference.,"An exclusive item for the Snubbull family. When kept in the bag, the Pokémon will more easily dodge attacks if its previous move missed."
xcl_family_snubbull_03,Snubbull Fang,True,xcl,,Species-exclusive Pokemon equipment; no corresponding Digimon-specific item in the reference.,"An exclusive item for the Snubbull family. When kept in the bag, the Pokémon's attacks never miss and always land a critical hit if all moves have the same PP."
xcl_family_snubbull_04,Snubbull Rock,False,xcl,,Species-exclusive Pokemon equipment; no corresponding Digimon-specific item in the reference.,An exclusive item for the Snubbull family. 
xcl_family_sobble_00,Inteleon Scope,True,xcl,,Species-exclusive Pokemon equipment; no corresponding Digimon-specific item in the reference.,"An exclusive item for the Inteleon family. When kept in the bag, the Pokémon gains the Pierce status after using a Status move."
xcl_family_sobble_01,Drizzile Ring,True,xcl,,Species-exclusive Pokemon equipment; no corresponding Digimon-specific item in the reference.,"An exclusive item for the Drizzile family. When kept in the bag, it changes the Pokémon's regular attack into a short projectile."
xcl_family_sobble_02,Sobble Dew,True,xcl,,Species-exclusive Pokemon equipment; no corresponding Digimon-specific item in the reference.,"An exclusive item for the Sobble family. When kept in the bag, the category of the Pokémon's regular attack is changed from physical to special."
xcl_family_sobble_03,Sobble Tail,True,xcl,,Species-exclusive Pokemon equipment; no corresponding Digimon-specific item in the reference.,"An exclusive item for the Sobble family. When kept in the bag, the Pokémon is more likely to evade attacks when at low HP."
xcl_family_sobble_04,Sobble Medal,True,xcl,,Species-exclusive Pokemon equipment; no corresponding Digimon-specific item in the reference.,"An exclusive item for the Sobble family. When kept in the bag, it raises the critical-hit ratio of super-effective hits."
xcl_family_solosis_00,Reuniclus Glasses,True,xcl,,Species-exclusive Pokemon equipment; no corresponding Digimon-specific item in the reference.,"An exclusive item for the Reuniclus family. When kept in the bag, the Pokémon's Psychic-type moves may lower the target's Special Defense."
xcl_family_solosis_01,Duosion Jewel,True,xcl,,Species-exclusive Pokemon equipment; no corresponding Digimon-specific item in the reference.,"An exclusive item for the Duosion family. When kept in the bag, the Pokémon's Status moves inflict the Immobilized status."
xcl_family_solosis_02,Solosis Dew,True,xcl,,Species-exclusive Pokemon equipment; no corresponding Digimon-specific item in the reference.,"An exclusive item for the Solosis family. When kept in the bag, the Pokémon can traverse water."
xcl_family_solosis_03,Solosis Beam,True,xcl,,Species-exclusive Pokemon equipment; no corresponding Digimon-specific item in the reference.,"An exclusive item for the Solosis family. When kept in the bag, stat changes inflicted on the Pokémon are passed to the Pokémon that caused it."
xcl_family_solosis_04,Solosis Seal,True,xcl,,Species-exclusive Pokemon equipment; no corresponding Digimon-specific item in the reference.,"An exclusive item for the Solosis family. When kept in the bag, the Pokémon can traverse lava without being burned."
xcl_family_spearow_00,Wing Scarf,True,xcl,,Species-exclusive Pokemon equipment; no corresponding Digimon-specific item in the reference.,"An exclusive item for the Fearow family. When kept in the bag, the Pokémon's Ground-type moves are boosted."
xcl_family_spearow_01,Fearow Collar,True,xcl,,Species-exclusive Pokemon equipment; no corresponding Digimon-specific item in the reference.,"An exclusive item for the Fearow family. When kept in the bag, it raises the critical-hit ratio of super-effective hits."
xcl_family_spearow_02,Spearow Branch,True,xcl,,Species-exclusive Pokemon equipment; no corresponding Digimon-specific item in the reference.,"An exclusive item for the Spearow family. When kept in the bag, the Pokémon is more likely to evade attacks when at low HP."
xcl_family_spearow_03,Spearow Card,True,xcl,,Species-exclusive Pokemon equipment; no corresponding Digimon-specific item in the reference.,"An exclusive item for the Spearow family. When kept in the bag, the Pokémon cannot have its Attack lowered."
xcl_family_spheal_00,Walrein Torc,True,xcl,,Species-exclusive Pokemon equipment; no corresponding Digimon-specific item in the reference.,"An exclusive item for the Walrein family. When kept in the bag, the Pokémon is protected from status conditions when the floor has the Hail status."
xcl_family_spheal_01,Sealeo Scarf,True,xcl,,Species-exclusive Pokemon equipment; no corresponding Digimon-specific item in the reference.,"An exclusive item for the Sealeo family. When kept in the bag, the Pokémon will regain HP after defeating an enemy."
xcl_family_spheal_02,Spheal Card,True,xcl,,Species-exclusive Pokemon equipment; no corresponding Digimon-specific item in the reference.,"An exclusive item for the Spheal family. When kept in the bag, it restores the PP of a move when the Pokémon reaches a new floor."
xcl_family_spheal_03,Spheal Foam,True,xcl,,Species-exclusive Pokemon equipment; no corresponding Digimon-specific item in the reference.,"An exclusive item for the Spheal family. When kept in the bag, the Pokémon's regular attacks and thrown items have a chance to inflict the Frozen status."
xcl_family_spinarak_00,Ariados Bow,True,xcl,,Species-exclusive Pokemon equipment; no corresponding Digimon-specific item in the reference.,"An exclusive item for the Ariados family. When kept in the bag, the Pokémon's Status moves inflict the Cringing status."
xcl_family_spinarak_01,Ariados Tie,True,xcl,,Species-exclusive Pokemon equipment; no corresponding Digimon-specific item in the reference.,"An exclusive item for the Ariados family. When kept in the bag, the Pokemon's moves and items that hit in a straight line will pass through walls."
xcl_family_spinarak_02,Spinarak Card,True,xcl,,Species-exclusive Pokemon equipment; no corresponding Digimon-specific item in the reference.,"An exclusive item for the Spinarak family. When kept in the bag, it raises the critical-hit ratio of not-very-effective hits."
xcl_family_spinarak_03,Spinarak Drool,True,xcl,,Species-exclusive Pokemon equipment; no corresponding Digimon-specific item in the reference.,"An exclusive item for the Spinarak family. When kept in the bag, stat changes inflicted on the Pokémon are passed to the Pokémon that caused it."
xcl_family_spinda_00,Hula Bow,True,xcl,,Species-exclusive Pokemon equipment; no corresponding Digimon-specific item in the reference.,"An exclusive item for Spinda. When kept in the bag, it prevents the Pokémon from fainting to Normal-type moves, leaving it with 1 HP."
xcl_family_spinda_01,Spinda Glasses,True,xcl,,Species-exclusive Pokemon equipment; no corresponding Digimon-specific item in the reference.,"An exclusive item for Spinda. When kept in the bag, the Pokémon is more likely to evade attacks from close up."
xcl_family_spinda_02,Spinda Card,True,xcl,,Species-exclusive Pokemon equipment; no corresponding Digimon-specific item in the reference.,"An exclusive item for Spinda. When kept in the bag, the Pokémon will not take damage from counter attacks."
xcl_family_spinda_03,Spinda Hair,True,xcl,,Species-exclusive Pokemon equipment; no corresponding Digimon-specific item in the reference.,"An exclusive item for Spinda. When kept in the bag, it allows the Pokémon's regular attack to strike twice."
xcl_family_spinda_04,Spinda Seal,True,xcl,,Species-exclusive Pokemon equipment; no corresponding Digimon-specific item in the reference.,"An exclusive item for Spinda. When kept in the bag, the Pokémon's regular attacks and thrown items have a chance to inflict the Confused status."
xcl_family_spinda_05,Spinda Coin,False,xcl,,Species-exclusive Pokemon equipment; no corresponding Digimon-specific item in the reference.,"An exclusive item for Spinda. When kept in the bag, the Pokémon will find more Hidden Stairs when exploring in dungeons."
xcl_family_spiritomb_00,Shadow Veil,True,xcl,,Species-exclusive Pokemon equipment; no corresponding Digimon-specific item in the reference.,"An exclusive item for Spiritomb. When kept in the bag, the Pokémon's Status moves inflict the Heal Block status."
xcl_family_spiritomb_01,Spiritomb Mask,True,xcl,,Species-exclusive Pokemon equipment; no corresponding Digimon-specific item in the reference.,"An exclusive item for Spiritomb. When kept in the bag, the effects of wands will fly in an arc when waved by the Pokémon."
xcl_family_spiritomb_02,Spiritomb Card,True,xcl,,Species-exclusive Pokemon equipment; no corresponding Digimon-specific item in the reference.,"An exclusive item for Spiritomb. When kept in the bag, moves used on the Pokémon are more intensely affected by type match-ups."
xcl_family_spiritomb_03,Spiritomb Dust,True,xcl,,Species-exclusive Pokemon equipment; no corresponding Digimon-specific item in the reference.,"An exclusive item for Spiritomb. When kept in the bag, the Pokémon is prevented from being forced off its location."
xcl_family_spiritomb_04,Spiritomb Seal,True,xcl,,Species-exclusive Pokemon equipment; no corresponding Digimon-specific item in the reference.,"An exclusive item for Spiritomb. When kept in the bag, the Pokémon will more easily dodge attacks if its previous move missed."
xcl_family_spoink_00,Scheme Scarf,True,xcl,,Species-exclusive Pokemon equipment; no corresponding Digimon-specific item in the reference.,"An exclusive item for the Grumpig family. When kept in the bag, it reduces damage done by Dark-type attacks."
xcl_family_spoink_01,Grumpig Bow,True,xcl,,Species-exclusive Pokemon equipment; no corresponding Digimon-specific item in the reference.,"An exclusive item for the Grumpig family. When kept in the bag, the Pokémon is more likely to evade attacks from far away."
xcl_family_spoink_02,Spoink Card,True,xcl,,Species-exclusive Pokemon equipment; no corresponding Digimon-specific item in the reference.,"An exclusive item for the Spoink family. When kept in the bag, the Pokémon gets an extra 2PP to all of its moves."
xcl_family_spoink_03,Spoink Tail,True,xcl,,Species-exclusive Pokemon equipment; no corresponding Digimon-specific item in the reference.,"An exclusive item for the Spoink family. When kept in the bag, the Pokémon's regular attacks and thrown items have a chance to inflict the Confused status."
xcl_family_spoink_04,Spoink Charm,True,xcl,,Species-exclusive Pokemon equipment; no corresponding Digimon-specific item in the reference.,"An exclusive item for the Spoink family. When kept in the bag, the Pokémon will be able to move when charging attacks."
xcl_family_spoink_05,Grumpig Ring,False,xcl,,Species-exclusive Pokemon equipment; no corresponding Digimon-specific item in the reference.,"An exclusive item for the Grumpig family. When kept in the bag, the Pokémon will find more \uE024 when exploring in dungeons."
xcl_family_squirtle_00,Hydro Band,True,xcl,,Species-exclusive Pokemon equipment; no corresponding Digimon-specific item in the reference.,"An exclusive item for the Blastoise family. When kept in the bag, it reduces damage done by Electric-type attacks."
xcl_family_squirtle_01,Bubble Bangle,True,xcl,,Species-exclusive Pokemon equipment; no corresponding Digimon-specific item in the reference.,"An exclusive item for the Wartortle family. When kept in the bag, the Pokémon's natural HP-recovery speed is boosted."
xcl_family_squirtle_02,Squirtle Foam,True,xcl,,Species-exclusive Pokemon equipment; no corresponding Digimon-specific item in the reference.,"An exclusive item for the Squirtle family. When kept in the bag, it restores the PP of a move when the Pokémon reaches a new floor."
xcl_family_squirtle_03,Squirtle Card,True,xcl,,Species-exclusive Pokemon equipment; no corresponding Digimon-specific item in the reference.,"An exclusive item for the Squirtle family. When kept in the bag, the Pokémon's regular attack cannot miss."
xcl_family_squirtle_04,Water Guard,True,xcl,,Species-exclusive Pokemon equipment; no corresponding Digimon-specific item in the reference.,"An exclusive item for the Squirtle family. When kept in the bag, the Pokémon will counter damage from regular attacks and thrown items."
xcl_family_squirtle_05,Wartortle Crest,False,xcl,,Species-exclusive Pokemon equipment; no corresponding Digimon-specific item in the reference.,An exclusive item for the Wartortle family. 
xcl_family_stakataka_00,Ultra Shield,False,xcl,,Species-exclusive Pokemon equipment; no corresponding Digimon-specific item in the reference.,"An exclusive item for Stakataka. When kept in the bag, it prevents the Pokémon from fainting to Fighting-type moves, leaving it with 1 HP."
xcl_family_stakataka_01,Stakataka Rock,False,xcl,,Species-exclusive Pokemon equipment; no corresponding Digimon-specific item in the reference.,"An exclusive item for Stakataka. When kept in the bag, it restores the PP of all moves when the Pokémon reaches a new floor."
xcl_family_stakataka_02,Stakataka Pebble,False,xcl,,Species-exclusive Pokemon equipment; no corresponding Digimon-specific item in the reference.,"An exclusive item for Stakataka. When kept in the bag, the Pokémon will do increased damage if its previous move missed."
xcl_family_stakataka_03,Stakataka Shard,False,xcl,,Species-exclusive Pokemon equipment; no corresponding Digimon-specific item in the reference.,"An exclusive item for Stakataka. When kept in the bag, the Pokémon is more likely to evade attacks from far away."
xcl_family_stantler_00,Delusion Bow,True,xcl,,Species-exclusive Pokemon equipment; no corresponding Digimon-specific item in the reference.,"An exclusive item for Stantler. When kept in the bag, the Pokémon's Status moves inflict the Cringing status."
xcl_family_stantler_01,Stantler Crown,True,xcl,,Species-exclusive Pokemon equipment; no corresponding Digimon-specific item in the reference.,"An exclusive item for Stantler. When kept in the bag, status problems inflicted on the Pokémon are passed to the Pokémon that caused it."
xcl_family_stantler_02,Stantler Beam,True,xcl,,Species-exclusive Pokemon equipment; no corresponding Digimon-specific item in the reference.,"An exclusive item for Stantler. When kept in the bag, the Pokémon will not take damage from counter attacks."
xcl_family_stantler_03,Stantler Card,True,xcl,,Species-exclusive Pokemon equipment; no corresponding Digimon-specific item in the reference.,"An exclusive item for Stantler. When kept in the bag, it allows the Pokémon's regular attack to strike twice."
xcl_family_stantler_04,Stantler Crest,True,xcl,,Species-exclusive Pokemon equipment; no corresponding Digimon-specific item in the reference.,"An exclusive item for Stantler. When kept in the bag, the Pokemon's moves and items that hit in a straight line cannot damage allies."
xcl_family_starly_00,Guts Sash,True,xcl,,Species-exclusive Pokemon equipment; no corresponding Digimon-specific item in the reference.,"An exclusive item for the Staraptor family. When kept in the bag, the Pokémon's Fighting-type moves are boosted."
xcl_family_starly_01,Regret Torc,True,xcl,,Species-exclusive Pokemon equipment; no corresponding Digimon-specific item in the reference.,"An exclusive item for the Staravia family. When kept in the bag, the Pokémon is protected from weather damage."
xcl_family_starly_02,Starly Wing,True,xcl,,Species-exclusive Pokemon equipment; no corresponding Digimon-specific item in the reference.,"An exclusive item for the Starly family. When kept in the bag, it allows the Pokémon's regular attack to strike twice."
xcl_family_starly_03,Starly Branch,True,xcl,,Species-exclusive Pokemon equipment; no corresponding Digimon-specific item in the reference.,"An exclusive item for the Starly family. When kept in the bag, the Pokémon's moves are more intensely affected by type match-ups."
xcl_family_staryu_00,Starmie Belt,True,xcl,,Species-exclusive Pokemon equipment; no corresponding Digimon-specific item in the reference.,"An exclusive item for the Starmie family. When kept in the bag, it inflicts the Confused status on the attacker when the Pokémon is hit with a Electric-type move."
xcl_family_staryu_01,Starmie Bow,True,xcl,,Species-exclusive Pokemon equipment; no corresponding Digimon-specific item in the reference.,"An exclusive item for the Starmie family. When kept in the bag, the effects of wands will spread out like a fan when waved by the Pokémon."
xcl_family_staryu_02,Staryu Card,True,xcl,,Species-exclusive Pokemon equipment; no corresponding Digimon-specific item in the reference.,"An exclusive item for the Staryu family. When kept in the bag, the Pokémon's moves are more intensely affected by type match-ups."
xcl_family_staryu_03,Staryu Horn,True,xcl,,Species-exclusive Pokemon equipment; no corresponding Digimon-specific item in the reference.,"An exclusive item for the Staryu family. When kept in the bag, the Pokémon is more likely to evade attacks when at low HP."
xcl_family_staryu_04,Staryu Jewel,True,xcl,,Species-exclusive Pokemon equipment; no corresponding Digimon-specific item in the reference.,"An exclusive item for the Staryu family. When kept in the bag, the Pokemon's moves and items that hit in a straight line cannot damage allies."
xcl_family_stunky_00,Skuntank Sash,True,xcl,,Species-exclusive Pokemon equipment; no corresponding Digimon-specific item in the reference.,"An exclusive item for the Skuntank family. When kept in the bag, it inflicts the Torment status on the attacker when the Pokémon is hit with a Ground-type move."
xcl_family_stunky_01,Skuntank Scarf,True,xcl,,Species-exclusive Pokemon equipment; no corresponding Digimon-specific item in the reference.,"An exclusive item for the Skuntank family. When kept in the bag, the Pokemon's moves and items that hit in a straight line will pass through walls."
xcl_family_stunky_02,Stunky Claw,True,xcl,,Species-exclusive Pokemon equipment; no corresponding Digimon-specific item in the reference.,"An exclusive item for the Stunky family. When kept in the bag, the Pokémon will not take damage from counter attacks."
xcl_family_stunky_03,Stunky Fang,True,xcl,,Species-exclusive Pokemon equipment; no corresponding Digimon-specific item in the reference.,"An exclusive item for the Stunky family. When kept in the bag, the Pokémon becomes immune to the Burned status."
xcl_family_stunky_04,Stunky Dust,True,xcl,,Species-exclusive Pokemon equipment; no corresponding Digimon-specific item in the reference.,"An exclusive item for the Stunky family. When kept in the bag, the Pokemon's moves and items that hit in a straight line cannot damage allies."
xcl_family_sudowoodo_00,Fake Torc,True,xcl,,Species-exclusive Pokemon equipment; no corresponding Digimon-specific item in the reference.,"An exclusive item for the Sudowoodo family. When kept in the bag, it prevents the Pokémon from fainting to Water-type moves, leaving it with 1 HP."
xcl_family_sudowoodo_01,Sudowoodo Scarf,True,xcl,,Species-exclusive Pokemon equipment; no corresponding Digimon-specific item in the reference.,"An exclusive item for the Sudowoodo family. When kept in the bag, the Pokémon's natural HP-recovery speed is boosted."
xcl_family_sudowoodo_02,Bonsly Dew,True,xcl,,Species-exclusive Pokemon equipment; no corresponding Digimon-specific item in the reference.,"An exclusive item for the Bonsly family. When kept in the bag, the Pokémon's regular attack cannot miss."
xcl_family_sudowoodo_03,Bonsly Card,True,xcl,,Species-exclusive Pokemon equipment; no corresponding Digimon-specific item in the reference.,"An exclusive item for the Bonsly family. When kept in the bag, the Pokémon's attacks never miss and always land a critical hit if all moves have the same PP."
xcl_family_sudowoodo_04,Arid Tag,True,xcl,,Species-exclusive Pokemon equipment; no corresponding Digimon-specific item in the reference.,"An exclusive item for the Bonsly family. When kept in the bag, the Pokemon's moves and items that hit in a straight line cannot damage allies."
xcl_family_sudowoodo_05,Drain Rock,False,xcl,,Species-exclusive Pokemon equipment; no corresponding Digimon-specific item in the reference.,An exclusive item for the Sudowoodo family. 
xcl_family_sunkern_00,Sun Scarf,True,xcl,,Species-exclusive Pokemon equipment; no corresponding Digimon-specific item in the reference.,"An exclusive item for the Sunflora family. When kept in the bag, the Pokémon is protected from status conditions when the floor has the Sunny status."
xcl_family_sunkern_01,Sunflora Ruff,True,xcl,,Species-exclusive Pokemon equipment; no corresponding Digimon-specific item in the reference.,"An exclusive item for the Sunflora family. When kept in the bag, the Pokémon can traverse water, lava, and pits."
xcl_family_sunkern_02,Sunkern Card,True,xcl,,Species-exclusive Pokemon equipment; no corresponding Digimon-specific item in the reference.,"An exclusive item for the Sunkern family. When kept in the bag, it raises the critical-hit ratio of not-very-effective hits."
xcl_family_sunkern_03,Sunkern Leaf,True,xcl,,Species-exclusive Pokemon equipment; no corresponding Digimon-specific item in the reference.,"An exclusive item for the Sunkern family. When kept in the bag, the Pokémon has a higher chance of recruiting wild Pokémon."
xcl_family_sunkern_04,Sunkern Aroma,True,xcl,,Species-exclusive Pokemon equipment; no corresponding Digimon-specific item in the reference.,"An exclusive item for the Sunkern family. When kept in the bag, the Pokémon takes reduced damage from multiple attacks in a turn."
xcl_family_surskit_00,Masquerain Bow,True,xcl,,Species-exclusive Pokemon equipment; no corresponding Digimon-specific item in the reference.,"An exclusive item for the Masquerain family. When kept in the bag, the Pokémon's stat-changing moves are spread to allies."
xcl_family_surskit_01,Masquerain Tiara,True,xcl,,Species-exclusive Pokemon equipment; no corresponding Digimon-specific item in the reference.,"An exclusive item for the Masquerain family. When kept in the bag, the Pokémon's Water-type moves are boosted."
xcl_family_surskit_02,Surskit Card,True,xcl,,Species-exclusive Pokemon equipment; no corresponding Digimon-specific item in the reference.,"An exclusive item for the Surskit family. When kept in the bag, the Pokémon's regular attack will hit the front and sides."
xcl_family_surskit_03,Surskit Foam,True,xcl,,Species-exclusive Pokemon equipment; no corresponding Digimon-specific item in the reference.,"An exclusive item for the Surskit family. When kept in the bag, the Pokémon is more likely to evade attacks from far away."
xcl_family_swablu_00,Cloud Ruff,True,xcl,,Species-exclusive Pokemon equipment; no corresponding Digimon-specific item in the reference.,"An exclusive item for the Altaria family. When kept in the bag, the Pokémon cannot damage allies with its moves."
xcl_family_swablu_01,Altaria Tiara,True,xcl,,Species-exclusive Pokemon equipment; no corresponding Digimon-specific item in the reference.,"An exclusive item for the Altaria family. When kept in the bag, the Pokémon is more likely to evade attacks from far away."
xcl_family_swablu_02,Swablu Card,True,xcl,,Species-exclusive Pokemon equipment; no corresponding Digimon-specific item in the reference.,"An exclusive item for the Swablu family. When kept in the bag, the Pokémon has a higher chance of recruiting wild Pokémon."
xcl_family_swablu_03,Swablu Wing,True,xcl,,Species-exclusive Pokemon equipment; no corresponding Digimon-specific item in the reference.,"An exclusive item for the Swablu family. When kept in the bag, it restores the PP of a move when the Pokémon reaches a new floor."
xcl_family_swinub_00,Glacier Cape,True,xcl,,Species-exclusive Pokemon equipment; no corresponding Digimon-specific item in the reference.,"An exclusive item for the Mamoswine family. When kept in the bag, the Pokémon's Rock-type moves are boosted."
xcl_family_swinub_01,Frost Torc,True,xcl,,Species-exclusive Pokemon equipment; no corresponding Digimon-specific item in the reference.,"An exclusive item for the Piloswine family. When kept in the bag, the Pokémon will be able to move again after defeating an enemy."
xcl_family_swinub_02,Swinub Card,True,xcl,,Species-exclusive Pokemon equipment; no corresponding Digimon-specific item in the reference.,"An exclusive item for the Swinub family. When kept in the bag, it reveals the number of items laying on the ground whenever the Pokémon reaches a new floor."
xcl_family_swinub_03,Swinub Hair,True,xcl,,Species-exclusive Pokemon equipment; no corresponding Digimon-specific item in the reference.,"An exclusive item for the Swinub family. When kept in the bag, the Pokémon's moves are more intensely affected by type match-ups."
xcl_family_taillow_00,Midair Scarf,True,xcl,,Species-exclusive Pokemon equipment; no corresponding Digimon-specific item in the reference.,"An exclusive item for the Swellow family. When kept in the bag, the Pokémon's Attack Range is increased when the floor has the Clear status."
xcl_family_taillow_01,Swellow Bow,True,xcl,,Species-exclusive Pokemon equipment; no corresponding Digimon-specific item in the reference.,"An exclusive item for the Swellow family. When kept in the bag, the Pokémon cannot damage allies with its moves."
xcl_family_taillow_02,Taillow Card,True,xcl,,Species-exclusive Pokemon equipment; no corresponding Digimon-specific item in the reference.,"An exclusive item for the Taillow family. When kept in the bag, it raises the critical-hit ratio of not-very-effective hits."
xcl_family_taillow_03,Taillow Wing,True,xcl,,Species-exclusive Pokemon equipment; no corresponding Digimon-specific item in the reference.,"An exclusive item for the Taillow family. When kept in the bag, it changes the Pokémon's lunging moves into two weaker strikes."
xcl_family_tandemaus_00,Maushold Hat,True,xcl,,Species-exclusive Pokemon equipment; no corresponding Digimon-specific item in the reference.,"An exclusive item for the Maushold family. When kept in the bag, it prevents the Pokémon from fainting to Fighting-type moves, leaving it with 1 HP."
xcl_family_tandemaus_01,Maushold Tag,True,xcl,,Species-exclusive Pokemon equipment; no corresponding Digimon-specific item in the reference.,"An exclusive item for the Maushold family. When kept in the bag, the Pokémon will be able to move again after defeating an enemy."
xcl_family_tandemaus_02,Tandemaus Hair,True,xcl,,Species-exclusive Pokemon equipment; no corresponding Digimon-specific item in the reference.,"An exclusive item for the Tandemaus family. When kept in the bag, the Pokémon will not take damage from counter attacks."
xcl_family_tandemaus_03,Tandemaus Fang,True,xcl,,Species-exclusive Pokemon equipment; no corresponding Digimon-specific item in the reference.,"An exclusive item for the Tandemaus family. When kept in the bag, it allows the Pokémon's regular attack to strike twice."
xcl_family_tandemaus_04,Tandemaus Guard,True,xcl,,Species-exclusive Pokemon equipment; no corresponding Digimon-specific item in the reference.,"An exclusive item for the Tandemaus family. When kept in the bag, the Pokémon is more likely to evade attacks from far away."
xcl_family_tangela_00,Clinging Bow,True,xcl,,Species-exclusive Pokemon equipment; no corresponding Digimon-specific item in the reference.,"An exclusive item for the Tangrowth family. When kept in the bag, it inflicts the Immobilized status on the attacker when the Pokémon is hit with a Bug-type move."
xcl_family_tangela_01,Tangrowth Coat,True,xcl,,Species-exclusive Pokemon equipment; no corresponding Digimon-specific item in the reference.,"An exclusive item for the Tangrowth family. When kept in the bag, the Pokémon's natural HP-recovery speed is boosted."
xcl_family_tangela_02,Tangela Card,True,xcl,,Species-exclusive Pokemon equipment; no corresponding Digimon-specific item in the reference.,"An exclusive item for the Tangela family. When kept in the bag, the Pokémon takes reduced damage from multiple attacks in a turn."
xcl_family_tangela_03,Tangela Shoot,True,xcl,,Species-exclusive Pokemon equipment; no corresponding Digimon-specific item in the reference.,"An exclusive item for the Tangela family. When kept in the bag, the Pokémon will more easily dodge attacks if its previous move missed."
xcl_family_tauros_miltank_00,Rushing Bow,True,xcl,,Species-exclusive Pokemon equipment; no corresponding Digimon-specific item in the reference.,"An exclusive item for Tauros. When kept in the bag, the Pokémon will recover from status effects after defeating an enemy."
xcl_family_tauros_miltank_01,Milky Scarf,True,xcl,,Species-exclusive Pokemon equipment; no corresponding Digimon-specific item in the reference.,"An exclusive item for Miltank. When kept in the bag, it warps the attackers away when the Pokémon is hit with a Fighting-type move."
xcl_family_tauros_miltank_02,Tauros Tail,True,xcl,,Species-exclusive Pokemon equipment; no corresponding Digimon-specific item in the reference.,"An exclusive item for Tauros, and Miltank. When kept in the bag, it raises the critical-hit ratio of not-very-effective hits."
xcl_family_tauros_miltank_03,Miltank Card,True,xcl,,Species-exclusive Pokemon equipment; no corresponding Digimon-specific item in the reference.,"An exclusive item for Tauros, and Miltank. When kept in the bag, the Pokémon will do increased damage if its previous move missed."
xcl_family_tauros_miltank_04,Tauros Crest,True,xcl,,Species-exclusive Pokemon equipment; no corresponding Digimon-specific item in the reference.,"An exclusive item for Tauros, and Miltank. When kept in the bag, the Pokémon's regular attack will throw opponents back."
xcl_family_tauros_miltank_05,Miltank Seal,True,xcl,,Species-exclusive Pokemon equipment; no corresponding Digimon-specific item in the reference.,"An exclusive item for Tauros, and Miltank. When kept in the bag, the Pokémon will regain HP after defeating an enemy."
xcl_family_tauros_miltank_06,Field Crest,False,xcl,,Species-exclusive Pokemon equipment; no corresponding Digimon-specific item in the reference.,"An exclusive item for Tauros, and Miltank. When kept in the bag, it changes the Pokémon's regular attack into a dash."
xcl_family_teddiursa_00,Hiber Scarf,True,xcl,,Species-exclusive Pokemon equipment; no corresponding Digimon-specific item in the reference.,"An exclusive item for the Ursaring family. When kept in the bag, the Pokémon's Status moves inflict the Yawning status."
xcl_family_teddiursa_01,Ursaring Bow,True,xcl,,Species-exclusive Pokemon equipment; no corresponding Digimon-specific item in the reference.,"An exclusive item for the Ursaring family. When kept in the bag, the Pokémon's natural HP-recovery speed is boosted."
xcl_family_teddiursa_02,Teddiursa Card,True,xcl,,Species-exclusive Pokemon equipment; no corresponding Digimon-specific item in the reference.,"An exclusive item for the Teddiursa family. When kept in the bag, it reveals the number of items laying on the ground whenever the Pokémon reaches a new floor."
xcl_family_teddiursa_03,Teddiursa Claw,True,xcl,,Species-exclusive Pokemon equipment; no corresponding Digimon-specific item in the reference.,"An exclusive item for the Teddiursa family. When kept in the bag, the Pokémon will do increased damage if its previous move missed."
xcl_family_teddiursa_04,Honey Rock,True,xcl,,Species-exclusive Pokemon equipment; no corresponding Digimon-specific item in the reference.,"An exclusive item for the Teddiursa family. When kept in the bag, it reveals the direction of the staircase whenever the Pokémon reaches a new floor."
xcl_family_teddiursa_05,Calming Rock,False,xcl,,Species-exclusive Pokemon equipment; no corresponding Digimon-specific item in the reference.,An exclusive item for the Ursaring family. 
xcl_family_tentacool_00,Tentacruel Cape,True,xcl,,Species-exclusive Pokemon equipment; no corresponding Digimon-specific item in the reference.,"An exclusive item for the Tentacruel family. When kept in the bag, it warps the attackers away when the Pokémon is hit with a Ground-type move."
xcl_family_tentacool_01,Tentacruel Veil,True,xcl,,Species-exclusive Pokemon equipment; no corresponding Digimon-specific item in the reference.,"An exclusive item for the Tentacruel family. When kept in the bag, the Pokémon becomes immune to the Paralyzed status."
xcl_family_tentacool_02,Tentacool Foam,True,xcl,,Species-exclusive Pokemon equipment; no corresponding Digimon-specific item in the reference.,"An exclusive item for the Tentacool family. When kept in the bag, the Pokémon is prevented from being forced off its location."
xcl_family_tentacool_03,Tentacool Card,True,xcl,,Species-exclusive Pokemon equipment; no corresponding Digimon-specific item in the reference.,"An exclusive item for the Tentacool family. When kept in the bag, the Pokémon's regular attacks and thrown items have a chance to inflict the Poisoned status."
xcl_family_tentacool_04,Tentacool Jewel,False,xcl,,Species-exclusive Pokemon equipment; no corresponding Digimon-specific item in the reference.,An exclusive item for the Tentacool family. 
xcl_family_tepig_00,Emboar Belt,True,xcl,,Species-exclusive Pokemon equipment; no corresponding Digimon-specific item in the reference.,"An exclusive item for the Emboar family. When kept in the bag, it prevents the Pokémon from fainting to Psychic-type moves, leaving it with 1 HP."
xcl_family_tepig_01,Pignite Guard,True,xcl,,Species-exclusive Pokemon equipment; no corresponding Digimon-specific item in the reference.,"An exclusive item for the Pignite family. When kept in the bag, the Pokémon becomes immune to the Cringing status."
xcl_family_tepig_02,Tepig Hair,True,xcl,,Species-exclusive Pokemon equipment; no corresponding Digimon-specific item in the reference.,"An exclusive item for the Tepig family. When kept in the bag, the Pokémon is prevented from being forced off its location."
xcl_family_tepig_03,Tepig Fang,True,xcl,,Species-exclusive Pokemon equipment; no corresponding Digimon-specific item in the reference.,"An exclusive item for the Tepig family. When kept in the bag, the Pokémon's regular attack will hit the front and sides."
xcl_family_tepig_04,Tepig Rock,True,xcl,,Species-exclusive Pokemon equipment; no corresponding Digimon-specific item in the reference.,"An exclusive item for the Tepig family. When kept in the bag, the Pokémon's regular attack will knock opponents back."
xcl_family_tinkatink_00,Tinkaton Armlet,True,xcl,,Species-exclusive Pokemon equipment; no corresponding Digimon-specific item in the reference.,"An exclusive item for the Tinkaton family. When kept in the bag, the Pokémon's regular attack explodes outwards with splash damage."
xcl_family_tinkatink_01,Tinkatuff Ore,True,xcl,,Species-exclusive Pokemon equipment; no corresponding Digimon-specific item in the reference.,"An exclusive item for the Tinkatuff family. When kept in the bag, the Pokémon's moves will destroy traps."
xcl_family_tinkatink_02,Tinkatink Card,True,xcl,,Species-exclusive Pokemon equipment; no corresponding Digimon-specific item in the reference.,"An exclusive item for the Tinkatink family. When kept in the bag, the Pokémon will do increased damage if its previous move missed."
xcl_family_tinkatink_03,Tinkatink Hair,True,xcl,,Species-exclusive Pokemon equipment; no corresponding Digimon-specific item in the reference.,"An exclusive item for the Tinkatink family. When kept in the bag, it restores the PP of a move when the Pokémon reaches a new floor."
xcl_family_tinkatink_04,Tinkatink Shard,True,xcl,,Species-exclusive Pokemon equipment; no corresponding Digimon-specific item in the reference.,"An exclusive item for the Tinkatink family. When kept in the bag, the Pokémon will damage nearby enemies after defeating an enemy."
xcl_family_togedemaru_00,Togedemaru Coat,True,xcl,,Species-exclusive Pokemon equipment; no corresponding Digimon-specific item in the reference.,"An exclusive item for Togedemaru. When kept in the bag, the Pokémon scatters Spikes when hit by a Physical attack."
xcl_family_togedemaru_01,Togedemaru Jaw,True,xcl,,Species-exclusive Pokemon equipment; no corresponding Digimon-specific item in the reference.,"An exclusive item for Togedemaru. When kept in the bag, the Pokémon's HP is restored when it eats a food item."
xcl_family_togedemaru_02,Togedemaru Fang,True,xcl,,Species-exclusive Pokemon equipment; no corresponding Digimon-specific item in the reference.,"An exclusive item for Togedemaru. When kept in the bag, it raises the critical-hit ratio of not-very-effective hits."
xcl_family_togedemaru_03,Togedemaru Hair,True,xcl,,Species-exclusive Pokemon equipment; no corresponding Digimon-specific item in the reference.,"An exclusive item for Togedemaru. When kept in the bag, the Pokémon will more easily dodge attacks if its previous move missed."
xcl_family_togepi_00,Glitter Robe,True,xcl,,Species-exclusive Pokemon equipment; no corresponding Digimon-specific item in the reference.,"An exclusive item for the Togekiss family. When kept in the bag, it increases the Pokémon's luck when using Metronome."
xcl_family_togepi_01,Luck Brooch,True,xcl,,Species-exclusive Pokemon equipment; no corresponding Digimon-specific item in the reference.,"An exclusive item for the Togetic family. When kept in the bag, it raises the critical-hit ratio of super-effective hits."
xcl_family_togepi_02,Togepi Dew,True,xcl,,Species-exclusive Pokemon equipment; no corresponding Digimon-specific item in the reference.,"An exclusive item for the Togepi family. When kept in the bag, it raises the critical-hit ratio of not-very-effective hits."
xcl_family_togepi_03,Togepi Card,True,xcl,,Species-exclusive Pokemon equipment; no corresponding Digimon-specific item in the reference.,"An exclusive item for the Togepi family. When kept in the bag, the category of the Pokémon's regular attack is changed from physical to special."
xcl_family_togepi_04,Pure Heart,True,xcl,,Species-exclusive Pokemon equipment; no corresponding Digimon-specific item in the reference.,"An exclusive item for the Togepi family. When kept in the bag, the Pokémon will more easily dodge attacks if its previous move missed."
xcl_family_togepi_05,Happy Rock,False,xcl,,Species-exclusive Pokemon equipment; no corresponding Digimon-specific item in the reference.,An exclusive item for the Togetic family. 
xcl_family_torchic_00,Blaziken Torc,False,xcl,,Species-exclusive Pokemon equipment; no corresponding Digimon-specific item in the reference.,"An exclusive item for the Blaziken family. When kept in the bag, the Pokémon's Flying-type moves are boosted."
xcl_family_torchic_01,Gutsy Band,False,xcl,,Species-exclusive Pokemon equipment; no corresponding Digimon-specific item in the reference.,"An exclusive item for the Combusken family. When kept in the bag, the Pokémon is more likely to evade attacks from close up."
xcl_family_torchic_02,Torchic Card,False,xcl,,Species-exclusive Pokemon equipment; no corresponding Digimon-specific item in the reference.,"An exclusive item for the Torchic family. When kept in the bag, it reveals the number of items laying on the ground whenever the Pokémon reaches a new floor."
xcl_family_torchic_03,Torchic Hair,False,xcl,,Species-exclusive Pokemon equipment; no corresponding Digimon-specific item in the reference.,"An exclusive item for the Torchic family. When kept in the bag, the Pokémon's moves are more intensely affected by type match-ups."
xcl_family_torchic_04,Hot Pebble,False,xcl,,Species-exclusive Pokemon equipment; no corresponding Digimon-specific item in the reference.,"An exclusive item for the Torchic family. When kept in the bag, it raises the critical-hit ratio of super-effective hits."
xcl_family_torchic_05,Charge Tag,False,xcl,,Species-exclusive Pokemon equipment; no corresponding Digimon-specific item in the reference.,An exclusive item for the Combusken family. 
xcl_family_torkoal_00,Sooty Sash,True,xcl,,Species-exclusive Pokemon equipment; no corresponding Digimon-specific item in the reference.,"An exclusive item for Torkoal. When kept in the bag, it inflicts the Blinker status on the attacker when the Pokémon is hit with a Ground-type move."
xcl_family_torkoal_01,Torkoal Ruff,True,xcl,,Species-exclusive Pokemon equipment; no corresponding Digimon-specific item in the reference.,"An exclusive item for Torkoal. When kept in the bag, the Pokémon is protected from status conditions when the floor has the Sunny status."
xcl_family_torkoal_02,Torkoal Card,True,xcl,,Species-exclusive Pokemon equipment; no corresponding Digimon-specific item in the reference.,"An exclusive item for Torkoal. When kept in the bag, the Pokémon will more easily dodge attacks if its previous move missed."
xcl_family_torkoal_03,Torkoal Beam,True,xcl,,Species-exclusive Pokemon equipment; no corresponding Digimon-specific item in the reference.,"An exclusive item for Torkoal. When kept in the bag, the Pokémon is prevented from being forced off its location."
xcl_family_totodile_00,Feraligatr Torc,True,xcl,,Species-exclusive Pokemon equipment; no corresponding Digimon-specific item in the reference.,"An exclusive item for the Feraligatr family. When kept in the bag, the Pokémon will recover from status effects after defeating an enemy."
xcl_family_totodile_01,Anger Scarf,True,xcl,,Species-exclusive Pokemon equipment; no corresponding Digimon-specific item in the reference.,"An exclusive item for the Croconaw family. When kept in the bag, the Pokémon will damage nearby enemies after defeating an enemy."
xcl_family_totodile_02,Totodile Fang,True,xcl,,Species-exclusive Pokemon equipment; no corresponding Digimon-specific item in the reference.,"An exclusive item for the Totodile family. When kept in the bag, it restores the PP of a move when the Pokémon reaches a new floor."
xcl_family_totodile_03,Totodile Dew,True,xcl,,Species-exclusive Pokemon equipment; no corresponding Digimon-specific item in the reference.,"An exclusive item for the Totodile family. When kept in the bag, the Pokémon takes reduced damage from multiple attacks in a turn."
xcl_family_totodile_04,Water Heart,True,xcl,,Species-exclusive Pokemon equipment; no corresponding Digimon-specific item in the reference.,"An exclusive item for the Totodile family. When kept in the bag, the Pokemon's moves and items that hit in a straight line cannot damage allies."
xcl_family_totodile_05,Swirl Rock,False,xcl,,Species-exclusive Pokemon equipment; no corresponding Digimon-specific item in the reference.,An exclusive item for the Croconaw family. 
xcl_family_toxel_00,Toxtricity Mask,True,xcl,,Species-exclusive Pokemon equipment; no corresponding Digimon-specific item in the reference.,"An exclusive item for the Toxtricity family. When kept in the bag, the Pokémon cannot damage allies with its moves."
xcl_family_toxel_01,Toxtricity Brooch,True,xcl,,Species-exclusive Pokemon equipment; no corresponding Digimon-specific item in the reference.,"An exclusive item for the Toxtricity family. When kept in the bag, the Pokémon gains the Sleepless status after using a Special move."
xcl_family_toxel_02,Toxel Card,True,xcl,,Species-exclusive Pokemon equipment; no corresponding Digimon-specific item in the reference.,"An exclusive item for the Toxel family. When kept in the bag, the Pokémon will do increased damage if its previous move missed."
xcl_family_toxel_03,Toxel Claw,True,xcl,,Species-exclusive Pokemon equipment; no corresponding Digimon-specific item in the reference.,"An exclusive item for the Toxel family. When kept in the bag, the Pokémon's moves are more intensely affected by type match-ups."
xcl_family_toxel_04,Toxel Guard,True,xcl,,Species-exclusive Pokemon equipment; no corresponding Digimon-specific item in the reference.,"An exclusive item for the Toxel family. When kept in the bag, the Pokémon becomes extremely likely to avoid Ground-type attacks."
xcl_family_trapinch_00,Red Glasses,True,xcl,,Species-exclusive Pokemon equipment; no corresponding Digimon-specific item in the reference.,"An exclusive item for the Flygon family. When kept in the bag, the Pokémon will recover from status effects after defeating an enemy."
xcl_family_trapinch_01,Vibrava Scarf,True,xcl,,Species-exclusive Pokemon equipment; no corresponding Digimon-specific item in the reference.,"An exclusive item for the Vibrava family. When kept in the bag, the Pokémon's moves will destroy traps."
xcl_family_trapinch_02,Trapinch Card,True,xcl,,Species-exclusive Pokemon equipment; no corresponding Digimon-specific item in the reference.,"An exclusive item for the Trapinch family. When kept in the bag, it reveals the number of items laying on the ground whenever the Pokémon reaches a new floor."
xcl_family_trapinch_03,Trapinch Mud,True,xcl,,Species-exclusive Pokemon equipment; no corresponding Digimon-specific item in the reference.,"An exclusive item for the Trapinch family. When kept in the bag, items thrown by the Pokémon will pierce through enemies."
xcl_family_treecko_00,Drain Bangle,True,xcl,,Species-exclusive Pokemon equipment; no corresponding Digimon-specific item in the reference.,"An exclusive item for the Sceptile family. When kept in the bag, the Pokémon's natural HP-recovery speed is boosted."
xcl_family_treecko_01,Grovyle Blade,True,xcl,,Species-exclusive Pokemon equipment; no corresponding Digimon-specific item in the reference.,"An exclusive item for the Grovyle family. When kept in the bag, the Pokémon recovers faster from status problems."
xcl_family_treecko_02,Treecko Card,True,xcl,,Species-exclusive Pokemon equipment; no corresponding Digimon-specific item in the reference.,"An exclusive item for the Treecko family. When kept in the bag, it raises the critical-hit ratio of not-very-effective hits."
xcl_family_treecko_03,Treecko Thorn,True,xcl,,Species-exclusive Pokemon equipment; no corresponding Digimon-specific item in the reference.,"An exclusive item for the Treecko family. When kept in the bag, the Pokémon will regain HP after defeating an enemy."
xcl_family_treecko_04,Forest Ore,True,xcl,,Species-exclusive Pokemon equipment; no corresponding Digimon-specific item in the reference.,"An exclusive item for the Treecko family. When kept in the bag, the Pokemon's moves and items that hit in a straight line cannot damage allies."
xcl_family_treecko_05,Jungle Tag,False,xcl,,Species-exclusive Pokemon equipment; no corresponding Digimon-specific item in the reference.,An exclusive item for the Grovyle family. 
xcl_family_tropius_00,Tropius Bow,True,xcl,,Species-exclusive Pokemon equipment; no corresponding Digimon-specific item in the reference.,"An exclusive item for Tropius. When kept in the bag, the Pokémon cannot damage allies with its moves."
xcl_family_tropius_01,Tropius Hat,True,xcl,,Species-exclusive Pokemon equipment; no corresponding Digimon-specific item in the reference.,"An exclusive item for Tropius. When kept in the bag, the Pokémon is more likely to evade attacks from far away."
xcl_family_tropius_02,Tropius Wing,True,xcl,,Species-exclusive Pokemon equipment; no corresponding Digimon-specific item in the reference.,"An exclusive item for Tropius. When kept in the bag, the Pokémon will more easily dodge attacks if its previous move missed."
xcl_family_tropius_03,Tropius Card,True,xcl,,Species-exclusive Pokemon equipment; no corresponding Digimon-specific item in the reference.,"An exclusive item for Tropius. When kept in the bag, it restores the PP of a move when the Pokémon reaches a new floor."
xcl_family_tropius_04,Tropius Aroma,True,xcl,,Species-exclusive Pokemon equipment; no corresponding Digimon-specific item in the reference.,"An exclusive item for Tropius. When kept in the bag, the Pokémon recovers faster from status problems."
xcl_family_tropius_05,Tropius Charm,False,xcl,,Species-exclusive Pokemon equipment; no corresponding Digimon-specific item in the reference.,An exclusive item for Tropius. 
xcl_family_turtonator_00,Turtonator Torc,True,xcl,,Species-exclusive Pokemon equipment; no corresponding Digimon-specific item in the reference.,"An exclusive item for Turtonator. When kept in the bag, the Pokémon's regular attack explodes outwards with splash damage."
xcl_family_turtonator_01,Turtonator Jewel,True,xcl,,Species-exclusive Pokemon equipment; no corresponding Digimon-specific item in the reference.,"An exclusive item for Turtonator. When kept in the bag, the Pokémon will damage nearby enemies after defeating an enemy."
xcl_family_turtonator_02,Turtonator Fang,True,xcl,,Species-exclusive Pokemon equipment; no corresponding Digimon-specific item in the reference.,"An exclusive item for Turtonator. When kept in the bag, the Pokémon takes reduced damage from multiple attacks in a turn."
xcl_family_turtonator_03,Turtonator Claw,True,xcl,,Species-exclusive Pokemon equipment; no corresponding Digimon-specific item in the reference.,"An exclusive item for Turtonator. When kept in the bag, the Pokémon will do increased damage if its previous move missed."
xcl_family_turtwig_00,Forest Torc,True,xcl,,Species-exclusive Pokemon equipment; no corresponding Digimon-specific item in the reference.,"An exclusive item for the Torterra family. When kept in the bag, the Pokémon will recover from status effects after defeating an enemy."
xcl_family_turtwig_01,Woody Scarf,True,xcl,,Species-exclusive Pokemon equipment; no corresponding Digimon-specific item in the reference.,"An exclusive item for the Grotle family. When kept in the bag, the Pokémon will be able to move again after defeating an enemy."
xcl_family_turtwig_02,Lucky Leaf,True,xcl,,Species-exclusive Pokemon equipment; no corresponding Digimon-specific item in the reference.,"An exclusive item for the Turtwig family. When kept in the bag, the Pokémon will do increased damage if its previous move missed."
xcl_family_turtwig_03,Turtwig Card,True,xcl,,Species-exclusive Pokemon equipment; no corresponding Digimon-specific item in the reference.,"An exclusive item for the Turtwig family. When kept in the bag, the Pokémon takes reduced damage from multiple attacks in a turn."
xcl_family_turtwig_04,Sprout Rock,True,xcl,,Species-exclusive Pokemon equipment; no corresponding Digimon-specific item in the reference.,"An exclusive item for the Turtwig family. When kept in the bag, the Pokemon's moves and items that hit in a straight line cannot damage allies."
xcl_family_turtwig_05,Grotle Crest,False,xcl,,Species-exclusive Pokemon equipment; no corresponding Digimon-specific item in the reference.,An exclusive item for the Grotle family. 
xcl_family_tympole_00,Seismitoad Armlet,False,xcl,,Species-exclusive Pokemon equipment; no corresponding Digimon-specific item in the reference.,"An exclusive item for the Seismitoad family. When kept in the bag, the Pokémon's Physical moves inflict the Embargo status."
xcl_family_tympole_01,Palpitoad Charm,False,xcl,,Species-exclusive Pokemon equipment; no corresponding Digimon-specific item in the reference.,"An exclusive item for the Palpitoad family. When kept in the bag, the Pokémon recovers HP when in water."
xcl_family_tympole_02,Tympole Song,False,xcl,,Species-exclusive Pokemon equipment; no corresponding Digimon-specific item in the reference.,"An exclusive item for the Tympole family. When kept in the bag, the Pokémon will not take damage from counter attacks."
xcl_family_tympole_03,Tympole Foam,False,xcl,,Species-exclusive Pokemon equipment; no corresponding Digimon-specific item in the reference.,"An exclusive item for the Tympole family. When kept in the bag, stat changes inflicted on the Pokémon are passed to the Pokémon that caused it."
xcl_family_tympole_04,Tympole Guard,False,xcl,,Species-exclusive Pokemon equipment; no corresponding Digimon-specific item in the reference.,"An exclusive item for the Tympole family. When kept in the bag, the Pokémon will take reduced damage from explosions and splash damage."
xcl_family_type_null_00,Silvally Blade,True,xcl,,Species-exclusive Pokemon equipment; no corresponding Digimon-specific item in the reference.,"An exclusive item for the Silvally family. When kept in the bag, the Pokémon cannot damage allies with its moves."
xcl_family_type_null_01,Silvally Crest,True,xcl,,Species-exclusive Pokemon equipment; no corresponding Digimon-specific item in the reference.,"An exclusive item for the Silvally family. When kept in the bag, the Pokémon's regular attacks change to match its type."
xcl_family_type_null_02,Null Claw,True,xcl,,Species-exclusive Pokemon equipment; no corresponding Digimon-specific item in the reference.,"An exclusive item for the Type: Null family. When kept in the bag, it raises the critical-hit ratio of not-very-effective hits."
xcl_family_type_null_03,Null Thorn,True,xcl,,Species-exclusive Pokemon equipment; no corresponding Digimon-specific item in the reference.,"An exclusive item for the Type: Null family. When kept in the bag, the Pokémon's PP cannot be lowered by the moves and abilities of opposing Pokémon."
xcl_family_type_null_04,Null Heart,True,xcl,,Species-exclusive Pokemon equipment; no corresponding Digimon-specific item in the reference.,"An exclusive item for the Type: Null family. When kept in the bag, it causes the Pokémon's regular attack to remove the target's ability."
xcl_family_tyrogue_00,Victory Ruff,True,xcl,,Species-exclusive Pokemon equipment; no corresponding Digimon-specific item in the reference.,"An exclusive item for Hitmontop. When kept in the bag, it allows Fighting-type moves to hit Ghost-type Pokémon."
xcl_family_tyrogue_01,Hitmontop Charm,True,xcl,,Species-exclusive Pokemon equipment; no corresponding Digimon-specific item in the reference.,"An exclusive item for Tyrogue, and Hitmontop. When kept in the bag, it raises the critical-hit ratio of super-effective hits."
xcl_family_tyrogue_02,Victory Belt,True,xcl,,Species-exclusive Pokemon equipment; no corresponding Digimon-specific item in the reference.,"An exclusive item for Hitmonchan. When kept in the bag, the Pokémon will recover from status effects after defeating an enemy."
xcl_family_tyrogue_03,Hitmonchan Guard,True,xcl,,Species-exclusive Pokemon equipment; no corresponding Digimon-specific item in the reference.,"An exclusive item for Tyrogue, and Hitmonchan. When kept in the bag, the Pokémon will regain HP after defeating an enemy."
xcl_family_tyrogue_04,Victory Bangle,True,xcl,,Species-exclusive Pokemon equipment; no corresponding Digimon-specific item in the reference.,"An exclusive item for Hitmonlee. When kept in the bag, the Pokémon will be able to move again after defeating an enemy."
xcl_family_tyrogue_05,Hitmonlee Ring,True,xcl,,Species-exclusive Pokemon equipment; no corresponding Digimon-specific item in the reference.,"An exclusive item for Tyrogue, and Hitmonlee. When kept in the bag, the Pokémon's moves will destroy traps."
xcl_family_tyrogue_06,Muscle Charm,True,xcl,,Species-exclusive Pokemon equipment; no corresponding Digimon-specific item in the reference.,"An exclusive item for the Tyrogue family. When kept in the bag, the Pokémon's stat-changing moves are spread to allies."
xcl_family_tyrogue_07,Tyrogue Sweat,True,xcl,,Species-exclusive Pokemon equipment; no corresponding Digimon-specific item in the reference.,"An exclusive item for the Tyrogue family. When kept in the bag, it raises the critical-hit ratio of not-very-effective hits."
xcl_family_tyrogue_08,Tyrogue Card,True,xcl,,Species-exclusive Pokemon equipment; no corresponding Digimon-specific item in the reference.,"An exclusive item for the Tyrogue family. When kept in the bag, the Pokémon is more likely to evade attacks when at low HP."
xcl_family_unown_00,\uE041 Seal,True,xcl,,Species-exclusive Pokemon equipment; no corresponding Digimon-specific item in the reference.,"An exclusive item for Unown. When kept in the bag, it reduces damage done by Dark-type attacks."
xcl_family_unown_01,\uE042 Seal,True,xcl,,Species-exclusive Pokemon equipment; no corresponding Digimon-specific item in the reference.,"An exclusive item for Unown. When kept in the bag, the Pokémon's regular attack explodes outwards with splash damage."
xcl_family_unown_02,\uE043 Seal,True,xcl,,Species-exclusive Pokemon equipment; no corresponding Digimon-specific item in the reference.,"An exclusive item for Unown. When kept in the bag, the effects of wands will spread out like a fan when waved by the Pokémon."
xcl_family_unown_03,\uE044 Seal,True,xcl,,Species-exclusive Pokemon equipment; no corresponding Digimon-specific item in the reference.,"An exclusive item for Unown. When kept in the bag, items thrown by the Pokémon will spread out like a fan."
xcl_family_unown_04,\uE045 Seal,True,xcl,,Species-exclusive Pokemon equipment; no corresponding Digimon-specific item in the reference.,"An exclusive item for Unown. When kept in the bag, the Pokémon will recover from status effects after defeating an enemy."
xcl_family_unown_05,\uE046 Seal,True,xcl,,Species-exclusive Pokemon equipment; no corresponding Digimon-specific item in the reference.,"An exclusive item for Unown. When kept in the bag, the Pokémon will be able to move again after defeating an enemy."
xcl_family_unown_06,\uE047 Seal,True,xcl,,Species-exclusive Pokemon equipment; no corresponding Digimon-specific item in the reference.,"An exclusive item for Unown. When kept in the bag, the Pokémon gets an extra 5PP to all of its moves."
xcl_family_unown_07,\uE048 Seal,True,xcl,,Species-exclusive Pokemon equipment; no corresponding Digimon-specific item in the reference.,"An exclusive item for Unown. When kept in the bag, some of the Pokémon's moves will break walls."
xcl_family_unown_08,\uE049 Seal,True,xcl,,Species-exclusive Pokemon equipment; no corresponding Digimon-specific item in the reference.,"An exclusive item for Unown. When kept in the bag, it partially reveals the floor's layout the Pokémon reaches a new floor."
xcl_family_unown_09,\uE04A Seal,True,xcl,,Species-exclusive Pokemon equipment; no corresponding Digimon-specific item in the reference.,"An exclusive item for Unown. When kept in the bag, it changes the Pokémon's regular attack into a short projectile."
xcl_family_unown_10,\uE04B Seal,True,xcl,,Species-exclusive Pokemon equipment; no corresponding Digimon-specific item in the reference.,"An exclusive item for Unown. When kept in the bag, the Pokémon takes reduced damage from multiple attacks in a turn."
xcl_family_unown_11,\uE04C Seal,True,xcl,,Species-exclusive Pokemon equipment; no corresponding Digimon-specific item in the reference.,"An exclusive item for Unown. When kept in the bag, the Pokémon's natural HP-recovery speed is boosted."
xcl_family_unown_12,\uE04D Seal,True,xcl,,Species-exclusive Pokemon equipment; no corresponding Digimon-specific item in the reference.,"An exclusive item for Unown. When kept in the bag, the Pokémon's Attack Range is increased when the floor has the Clear status."
xcl_family_unown_13,\uE04E Seal,True,xcl,,Species-exclusive Pokemon equipment; no corresponding Digimon-specific item in the reference.,"An exclusive item for Unown. When kept in the bag, the Pokémon is more likely to evade attacks from far away."
xcl_family_unown_14,\uE04F Seal,True,xcl,,Species-exclusive Pokemon equipment; no corresponding Digimon-specific item in the reference.,"An exclusive item for Unown. When kept in the bag, the Pokémon is more likely to evade attacks from close up."
xcl_family_unown_15,\uE050 Seal,True,xcl,,Species-exclusive Pokemon equipment; no corresponding Digimon-specific item in the reference.,"An exclusive item for Unown. When kept in the bag, the Pokémon's regular attack cannot miss."
xcl_family_unown_16,\uE051 Seal,True,xcl,,Species-exclusive Pokemon equipment; no corresponding Digimon-specific item in the reference.,"An exclusive item for Unown. When kept in the bag, it reveals the number of items laying on the ground whenever the Pokémon reaches a new floor."
xcl_family_unown_17,\uE052 Seal,True,xcl,,Species-exclusive Pokemon equipment; no corresponding Digimon-specific item in the reference.,"An exclusive item for Unown. When kept in the bag, it reveals the direction of the staircase whenever the Pokémon reaches a new floor."
xcl_family_unown_18,\uE053 Seal,True,xcl,,Species-exclusive Pokemon equipment; no corresponding Digimon-specific item in the reference.,"An exclusive item for Unown. When kept in the bag, the Pokémon will regain HP after defeating an enemy."
xcl_family_unown_19,\uE054 Seal,True,xcl,,Species-exclusive Pokemon equipment; no corresponding Digimon-specific item in the reference.,"An exclusive item for Unown. When kept in the bag, the Pokémon will gradually restore the HP of its allies when its own HP is full."
xcl_family_unown_20,\uE055 Seal,True,xcl,,Species-exclusive Pokemon equipment; no corresponding Digimon-specific item in the reference.,"An exclusive item for Unown. When kept in the bag, the Pokémon's HP is restored when it eats a food item."
xcl_family_unown_21,\uE056 Seal,True,xcl,,Species-exclusive Pokemon equipment; no corresponding Digimon-specific item in the reference.,"An exclusive item for Unown. When kept in the bag, the Pokémon is protected from status conditions when the floor has the Clear status."
xcl_family_unown_22,\uE057 Seal,True,xcl,,Species-exclusive Pokemon equipment; no corresponding Digimon-specific item in the reference.,"An exclusive item for Unown. When kept in the bag, the Pokémon will more easily dodge attacks if its previous move missed."
xcl_family_unown_23,\uE058 Seal,True,xcl,,Species-exclusive Pokemon equipment; no corresponding Digimon-specific item in the reference.,"An exclusive item for Unown. When kept in the bag, the Pokémon will do increased damage if its previous move missed."
xcl_family_unown_24,\uE059 Seal,True,xcl,,Species-exclusive Pokemon equipment; no corresponding Digimon-specific item in the reference.,"An exclusive item for Unown. When kept in the bag, the Pokémon is more likely to evade attacks when at low HP."
xcl_family_unown_25,\uE05A Seal,True,xcl,,Species-exclusive Pokemon equipment; no corresponding Digimon-specific item in the reference.,"An exclusive item for Unown. When kept in the bag, stat changes inflicted on the Pokémon are passed to the Pokémon that caused it."
xcl_family_vanillite_00,Vanilluxe Veil,True,xcl,,Species-exclusive Pokemon equipment; no corresponding Digimon-specific item in the reference.,"An exclusive item for the Vanilluxe family. When kept in the bag, the Pokémon's Attack Range is increased when the floor has the Hail status."
xcl_family_vanillite_01,Vanillish Shard,True,xcl,,Species-exclusive Pokemon equipment; no corresponding Digimon-specific item in the reference.,"An exclusive item for the Vanillish family. When kept in the bag, the Pokémon can traverse water, lava, and pits."
xcl_family_vanillite_02,Vanillite Gasp,True,xcl,,Species-exclusive Pokemon equipment; no corresponding Digimon-specific item in the reference.,"An exclusive item for the Vanillite family. When kept in the bag, the Pokémon will do increased damage if its previous move missed."
xcl_family_vanillite_03,Vanillite Dew,True,xcl,,Species-exclusive Pokemon equipment; no corresponding Digimon-specific item in the reference.,"An exclusive item for the Vanillite family. When kept in the bag, the Pokémon becomes extremely likely to avoid Fire-type attacks."
xcl_family_vanillite_04,Vanillite Ore,True,xcl,,Species-exclusive Pokemon equipment; no corresponding Digimon-specific item in the reference.,"An exclusive item for the Vanillite family. When kept in the bag, the Pokemon's moves and items that hit in a straight line cannot damage allies."
xcl_family_veluza_00,Veluza Float,True,xcl,,Species-exclusive Pokemon equipment; no corresponding Digimon-specific item in the reference.,"An exclusive item for Veluza. When kept in the bag, the Pokémon gains the Focus Energy status after using a Status move."
xcl_family_veluza_01,Veluza Crest,True,xcl,,Species-exclusive Pokemon equipment; no corresponding Digimon-specific item in the reference.,"An exclusive item for Veluza. When kept in the bag, the Pokémon will regain HP after defeating an enemy."
xcl_family_veluza_02,Veluza Fang,True,xcl,,Species-exclusive Pokemon equipment; no corresponding Digimon-specific item in the reference.,"An exclusive item for Veluza. When kept in the bag, it changes the Pokémon's lunging moves into two weaker strikes."
xcl_family_veluza_03,Veluza Tail,True,xcl,,Species-exclusive Pokemon equipment; no corresponding Digimon-specific item in the reference.,"An exclusive item for Veluza. When kept in the bag, the Pokémon is more likely to evade attacks when at low HP."
xcl_family_venonat_00,Gaze Goggles,True,xcl,,Species-exclusive Pokemon equipment; no corresponding Digimon-specific item in the reference.,"An exclusive item for the Venomoth family. When kept in the bag, it allows the Pokémon to see foes and items in heavy darkness."
xcl_family_venonat_01,Venomoth Bow,True,xcl,,Species-exclusive Pokemon equipment; no corresponding Digimon-specific item in the reference.,"An exclusive item for the Venomoth family. When kept in the bag, the Pokémon can traverse water, lava, and pits."
xcl_family_venonat_02,Venonat Hair,True,xcl,,Species-exclusive Pokemon equipment; no corresponding Digimon-specific item in the reference.,"An exclusive item for the Venonat family. When kept in the bag, it allows the Pokémon's regular attack to strike twice."
xcl_family_venonat_03,Venonat Card,True,xcl,,Species-exclusive Pokemon equipment; no corresponding Digimon-specific item in the reference.,"An exclusive item for the Venonat family. When kept in the bag, it raises the critical-hit ratio of not-very-effective hits."
xcl_family_venonat_04,Venonat Dust,True,xcl,,Species-exclusive Pokemon equipment; no corresponding Digimon-specific item in the reference.,"An exclusive item for the Venonat family. When kept in the bag, the Pokémon will raise the PP usage of opponents that attack it."
xcl_family_victini_00,Victory Crown,True,xcl,,Species-exclusive Pokemon equipment; no corresponding Digimon-specific item in the reference.,"An exclusive item for Victini. When kept in the bag, the Pokémon will revive a fallen ally when it reaches a new floor."
xcl_family_victini_01,Victini Heart,True,xcl,,Species-exclusive Pokemon equipment; no corresponding Digimon-specific item in the reference.,"An exclusive item for Victini. When kept in the bag, it restores the PP of all moves when the Pokémon reaches a new floor."
xcl_family_victini_02,Victini Wing,True,xcl,,Species-exclusive Pokemon equipment; no corresponding Digimon-specific item in the reference.,"An exclusive item for Victini. When kept in the bag, the Pokémon has a higher chance of recruiting wild Pokémon."
xcl_family_victini_03,Victini Hair,True,xcl,,Species-exclusive Pokemon equipment; no corresponding Digimon-specific item in the reference.,"An exclusive item for Victini. When kept in the bag, the Pokémon gives back recovered HP when it is healed by another Pokémon."
xcl_family_victini_04,Victini Charm,True,xcl,,Species-exclusive Pokemon equipment; no corresponding Digimon-specific item in the reference.,"An exclusive item for Victini. When kept in the bag, the Pokémon will gradually restore the HP of its allies when its own HP is full."
xcl_family_volbeat_illumise_00,Neon Scarf,True,xcl,,Species-exclusive Pokemon equipment; no corresponding Digimon-specific item in the reference.,"An exclusive item for Volbeat. When kept in the bag, the Pokémon gains the Charge status after using a Special move."
xcl_family_volbeat_illumise_01,Evening Bow,True,xcl,,Species-exclusive Pokemon equipment; no corresponding Digimon-specific item in the reference.,"An exclusive item for Illumise. When kept in the bag, the Pokémon gains the Quick Guard status after using a Status move."
xcl_family_volbeat_illumise_02,Volbeat Beam,True,xcl,,Species-exclusive Pokemon equipment; no corresponding Digimon-specific item in the reference.,"An exclusive item for Volbeat, and Illumise. When kept in the bag, the Pokémon gets an extra 2PP to all of its moves."
xcl_family_volbeat_illumise_03,Illumise Beam,True,xcl,,Species-exclusive Pokemon equipment; no corresponding Digimon-specific item in the reference.,"An exclusive item for Volbeat, and Illumise. When kept in the bag, it reveals the number of items laying on the ground whenever the Pokémon reaches a new floor."
xcl_family_volbeat_illumise_04,Volbeat Hat,True,xcl,,Species-exclusive Pokemon equipment; no corresponding Digimon-specific item in the reference.,"An exclusive item for Volbeat, and Illumise. When kept in the bag, the Pokémon can traverse water, lava, and pits."
xcl_family_volbeat_illumise_05,Illumise Veil,True,xcl,,Species-exclusive Pokemon equipment; no corresponding Digimon-specific item in the reference.,"An exclusive item for Volbeat, and Illumise. When kept in the bag, the effects of wands will spread out like a fan when waved by the Pokémon."
xcl_family_volbeat_illumise_06,Glowing Seal,False,xcl,,Species-exclusive Pokemon equipment; no corresponding Digimon-specific item in the reference.,"An exclusive item for Volbeat, and Illumise. When kept in the bag, the Pokémon will find more \uE024 when exploring in dungeons."
xcl_family_volcanion_00,Volcanion Helmet,True,xcl,,Species-exclusive Pokemon equipment; no corresponding Digimon-specific item in the reference.,"An exclusive item for Volcanion. When kept in the bag, the Pokémon's Water-type moves have a chance to inflict the Burned status."
xcl_family_volcanion_01,Volcanion Ring,True,xcl,,Species-exclusive Pokemon equipment; no corresponding Digimon-specific item in the reference.,"An exclusive item for Volcanion. When kept in the bag, the Pokémon recovers HP when in water."
xcl_family_volcanion_02,Volcanion Claw,True,xcl,,Species-exclusive Pokemon equipment; no corresponding Digimon-specific item in the reference.,"An exclusive item for Volcanion. When kept in the bag, the Pokémon will do increased damage if its previous move missed."
xcl_family_volcanion_03,Volcanion Tag,True,xcl,,Species-exclusive Pokemon equipment; no corresponding Digimon-specific item in the reference.,"An exclusive item for Volcanion. When kept in the bag, the Pokémon will take reduced damage from explosions and splash damage."
xcl_family_voltorb_00,Electrode Bow,True,xcl,,Species-exclusive Pokemon equipment; no corresponding Digimon-specific item in the reference.,"An exclusive item for the Electrode family. When kept in the bag, the Pokémon's regular attack explodes outwards with splash damage."
xcl_family_voltorb_01,Electrode Scarf,True,xcl,,Species-exclusive Pokemon equipment; no corresponding Digimon-specific item in the reference.,"An exclusive item for the Electrode family. When kept in the bag, the Pokémon will damage nearby enemies after defeating an enemy."
xcl_family_voltorb_02,Voltorb Beam,True,xcl,,Species-exclusive Pokemon equipment; no corresponding Digimon-specific item in the reference.,"An exclusive item for the Voltorb family. When kept in the bag, the Pokémon's regular attacks and thrown items have a chance to inflict the Paralyzed status."
xcl_family_voltorb_03,Voltorb Card,True,xcl,,Species-exclusive Pokemon equipment; no corresponding Digimon-specific item in the reference.,"An exclusive item for the Voltorb family. When kept in the bag, items thrown by the Pokémon will pierce through enemies."
xcl_family_voltorb_04,Voltorb Tag,True,xcl,,Species-exclusive Pokemon equipment; no corresponding Digimon-specific item in the reference.,"An exclusive item for the Voltorb family. When kept in the bag, the Pokemon's moves and items that hit in a straight line cannot damage allies."
xcl_family_vulpix_00,Afire Collar,True,xcl,,Species-exclusive Pokemon equipment; no corresponding Digimon-specific item in the reference.,"An exclusive item for the Ninetales family. When kept in the bag, the Pokémon gains the Light Screen status after using a Status move."
xcl_family_vulpix_01,Ninetales Veil,True,xcl,,Species-exclusive Pokemon equipment; no corresponding Digimon-specific item in the reference.,"An exclusive item for the Ninetales family. When kept in the bag, status problems inflicted on the Pokémon are passed to the Pokémon that caused it."
xcl_family_vulpix_02,Vulpix Card,True,xcl,,Species-exclusive Pokemon equipment; no corresponding Digimon-specific item in the reference.,"An exclusive item for the Vulpix family. When kept in the bag, the Pokémon will be able to move when asleep."
xcl_family_vulpix_03,Vulpix Tail,True,xcl,,Species-exclusive Pokemon equipment; no corresponding Digimon-specific item in the reference.,"An exclusive item for the Vulpix family. When kept in the bag, the Pokémon will not take damage from counter attacks."
xcl_family_vulpix_04,Vulpix Tag,True,xcl,,Species-exclusive Pokemon equipment; no corresponding Digimon-specific item in the reference.,"An exclusive item for the Vulpix family. When kept in the bag, the Pokemon's moves and items that hit in a straight line cannot damage allies."
xcl_family_vulpix_05,Ninetales Seal,False,xcl,,Species-exclusive Pokemon equipment; no corresponding Digimon-specific item in the reference.,An exclusive item for the Ninetales family. 
xcl_family_wailmer_00,Huge Bow,True,xcl,,Species-exclusive Pokemon equipment; no corresponding Digimon-specific item in the reference.,"An exclusive item for the Wailord family. When kept in the bag, the Pokémon gains the Wide Guard status after using a Special move."
xcl_family_wailmer_01,Wailord Hat,True,xcl,,Species-exclusive Pokemon equipment; no corresponding Digimon-specific item in the reference.,"An exclusive item for the Wailord family. When kept in the bag, the Pokémon will step in to take Fire-type attacks for nearby allies."
xcl_family_wailmer_02,Wailmer Card,True,xcl,,Species-exclusive Pokemon equipment; no corresponding Digimon-specific item in the reference.,"An exclusive item for the Wailmer family. When kept in the bag, the Pokémon gives back recovered HP when it is healed by another Pokémon."
xcl_family_wailmer_03,Wailmer Foam,True,xcl,,Species-exclusive Pokemon equipment; no corresponding Digimon-specific item in the reference.,"An exclusive item for the Wailmer family. When kept in the bag, it restores the PP of a move when the Pokémon reaches a new floor."
xcl_family_wailmer_04,Wailmer Jewel,True,xcl,,Species-exclusive Pokemon equipment; no corresponding Digimon-specific item in the reference.,"An exclusive item for the Wailmer family. When kept in the bag, the Pokémon's HP is restored when it eats a food item."
xcl_family_weedle_00,Charge Scarf,True,xcl,,Species-exclusive Pokemon equipment; no corresponding Digimon-specific item in the reference.,"An exclusive item for the Beedrill family. When kept in the bag, it allows Poison-type moves to hit Steel-type Pokémon."
xcl_family_weedle_01,Kakuna Scarf,True,xcl,,Species-exclusive Pokemon equipment; no corresponding Digimon-specific item in the reference.,"An exclusive item for the Kakuna family. When kept in the bag, the Pokémon can traverse water, lava, and pits."
xcl_family_weedle_02,Weedle Horn,True,xcl,,Species-exclusive Pokemon equipment; no corresponding Digimon-specific item in the reference.,"An exclusive item for the Weedle family. When kept in the bag, the Pokémon is more likely to evade attacks when at low HP."
xcl_family_weedle_03,Weedle Hair,True,xcl,,Species-exclusive Pokemon equipment; no corresponding Digimon-specific item in the reference.,"An exclusive item for the Weedle family. When kept in the bag, the Pokémon takes reduced damage from multiple attacks in a turn."
xcl_family_weedle_04,Weedle Crest,True,xcl,,Species-exclusive Pokemon equipment; no corresponding Digimon-specific item in the reference.,"An exclusive item for the Weedle family. When kept in the bag, the Pokémon scatters Spikes when hit by a Special attack."
xcl_family_whismur_00,Exploud Torc,True,xcl,,Species-exclusive Pokemon equipment; no corresponding Digimon-specific item in the reference.,"An exclusive item for the Exploud family. When kept in the bag, some of the Pokémon's moves will break walls."
xcl_family_whismur_01,Loudred Bangle,True,xcl,,Species-exclusive Pokemon equipment; no corresponding Digimon-specific item in the reference.,"An exclusive item for the Loudred family. When kept in the bag, the Pokémon will damage nearby enemies after defeating an enemy."
xcl_family_whismur_02,Whismur Card,True,xcl,,Species-exclusive Pokemon equipment; no corresponding Digimon-specific item in the reference.,"An exclusive item for the Whismur family. When kept in the bag, the Pokémon will be able to move when asleep."
xcl_family_whismur_03,Whismur Hair,True,xcl,,Species-exclusive Pokemon equipment; no corresponding Digimon-specific item in the reference.,"An exclusive item for the Whismur family. When kept in the bag, the Pokémon's regular attack cannot miss."
xcl_family_wimpod_00,Golisopod Blade,True,xcl,,Species-exclusive Pokemon equipment; no corresponding Digimon-specific item in the reference.,"An exclusive item for the Golisopod family. When kept in the bag, some of the Pokémon's moves will break walls."
xcl_family_wimpod_01,Golisopod Crest,True,xcl,,Species-exclusive Pokemon equipment; no corresponding Digimon-specific item in the reference.,"An exclusive item for the Golisopod family. When kept in the bag, the Pokémon will be able to move again after defeating an enemy."
xcl_family_wimpod_02,Wimpod Claw,True,xcl,,Species-exclusive Pokemon equipment; no corresponding Digimon-specific item in the reference.,"An exclusive item for the Wimpod family. When kept in the bag, the Pokémon will not take damage from counter attacks."
xcl_family_wimpod_03,Wimpod Tail,True,xcl,,Species-exclusive Pokemon equipment; no corresponding Digimon-specific item in the reference.,"An exclusive item for the Wimpod family. When kept in the bag, the Pokémon is more likely to evade attacks when at low HP."
xcl_family_wimpod_04,Wimpod Dust,True,xcl,,Species-exclusive Pokemon equipment; no corresponding Digimon-specific item in the reference.,"An exclusive item for the Wimpod family. When kept in the bag, the Pokémon is more likely to evade attacks from far away."
xcl_family_wingull_00,Stock Scarf,True,xcl,,Species-exclusive Pokemon equipment; no corresponding Digimon-specific item in the reference.,"An exclusive item for the Pelipper family. When kept in the bag, it inflicts the Cringing status on the attacker when the Pokémon is hit with a Grass-type move."
xcl_family_wingull_01,Pelipper Sash,True,xcl,,Species-exclusive Pokemon equipment; no corresponding Digimon-specific item in the reference.,"An exclusive item for the Pelipper family. When kept in the bag, the Pokémon's HP is restored when it eats a food item."
xcl_family_wingull_02,Wingull Card,True,xcl,,Species-exclusive Pokemon equipment; no corresponding Digimon-specific item in the reference.,"An exclusive item for the Wingull family. When kept in the bag, the Pokémon will do increased damage if its previous move missed."
xcl_family_wingull_03,Wingull Wing,True,xcl,,Species-exclusive Pokemon equipment; no corresponding Digimon-specific item in the reference.,"An exclusive item for the Wingull family. When kept in the bag, the Pokémon's attacks never miss and always land a critical hit if all moves have the same PP."
xcl_family_wobbuffet_00,Suffer Scarf,True,xcl,,Species-exclusive Pokemon equipment; no corresponding Digimon-specific item in the reference.,"An exclusive item for the Wobbuffet family. When kept in the bag, it prevents the Pokémon from fainting to Dark-type moves, leaving it with 1 HP."
xcl_family_wobbuffet_01,Wobbuffet Tie,True,xcl,,Species-exclusive Pokemon equipment; no corresponding Digimon-specific item in the reference.,"An exclusive item for the Wobbuffet family. When kept in the bag, it partially reveals the floor's layout the Pokémon reaches a new floor."
xcl_family_wobbuffet_02,Wynaut Card,True,xcl,,Species-exclusive Pokemon equipment; no corresponding Digimon-specific item in the reference.,"An exclusive item for the Wynaut family. When kept in the bag, it restores the PP of a move when the Pokémon reaches a new floor."
xcl_family_wobbuffet_03,Wynaut Tail,True,xcl,,Species-exclusive Pokemon equipment; no corresponding Digimon-specific item in the reference.,"An exclusive item for the Wynaut family. When kept in the bag, the effects of wands will fly in an arc when waved by the Pokémon."
xcl_family_wobbuffet_04,Grin Charm,True,xcl,,Species-exclusive Pokemon equipment; no corresponding Digimon-specific item in the reference.,"An exclusive item for the Wynaut family. When kept in the bag, the Pokémon will counter damage from regular attacks and thrown items."
xcl_family_wobbuffet_05,Endure Rock,False,xcl,,Species-exclusive Pokemon equipment; no corresponding Digimon-specific item in the reference.,"An exclusive item for the Wobbuffet family. When kept in the bag, the Pokémon will find more Treasure Chests when exploring in dungeons."
xcl_family_woobat_00,Swoobat Scarf,True,xcl,,Species-exclusive Pokemon equipment; no corresponding Digimon-specific item in the reference.,"An exclusive item for the Swoobat family. When kept in the bag, the Pokémon's Special moves inflict the Confused status."
xcl_family_woobat_01,Swoobat Seal,True,xcl,,Species-exclusive Pokemon equipment; no corresponding Digimon-specific item in the reference.,"An exclusive item for the Swoobat family. When kept in the bag, it changes the Pokémon's regular attack into a short projectile."
xcl_family_woobat_02,Woobat Song,True,xcl,,Species-exclusive Pokemon equipment; no corresponding Digimon-specific item in the reference.,"An exclusive item for the Woobat family. When kept in the bag, the category of the Pokémon's regular attack is changed from physical to special."
xcl_family_woobat_03,Woobat Wing,True,xcl,,Species-exclusive Pokemon equipment; no corresponding Digimon-specific item in the reference.,"An exclusive item for the Woobat family. When kept in the bag, the Pokémon gives back recovered HP when it is healed by another Pokémon."
xcl_family_woobat_04,Woobat Heart,True,xcl,,Species-exclusive Pokemon equipment; no corresponding Digimon-specific item in the reference.,"An exclusive item for the Woobat family. When kept in the bag, it allows the Pokémon to see foes and items in heavy darkness."
xcl_family_woobat_05,Swoobat Charm,False,xcl,,Species-exclusive Pokemon equipment; no corresponding Digimon-specific item in the reference.,"An exclusive item for the Swoobat family. When kept in the bag, it raises the critical-hit ratio of super-effective hits."
xcl_family_wooper_00,Clodsire Torc,True,xcl,,Species-exclusive Pokemon equipment; no corresponding Digimon-specific item in the reference.,"An exclusive item for the Clodsire family. When kept in the bag, the Pokémon is protected from status conditions when the floor has the Sandstorm status."
xcl_family_wooper_01,Quagsire Tie,True,xcl,,Species-exclusive Pokemon equipment; no corresponding Digimon-specific item in the reference.,"An exclusive item for the Quagsire family. When kept in the bag, the Pokémon is protected from status conditions when the floor has the Rain status."
xcl_family_wooper_02,Wooper Card,True,xcl,,Species-exclusive Pokemon equipment; no corresponding Digimon-specific item in the reference.,"An exclusive item for the Wooper family. When kept in the bag, the Pokémon will more easily dodge attacks if its previous move missed."
xcl_family_wooper_03,Wooper Dew,True,xcl,,Species-exclusive Pokemon equipment; no corresponding Digimon-specific item in the reference.,"An exclusive item for the Wooper family. When kept in the bag, the Pokémon's attacks never miss and always land a critical hit if all moves have the same PP."
xcl_family_wooper_04,Wooper Pebble,True,xcl,,Species-exclusive Pokemon equipment; no corresponding Digimon-specific item in the reference.,"An exclusive item for the Wooper family. When kept in the bag, items thrown by the Pokémon will spread out like a fan."
xcl_family_wurmple_00,Dustox Bow,True,xcl,,Species-exclusive Pokemon equipment; no corresponding Digimon-specific item in the reference.,"An exclusive item for the Dustox family. When kept in the bag, the Pokémon's natural HP-recovery speed is boosted."
xcl_family_wurmple_01,Vivid Silk,True,xcl,,Species-exclusive Pokemon equipment; no corresponding Digimon-specific item in the reference.,"An exclusive item for the Beautifly family. When kept in the bag, it prevents the Pokémon from fainting to Rock-type moves, leaving it with 1 HP."
xcl_family_wurmple_02,Cascoon Dust,True,xcl,,Species-exclusive Pokemon equipment; no corresponding Digimon-specific item in the reference.,"An exclusive item for the Cascoon family. When kept in the bag, the Pokémon becomes immune to the Burned status."
xcl_family_wurmple_03,Silcoon Dust,True,xcl,,Species-exclusive Pokemon equipment; no corresponding Digimon-specific item in the reference.,"An exclusive item for the Silcoon family. When kept in the bag, the Pokémon can traverse water, lava, and pits."
xcl_family_wurmple_04,Wurmple Horn,True,xcl,,Species-exclusive Pokemon equipment; no corresponding Digimon-specific item in the reference.,"An exclusive item for the Wurmple family. When kept in the bag, the Pokémon's regular attack will hit the front and sides."
xcl_family_wurmple_05,Wurmple Card,True,xcl,,Species-exclusive Pokemon equipment; no corresponding Digimon-specific item in the reference.,"An exclusive item for the Wurmple family. When kept in the bag, it raises the critical-hit ratio of not-very-effective hits."
xcl_family_xerneas_00,Life Crown,True,xcl,,Species-exclusive Pokemon equipment; no corresponding Digimon-specific item in the reference.,"An exclusive item for Xerneas. When kept in the bag, the Pokémon will revive a fallen ally when it reaches a new floor."
xcl_family_xerneas_01,Xerneas Jewel,True,xcl,,Species-exclusive Pokemon equipment; no corresponding Digimon-specific item in the reference.,"An exclusive item for Xerneas. When kept in the bag, the Pokémon will gradually restore the HP of its allies when its own HP is full."
xcl_family_xerneas_02,Xerneas Horn,True,xcl,,Species-exclusive Pokemon equipment; no corresponding Digimon-specific item in the reference.,"An exclusive item for Xerneas. When kept in the bag, the Pokémon will raise the PP usage of opponents that attack it."
xcl_family_xerneas_03,Xerneas Song,True,xcl,,Species-exclusive Pokemon equipment; no corresponding Digimon-specific item in the reference.,"An exclusive item for Xerneas. When kept in the bag, the Pokémon is fully healed upon entering a new floor."
xcl_family_xerneas_04,Xerneas Guard,True,xcl,,Species-exclusive Pokemon equipment; no corresponding Digimon-specific item in the reference.,"An exclusive item for Xerneas. When kept in the bag, the Pokémon becomes immune to the Perish Count status."
xcl_family_xurkitree_00,Ultra Wire,False,xcl,,Species-exclusive Pokemon equipment; no corresponding Digimon-specific item in the reference.,"An exclusive item for Xurkitree. When kept in the bag, the Pokémon changes the floor to Electric Terrain after using a Special move."
xcl_family_xurkitree_01,Xurkitree Ring,False,xcl,,Species-exclusive Pokemon equipment; no corresponding Digimon-specific item in the reference.,"An exclusive item for Xurkitree. When kept in the bag, the Pokemon's moves and items that hit in a straight line will pass through walls."
xcl_family_xurkitree_02,Xurkitree Card,False,xcl,,Species-exclusive Pokemon equipment; no corresponding Digimon-specific item in the reference.,"An exclusive item for Xurkitree. When kept in the bag, the category of the Pokémon's regular attack is changed from physical to special."
xcl_family_xurkitree_03,Xurkitree Branch,False,xcl,,Species-exclusive Pokemon equipment; no corresponding Digimon-specific item in the reference.,"An exclusive item for Xurkitree. When kept in the bag, the Pokemon's moves and items that hit in a straight line cannot damage allies."
xcl_family_yamask_00,Cofagrigus Mask,True,xcl,,Species-exclusive Pokemon equipment; no corresponding Digimon-specific item in the reference.,"An exclusive item for the Cofagrigus family. When kept in the bag, it allows Ghost-type moves to hit Normal-type Pokémon."
xcl_family_yamask_01,Cofagrigus Seal,True,xcl,,Species-exclusive Pokemon equipment; no corresponding Digimon-specific item in the reference.,"An exclusive item for the Cofagrigus family. When kept in the bag, the Pokémon can traverse water, lava, and pits."
xcl_family_yamask_02,Yamask Song,True,xcl,,Species-exclusive Pokemon equipment; no corresponding Digimon-specific item in the reference.,"An exclusive item for the Yamask family. When kept in the bag, the Pokémon will more easily dodge attacks if its previous move missed."
xcl_family_yamask_03,Yamask Card,True,xcl,,Species-exclusive Pokemon equipment; no corresponding Digimon-specific item in the reference.,"An exclusive item for the Yamask family. When kept in the bag, it restores the PP of a move when the Pokémon reaches a new floor."
xcl_family_yamask_04,Yamask Shard,True,xcl,,Species-exclusive Pokemon equipment; no corresponding Digimon-specific item in the reference.,"An exclusive item for the Yamask family. When kept in the bag, the Pokémon will regain HP after defeating an enemy."
xcl_family_yanma_00,Yanmega Bow,True,xcl,,Species-exclusive Pokemon equipment; no corresponding Digimon-specific item in the reference.,"An exclusive item for the Yanmega family. When kept in the bag, it prevents the Pokémon from fainting to Rock-type moves, leaving it with 1 HP."
xcl_family_yanma_01,Yanmega Scope,True,xcl,,Species-exclusive Pokemon equipment; no corresponding Digimon-specific item in the reference.,"An exclusive item for the Yanmega family. When kept in the bag, it changes the Pokémon's regular attack into a dash."
xcl_family_yanma_02,Yanma Card,True,xcl,,Species-exclusive Pokemon equipment; no corresponding Digimon-specific item in the reference.,"An exclusive item for the Yanma family. When kept in the bag, the Pokémon will not take damage from counter attacks."
xcl_family_yanma_03,Yanma Wing,True,xcl,,Species-exclusive Pokemon equipment; no corresponding Digimon-specific item in the reference.,"An exclusive item for the Yanma family. When kept in the bag, it allows the Pokémon's regular attack to strike twice."
xcl_family_yveltal_00,Oblivion Blade,True,xcl,,Species-exclusive Pokemon equipment; no corresponding Digimon-specific item in the reference.,"An exclusive item for Yveltal. When kept in the bag, the Pokémon's Dark-type moves have a chance to inflict the Perish Count status."
xcl_family_yveltal_01,Yveltal Tag,True,xcl,,Species-exclusive Pokemon equipment; no corresponding Digimon-specific item in the reference.,"An exclusive item for Yveltal. When kept in the bag, the Pokémon will recover from status effects after defeating an enemy."
xcl_family_yveltal_02,Yveltal Claw,True,xcl,,Species-exclusive Pokemon equipment; no corresponding Digimon-specific item in the reference.,"An exclusive item for Yveltal. When kept in the bag, the Pokémon will more easily dodge attacks if its previous move missed."
xcl_family_yveltal_03,Yveltal Wing,True,xcl,,Species-exclusive Pokemon equipment; no corresponding Digimon-specific item in the reference.,"An exclusive item for Yveltal. When kept in the bag, the Pokémon will regain HP after defeating an enemy."
xcl_family_yveltal_04,Yveltal Guard,True,xcl,,Species-exclusive Pokemon equipment; no corresponding Digimon-specific item in the reference.,"An exclusive item for Yveltal. When kept in the bag, the Pokémon's PP cannot be lowered by the moves and abilities of opposing Pokémon."
xcl_family_zangoose_00,Strong Sash,True,xcl,,Species-exclusive Pokemon equipment; no corresponding Digimon-specific item in the reference.,"An exclusive item for Zangoose. When kept in the bag, it reduces damage done by Poison-type attacks."
xcl_family_zangoose_01,Zangoose Armlet,True,xcl,,Species-exclusive Pokemon equipment; no corresponding Digimon-specific item in the reference.,"An exclusive item for Zangoose. When kept in the bag, the Pokémon's natural HP-recovery speed is boosted."
xcl_family_zangoose_02,Zangoose Card,True,xcl,,Species-exclusive Pokemon equipment; no corresponding Digimon-specific item in the reference.,"An exclusive item for Zangoose. When kept in the bag, the Pokémon's attacks never miss and always land a critical hit if all moves have the same PP."
xcl_family_zangoose_03,Zangoose Claw,True,xcl,,Species-exclusive Pokemon equipment; no corresponding Digimon-specific item in the reference.,"An exclusive item for Zangoose. When kept in the bag, the Pokémon will do increased damage if its previous move missed."
xcl_family_zekrom_00,Lightning Band,True,xcl,,Species-exclusive Pokemon equipment; no corresponding Digimon-specific item in the reference.,"An exclusive item for Zekrom. When kept in the bag, the Pokémon's Dragon-type moves have a chance to inflict the Paralyzed status."
xcl_family_zekrom_01,Ideal Veil,True,xcl,,Species-exclusive Pokemon equipment; no corresponding Digimon-specific item in the reference.,"An exclusive item for Zekrom. When kept in the bag, the Pokémon's Attack Range is increased when the floor has the Electric Terrain status."
xcl_family_zekrom_02,Zekrom Card,True,xcl,,Species-exclusive Pokemon equipment; no corresponding Digimon-specific item in the reference.,"An exclusive item for Zekrom. When kept in the bag, the Pokémon's regular attack cannot miss."
xcl_family_zekrom_03,Zekrom Fang,True,xcl,,Species-exclusive Pokemon equipment; no corresponding Digimon-specific item in the reference.,"An exclusive item for Zekrom. When kept in the bag, the Pokémon cannot have its Special Attack lowered."
xcl_family_zekrom_04,Zekrom Guard,True,xcl,,Species-exclusive Pokemon equipment; no corresponding Digimon-specific item in the reference.,"An exclusive item for Zekrom. When kept in the bag, the Pokémon becomes immune to the Burned status."
xcl_family_zeraora_00,Zeraora Belt,True,xcl,,Species-exclusive Pokemon equipment; no corresponding Digimon-specific item in the reference.,"An exclusive item for Zeraora. When kept in the bag, the Pokémon's Fighting-type moves are boosted."
xcl_family_zeraora_01,Zeraora Earring,True,xcl,,Species-exclusive Pokemon equipment; no corresponding Digimon-specific item in the reference.,"An exclusive item for Zeraora. When kept in the bag, the Pokémon is protected from status conditions when the floor has the Electric Terrain status."
xcl_family_zeraora_02,Zeraora Hair,True,xcl,,Species-exclusive Pokemon equipment; no corresponding Digimon-specific item in the reference.,"An exclusive item for Zeraora. When kept in the bag, the Pokémon's regular attacks and thrown items have a chance to inflict the Paralyzed status."
xcl_family_zeraora_03,Zeraora Tail,True,xcl,,Species-exclusive Pokemon equipment; no corresponding Digimon-specific item in the reference.,"An exclusive item for Zeraora. When kept in the bag, the Pokémon is more likely to evade attacks from close up."
xcl_family_zigzagoon_00,Linoone Ruff,True,xcl,,Species-exclusive Pokemon equipment; no corresponding Digimon-specific item in the reference.,"An exclusive item for the Linoone family. When kept in the bag, some of the Pokémon's moves will fill water, lava, and pits."
xcl_family_zigzagoon_01,Linoone Scarf,True,xcl,,Species-exclusive Pokemon equipment; no corresponding Digimon-specific item in the reference.,"An exclusive item for the Linoone family. When kept in the bag, it changes the Pokémon's regular attack into a dash."
xcl_family_zigzagoon_02,Zigzagoon Card,True,xcl,,Species-exclusive Pokemon equipment; no corresponding Digimon-specific item in the reference.,"An exclusive item for the Zigzagoon family. When kept in the bag, the Pokémon will not take damage from counter attacks."
xcl_family_zigzagoon_03,Zigzagoon Hair,True,xcl,,Species-exclusive Pokemon equipment; no corresponding Digimon-specific item in the reference.,"An exclusive item for the Zigzagoon family. When kept in the bag, it changes the Pokémon's lunging moves into two weaker strikes."
xcl_family_zorua_00,Zoroark Collar,True,xcl,,Species-exclusive Pokemon equipment; no corresponding Digimon-specific item in the reference.,"An exclusive item for the Zoroark family. When kept in the bag, the Pokémon cannot damage allies with its moves."
xcl_family_zorua_01,Zoroark Ruff,True,xcl,,Species-exclusive Pokemon equipment; no corresponding Digimon-specific item in the reference.,"An exclusive item for the Zoroark family. When kept in the bag, the Pokémon is more likely to evade attacks from far away."
xcl_family_zorua_02,Zorua Tail,True,xcl,,Species-exclusive Pokemon equipment; no corresponding Digimon-specific item in the reference.,"An exclusive item for the Zorua family. When kept in the bag, the Pokémon is more likely to evade attacks when at low HP."
xcl_family_zorua_03,Zorua Cape,True,xcl,,Species-exclusive Pokemon equipment; no corresponding Digimon-specific item in the reference.,"An exclusive item for the Zorua family. When kept in the bag, the Pokémon is protected from weather damage."
xcl_family_zorua_04,Zorua Heart,True,xcl,,Species-exclusive Pokemon equipment; no corresponding Digimon-specific item in the reference.,"An exclusive item for the Zorua family. When kept in the bag, the Pokémon gives back recovered HP when it is healed by another Pokémon."
xcl_family_zorua_05,Zoroark Claw,False,xcl,,Species-exclusive Pokemon equipment; no corresponding Digimon-specific item in the reference.,"An exclusive item for the Zoroark family. When kept in the bag, the Pokémon's Physical moves may inflict the Confused status."
xcl_family_zubat_00,Slash Bow,True,xcl,,Species-exclusive Pokemon equipment; no corresponding Digimon-specific item in the reference.,"An exclusive item for the Crobat family. When kept in the bag, it partially reveals the floor's layout the Pokémon reaches a new floor."
xcl_family_zubat_01,Absorb Scarf,True,xcl,,Species-exclusive Pokemon equipment; no corresponding Digimon-specific item in the reference.,"An exclusive item for the Golbat family. When kept in the bag, the Pokémon will regain HP after defeating an enemy."
xcl_family_zubat_02,Zubat Fang,True,xcl,,Species-exclusive Pokemon equipment; no corresponding Digimon-specific item in the reference.,"An exclusive item for the Zubat family. When kept in the bag, the Pokémon is more likely to evade attacks when at low HP."
xcl_family_zubat_03,Zubat Card,True,xcl,,Species-exclusive Pokemon equipment; no corresponding Digimon-specific item in the reference.,"An exclusive item for the Zubat family. When kept in the bag, it allows the Pokémon's regular attack to strike twice."
xcl_family_zubat_04,Zubat Crest,True,xcl,,Species-exclusive Pokemon equipment; no corresponding Digimon-specific item in the reference.,"An exclusive item for the Zubat family. When kept in the bag, the Pokémon is more likely to evade attacks from close up."
xcl_family_zubat_05,Golbat Brooch,False,xcl,,Species-exclusive Pokemon equipment; no corresponding Digimon-specific item in the reference.,An exclusive item for the Golbat family. 
xcl_family_zygarde_00,Zygarde Collar,True,xcl,,Species-exclusive Pokemon equipment; no corresponding Digimon-specific item in the reference.,"An exclusive item for Zygarde. When kept in the bag, it allows Dragon-type moves to hit Fairy-type Pokémon."
xcl_family_zygarde_01,Zygarde Robe,True,xcl,,Species-exclusive Pokemon equipment; no corresponding Digimon-specific item in the reference.,"An exclusive item for Zygarde. When kept in the bag, it allows Ground-type moves to hit Flying-type Pokémon."
xcl_family_zygarde_02,Zygarde Mud,True,xcl,,Species-exclusive Pokemon equipment; no corresponding Digimon-specific item in the reference.,"An exclusive item for Zygarde. When kept in the bag, the Pokémon will not take damage from counter attacks."
xcl_family_zygarde_03,Zygarde Tail,True,xcl,,Species-exclusive Pokemon equipment; no corresponding Digimon-specific item in the reference.,"An exclusive item for Zygarde. When kept in the bag, the Pokémon's PP cannot be lowered by the moves and abilities of opposing Pokémon."
xcl_family_zygarde_04,Zygarde Seal,True,xcl,,Species-exclusive Pokemon equipment; no corresponding Digimon-specific item in the reference.,"An exclusive item for Zygarde. When kept in the bag, the Pokémon is protected from weather damage."
xcl_test_absorption,Absorption Test,False,xcl,,Species-exclusive Pokemon equipment; no corresponding Digimon-specific item in the reference.,"An exclusive item for the Bulbasaur family. When kept in the bag, the Pokémon will regain HP after defeating an enemy."
xcl_test_acutesniffer,AcuteSniffer Test,False,xcl,,Species-exclusive Pokemon equipment; no corresponding Digimon-specific item in the reference.,"An exclusive item for the Bulbasaur family. When kept in the bag, it reveals the number of items laying on the ground whenever the Pokémon reaches a new floor."
xcl_test_allterrain,AllTerrain Test,False,xcl,,Species-exclusive Pokemon equipment; no corresponding Digimon-specific item in the reference.,"An exclusive item for the Bulbasaur family. When kept in the bag, the Pokémon can traverse water, lava, and pits."
xcl_test_allyreviver,AllyReviver Test,False,xcl,,Species-exclusive Pokemon equipment; no corresponding Digimon-specific item in the reference.,"An exclusive item for the Bulbasaur family. When kept in the bag, the Pokémon will revive a fallen ally when it reaches a new floor."
xcl_test_allyreviverbattle,AllyReviverBattle Test,False,xcl,,Species-exclusive Pokemon equipment; no corresponding Digimon-specific item in the reference.,"An exclusive item for the Bulbasaur family. When kept in the bag, the Pokémon will revive a fallen ally when it defeats an opponent."
xcl_test_anchor,Anchor Test,False,xcl,,Species-exclusive Pokemon equipment; no corresponding Digimon-specific item in the reference.,"An exclusive item for the Bulbasaur family. When kept in the bag, the Pokémon is prevented from being forced off its location."
xcl_test_barrageguard,BarrageGuard Test,False,xcl,,Species-exclusive Pokemon equipment; no corresponding Digimon-specific item in the reference.,"An exclusive item for the Bulbasaur family. When kept in the bag, the Pokémon takes reduced damage from multiple attacks in a turn."
xcl_test_betterodds,BetterOdds Test,False,xcl,,Species-exclusive Pokemon equipment; no corresponding Digimon-specific item in the reference.,"An exclusive item for the Bulbasaur family. When kept in the bag, the Pokémon's attacks never miss and always land a critical hit if all moves have the same PP."
xcl_test_celebrate,Celebrate Test,False,xcl,,Species-exclusive Pokemon equipment; no corresponding Digimon-specific item in the reference.,"An exclusive item for the Bulbasaur family. When kept in the bag, the Pokémon will be able to move again after defeating an enemy."
xcl_test_celebratestatus,CelebrateStatus Test,False,xcl,,Species-exclusive Pokemon equipment; no corresponding Digimon-specific item in the reference.,"An exclusive item for the Bulbasaur family. When kept in the bag, the Pokémon gains the Electrified status after defeating an enemy."
xcl_test_chargewalker,ChargeWalker Test,False,xcl,,Species-exclusive Pokemon equipment; no corresponding Digimon-specific item in the reference.,"An exclusive item for the Bulbasaur family. When kept in the bag, the Pokémon will be able to move when charging attacks."
xcl_test_cheekpouch,CheekPouch Test,False,xcl,,Species-exclusive Pokemon equipment; no corresponding Digimon-specific item in the reference.,"An exclusive item for the Bulbasaur family. When kept in the bag, the Pokémon's HP is restored when it eats a food item."
xcl_test_chestfinder,ChestFinder Test,False,xcl,,Species-exclusive Pokemon equipment; no corresponding Digimon-specific item in the reference.,"An exclusive item for the Bulbasaur family. When kept in the bag, the Pokémon will find more Treasure Chests when exploring in dungeons."
xcl_test_closedodge,CloseDodge Test,False,xcl,,Species-exclusive Pokemon equipment; no corresponding Digimon-specific item in the reference.,"An exclusive item for the Bulbasaur family. When kept in the bag, the Pokémon is more likely to evade attacks from close up."
xcl_test_clutchperformer,ClutchPerformer Test,False,xcl,,Species-exclusive Pokemon equipment; no corresponding Digimon-specific item in the reference.,"An exclusive item for the Bulbasaur family. When kept in the bag, the Pokémon is more likely to evade attacks when at low HP."
xcl_test_coinwatcher,CoinWatcher Test,False,xcl,,Species-exclusive Pokemon equipment; no corresponding Digimon-specific item in the reference.,"An exclusive item for the Bulbasaur family. When kept in the bag, the Pokémon will find more \uE024 when exploring in dungeons."
xcl_test_counterbasher,CounterBasher Test,False,xcl,,Species-exclusive Pokemon equipment; no corresponding Digimon-specific item in the reference.,"An exclusive item for the Bulbasaur family. When kept in the bag, the Pokémon will counter damage from regular attacks and thrown items."
xcl_test_deepbreather,DeepBreather Test,False,xcl,,Species-exclusive Pokemon equipment; no corresponding Digimon-specific item in the reference.,"An exclusive item for the Bulbasaur family. When kept in the bag, it restores the PP of a move when the Pokémon reaches a new floor."
xcl_test_deepbreatherplus,DeepBreatherPlus Test,False,xcl,,Species-exclusive Pokemon equipment; no corresponding Digimon-specific item in the reference.,"An exclusive item for the Bulbasaur family. When kept in the bag, it restores the PP of all moves when the Pokémon reaches a new floor."
xcl_test_distancedodge,DistanceDodge Test,False,xcl,,Species-exclusive Pokemon equipment; no corresponding Digimon-specific item in the reference.,"An exclusive item for the Bulbasaur family. When kept in the bag, the Pokémon is more likely to evade attacks from far away."
xcl_test_doubleattacker,DoubleAttacker Test,False,xcl,,Species-exclusive Pokemon equipment; no corresponding Digimon-specific item in the reference.,"An exclusive item for the Bulbasaur family. When kept in the bag, it allows the Pokémon's regular attack to strike twice."
xcl_test_doubledash,DoubleDash Test,False,xcl,,Species-exclusive Pokemon equipment; no corresponding Digimon-specific item in the reference.,"An exclusive item for the Bulbasaur family. When kept in the bag, it changes the Pokémon's lunging moves into two weaker strikes."
xcl_test_endurecategory,EndureCategory Test,False,xcl,,Species-exclusive Pokemon equipment; no corresponding Digimon-specific item in the reference.,"An exclusive item for the Bulbasaur family. When kept in the bag, it prevents the Pokémon from fainting to Physical moves, leaving it with 1 HP."
xcl_test_enduretype,EndureType Test,False,xcl,,Species-exclusive Pokemon equipment; no corresponding Digimon-specific item in the reference.,"An exclusive item for the Bulbasaur family. When kept in the bag, it prevents the Pokémon from fainting to Ice-type moves, leaving it with 1 HP."
xcl_test_erraticattacker,ErraticAttacker Test,False,xcl,,Species-exclusive Pokemon equipment; no corresponding Digimon-specific item in the reference.,"An exclusive item for the Bulbasaur family. When kept in the bag, the Pokémon's moves are more intensely affected by type match-ups."
xcl_test_erraticdefender,ErraticDefender Test,False,xcl,,Species-exclusive Pokemon equipment; no corresponding Digimon-specific item in the reference.,"An exclusive item for the Bulbasaur family. When kept in the bag, moves used on the Pokémon are more intensely affected by type match-ups."
xcl_test_excessiveforce,ExcessiveForce Test,False,xcl,,Species-exclusive Pokemon equipment; no corresponding Digimon-specific item in the reference.,"An exclusive item for the Bulbasaur family. When kept in the bag, the Pokémon will damage nearby enemies after defeating an enemy."
xcl_test_explosionguard,ExplosionGuard Test,False,xcl,,Species-exclusive Pokemon equipment; no corresponding Digimon-specific item in the reference.,"An exclusive item for the Bulbasaur family. When kept in the bag, the Pokémon will take reduced damage from explosions and splash damage."
xcl_test_explosiveattack,ExplosiveAttack Test,False,xcl,,Species-exclusive Pokemon equipment; no corresponding Digimon-specific item in the reference.,"An exclusive item for the Bulbasaur family. When kept in the bag, the Pokémon's regular attack explodes outwards with splash damage."
xcl_test_fastfriend,FastFriend Test,False,xcl,,Species-exclusive Pokemon equipment; no corresponding Digimon-specific item in the reference.,"An exclusive item for the Bulbasaur family. When kept in the bag, the Pokémon has a higher chance of recruiting wild Pokémon."
xcl_test_fasthealer,FastHealer Test,False,xcl,,Species-exclusive Pokemon equipment; no corresponding Digimon-specific item in the reference.,"An exclusive item for the Bulbasaur family. When kept in the bag, the Pokémon's natural HP-recovery speed is boosted."
xcl_test_gapfiller,GapFiller Test,False,xcl,,Species-exclusive Pokemon equipment; no corresponding Digimon-specific item in the reference.,"An exclusive item for the Bulbasaur family. When kept in the bag, some of the Pokémon's moves will fill water, lava, and pits."
xcl_test_gapprober,GapProber Test,False,xcl,,Species-exclusive Pokemon equipment; no corresponding Digimon-specific item in the reference.,"An exclusive item for the Bulbasaur family. When kept in the bag, the Pokemon's moves and items that hit in a straight line cannot damage allies."
xcl_test_gratitude,Gratitude Test,False,xcl,,Species-exclusive Pokemon equipment; no corresponding Digimon-specific item in the reference.,"An exclusive item for the Bulbasaur family. When kept in the bag, the Pokémon gives back recovered HP when it is healed by another Pokémon."
xcl_test_healinlava,HealInLava Test,False,xcl,,Species-exclusive Pokemon equipment; no corresponding Digimon-specific item in the reference.,"An exclusive item for the Bulbasaur family. When kept in the bag, the Pokémon recovers HP when in lava."
xcl_test_healinwater,HealInWater Test,False,xcl,,Species-exclusive Pokemon equipment; no corresponding Digimon-specific item in the reference.,"An exclusive item for the Bulbasaur family. When kept in the bag, the Pokémon recovers HP when in water."
xcl_test_healonnewfloor,HealOnNewFloor Test,False,xcl,,Species-exclusive Pokemon equipment; no corresponding Digimon-specific item in the reference.,"An exclusive item for the Bulbasaur family. When kept in the bag, the Pokémon is fully healed upon entering a new floor."
xcl_test_heartfinder,HeartFinder Test,False,xcl,,Species-exclusive Pokemon equipment; no corresponding Digimon-specific item in the reference.,"An exclusive item for the Bulbasaur family. When kept in the bag, the Pokémon may find a Heart Scale when it enters a new floor."
xcl_test_hiddenstairfinder,HiddenStairFinder Test,False,xcl,,Species-exclusive Pokemon equipment; no corresponding Digimon-specific item in the reference.,"An exclusive item for the Bulbasaur family. When kept in the bag, the Pokémon will find more Hidden Stairs when exploring in dungeons."
xcl_test_hitandrun,HitAndRun Test,False,xcl,,Species-exclusive Pokemon equipment; no corresponding Digimon-specific item in the reference.,"An exclusive item for the Bulbasaur family. When kept in the bag, the Pokémon will not take damage from counter attacks."
xcl_test_knockbackonattack,KnockbackOnAttack Test,False,xcl,,Species-exclusive Pokemon equipment; no corresponding Digimon-specific item in the reference.,"An exclusive item for the Bulbasaur family. When kept in the bag, the Pokémon's regular attack will knock opponents back."
xcl_test_lavaterrain,LavaTerrain Test,False,xcl,,Species-exclusive Pokemon equipment; no corresponding Digimon-specific item in the reference.,"An exclusive item for the Bulbasaur family. When kept in the bag, the Pokémon can traverse lava without being burned."
xcl_test_lungeattack,LungeAttack Test,False,xcl,,Species-exclusive Pokemon equipment; no corresponding Digimon-specific item in the reference.,"An exclusive item for the Bulbasaur family. When kept in the bag, it changes the Pokémon's regular attack into a dash."
xcl_test_mapstatusoncategoryuse,MapStatusOnCategoryUse Test,False,xcl,,Species-exclusive Pokemon equipment; no corresponding Digimon-specific item in the reference.,"An exclusive item for the Bulbasaur family. When kept in the bag, the Pokémon changes the floor to Grassy Terrain after using a Status move."
xcl_test_mapsurveyor,MapSurveyor Test,False,xcl,,Species-exclusive Pokemon equipment; no corresponding Digimon-specific item in the reference.,"An exclusive item for the Bulbasaur family. When kept in the bag, it partially reveals the floor's layout the Pokémon reaches a new floor."
xcl_test_masterhurler,MasterHurler Test,False,xcl,,Species-exclusive Pokemon equipment; no corresponding Digimon-specific item in the reference.,"An exclusive item for the Bulbasaur family. When kept in the bag, items thrown by the Pokémon will pierce through enemies."
xcl_test_misfortunemirror,MisfortuneMirror Test,False,xcl,,Species-exclusive Pokemon equipment; no corresponding Digimon-specific item in the reference.,"An exclusive item for the Bulbasaur family. When kept in the bag, the Pokémon will more easily dodge attacks if its previous move missed."
xcl_test_multirayshot,MultiRayShot Test,False,xcl,,Species-exclusive Pokemon equipment; no corresponding Digimon-specific item in the reference.,"An exclusive item for the Bulbasaur family. When kept in the bag, items thrown by the Pokémon will spread out like a fan."
xcl_test_nontraitor,Nontraitor Test,False,xcl,,Species-exclusive Pokemon equipment; no corresponding Digimon-specific item in the reference.,"An exclusive item for the Bulbasaur family. When kept in the bag, the Pokémon cannot damage allies with its moves."
xcl_test_nostatusinweather,NoStatusInWeather Test,False,xcl,,Species-exclusive Pokemon equipment; no corresponding Digimon-specific item in the reference.,"An exclusive item for the Bulbasaur family. When kept in the bag, the Pokémon is protected from status conditions when the floor has the Sunny status."
xcl_test_nvecrit,NVECrit Test,False,xcl,,Species-exclusive Pokemon equipment; no corresponding Digimon-specific item in the reference.,"An exclusive item for the Bulbasaur family. When kept in the bag, it raises the critical-hit ratio of not-very-effective hits."
xcl_test_passthroughattacker,PassThroughAttacker Test,False,xcl,,Species-exclusive Pokemon equipment; no corresponding Digimon-specific item in the reference.,"An exclusive item for the Bulbasaur family. When kept in the bag, the Pokemon's moves and items that hit in a straight line will pass through walls."
xcl_test_ppboost,PPBoost Test,False,xcl,,Species-exclusive Pokemon equipment; no corresponding Digimon-specific item in the reference.,"An exclusive item for the Bulbasaur family. When kept in the bag, the Pokémon gets an extra 2PP to all of its moves."
xcl_test_practiceswinger,PracticeSwinger Test,False,xcl,,Species-exclusive Pokemon equipment; no corresponding Digimon-specific item in the reference.,"An exclusive item for the Bulbasaur family. When kept in the bag, the Pokémon will do increased damage if its previous move missed."
xcl_test_pressureplus,PressurePlus Test,False,xcl,,Species-exclusive Pokemon equipment; no corresponding Digimon-specific item in the reference.,"An exclusive item for the Bulbasaur family. When kept in the bag, the Pokémon will raise the PP usage of opponents that attack it."
xcl_test_removeabilityattack,RemoveAbilityAttack Test,False,xcl,,Species-exclusive Pokemon equipment; no corresponding Digimon-specific item in the reference.,"An exclusive item for the Bulbasaur family. When kept in the bag, it causes the Pokémon's regular attack to remove the target's ability."
xcl_test_royalveil,RoyalVeil Test,False,xcl,,Species-exclusive Pokemon equipment; no corresponding Digimon-specific item in the reference.,"An exclusive item for the Bulbasaur family. When kept in the bag, the Pokémon will gradually restore the HP of its allies when its own HP is full."
xcl_test_secondstab,SecondSTAB Test,False,xcl,,Species-exclusive Pokemon equipment; no corresponding Digimon-specific item in the reference.,"An exclusive item for the Bulbasaur family. When kept in the bag, the Pokémon's Fire-type moves are boosted."
xcl_test_selfcurer,SelfCurer Test,False,xcl,,Species-exclusive Pokemon equipment; no corresponding Digimon-specific item in the reference.,"An exclusive item for the Bulbasaur family. When kept in the bag, the Pokémon recovers faster from status problems."
xcl_test_shopfinder,ShopFinder Test,False,xcl,,Species-exclusive Pokemon equipment; no corresponding Digimon-specific item in the reference.,"An exclusive item for the Bulbasaur family. When kept in the bag, the Pokémon will find more shops when exploring in dungeons."
xcl_test_sleepwalker,SleepWalker Test,False,xcl,,Species-exclusive Pokemon equipment; no corresponding Digimon-specific item in the reference.,"An exclusive item for the Bulbasaur family. When kept in the bag, the Pokémon will be able to move when asleep."
xcl_test_specialattacker,SpecialAttacker Test,False,xcl,,Species-exclusive Pokemon equipment; no corresponding Digimon-specific item in the reference.,"An exclusive item for the Bulbasaur family. When kept in the bag, the category of the Pokémon's regular attack is changed from physical to special."
xcl_test_spikedropper,SpikeDropper Test,False,xcl,,Species-exclusive Pokemon equipment; no corresponding Digimon-specific item in the reference.,"An exclusive item for the Bulbasaur family. When kept in the bag, the Pokémon scatters Spikes when hit by a Physical attack."
xcl_test_stairsensor,StairSensor Test,False,xcl,,Species-exclusive Pokemon equipment; no corresponding Digimon-specific item in the reference.,"An exclusive item for the Bulbasaur family. When kept in the bag, it reveals the direction of the staircase whenever the Pokémon reaches a new floor."
xcl_test_statdropimmune,StatDropImmune Test,False,xcl,,Species-exclusive Pokemon equipment; no corresponding Digimon-specific item in the reference.,"An exclusive item for the Bulbasaur family. When kept in the bag, the Pokémon cannot have its Attack lowered."
xcl_test_statmirror,StatMirror Test,False,xcl,,Species-exclusive Pokemon equipment; no corresponding Digimon-specific item in the reference.,"An exclusive item for the Bulbasaur family. When kept in the bag, stat changes inflicted on the Pokémon are passed to the Pokémon that caused it."
xcl_test_statusimmune,StatusImmune Test,False,xcl,,Species-exclusive Pokemon equipment; no corresponding Digimon-specific item in the reference.,"An exclusive item for the Bulbasaur family. When kept in the bag, the Pokémon becomes immune to the Asleep status."
xcl_test_statusmirror,StatusMirror Test,False,xcl,,Species-exclusive Pokemon equipment; no corresponding Digimon-specific item in the reference.,"An exclusive item for the Bulbasaur family. When kept in the bag, status problems inflicted on the Pokémon are passed to the Pokémon that caused it."
xcl_test_statusonattack,StatusOnAttack Test,False,xcl,,Species-exclusive Pokemon equipment; no corresponding Digimon-specific item in the reference.,"An exclusive item for the Bulbasaur family. When kept in the bag, the Pokémon's regular attacks and thrown items have a chance to inflict the Poisoned status."
xcl_test_statusoncategoryhit,StatusOnCategoryHit Test,False,xcl,,Species-exclusive Pokemon equipment; no corresponding Digimon-specific item in the reference.,"An exclusive item for the Bulbasaur family. When kept in the bag, the Pokémon's Status moves inflict the Whirlpool status."
xcl_test_statusoncategoryuse,StatusOnCategoryUse Test,False,xcl,,Species-exclusive Pokemon equipment; no corresponding Digimon-specific item in the reference.,"An exclusive item for the Bulbasaur family. When kept in the bag, the Pokémon gains the Electrified status after using a Status move."
xcl_test_statussplash,StatusSplash Test,False,xcl,,Species-exclusive Pokemon equipment; no corresponding Digimon-specific item in the reference.,"An exclusive item for the Bulbasaur family. When kept in the bag, the Pokémon's stat-changing moves are spread to allies."
xcl_test_supercrit,SuperCrit Test,False,xcl,,Species-exclusive Pokemon equipment; no corresponding Digimon-specific item in the reference.,"An exclusive item for the Bulbasaur family. When kept in the bag, it raises the critical-hit ratio of super-effective hits."
xcl_test_surehitattacker,SureHitAttacker Test,False,xcl,,Species-exclusive Pokemon equipment; no corresponding Digimon-specific item in the reference.,"An exclusive item for the Bulbasaur family. When kept in the bag, the Pokémon's regular attack cannot miss."
xcl_test_throwonattack,ThrowOnAttack Test,False,xcl,,Species-exclusive Pokemon equipment; no corresponding Digimon-specific item in the reference.,"An exclusive item for the Bulbasaur family. When kept in the bag, the Pokémon's regular attack will throw opponents back."
xcl_test_trapbuster,TrapBuster Test,False,xcl,,Species-exclusive Pokemon equipment; no corresponding Digimon-specific item in the reference.,"An exclusive item for the Bulbasaur family. When kept in the bag, the Pokémon's moves will destroy traps."
xcl_test_typebecomescategory,TypeBecomesCategory Test,False,xcl,,Species-exclusive Pokemon equipment; no corresponding Digimon-specific item in the reference.,"An exclusive item for the Bulbasaur family. When kept in the bag, the Pokémon's Grass-type moves are changed to become Physical."
xcl_test_typebodyguard,TypeBodyguard Test,False,xcl,,Species-exclusive Pokemon equipment; no corresponding Digimon-specific item in the reference.,"An exclusive item for the Bulbasaur family. When kept in the bag, the Pokémon will step in to take Bug-type attacks for nearby allies."
xcl_test_typebulldozer,TypeBulldozer Test,False,xcl,,Species-exclusive Pokemon equipment; no corresponding Digimon-specific item in the reference.,"An exclusive item for the Bulbasaur family. When kept in the bag, it allows Ground-type moves to hit Flying-type Pokémon."
xcl_test_typedattack,TypedAttack Test,False,xcl,,Species-exclusive Pokemon equipment; no corresponding Digimon-specific item in the reference.,"An exclusive item for the Bulbasaur family. When kept in the bag, the Pokémon's regular attacks change to match its type."
xcl_test_wallbreaker,Wallbreaker Test,False,xcl,,Species-exclusive Pokemon equipment; no corresponding Digimon-specific item in the reference.,"An exclusive item for the Bulbasaur family. When kept in the bag, some of the Pokémon's moves will break walls."
xcl_test_wandmaster,WandMaster Test,False,xcl,,Species-exclusive Pokemon equipment; no corresponding Digimon-specific item in the reference.,"An exclusive item for the Bulbasaur family. When kept in the bag, the effects of wands will fly in an arc when waved by the Pokémon."
xcl_test_wandspread,WandSpread Test,False,xcl,,Species-exclusive Pokemon equipment; no corresponding Digimon-specific item in the reference.,"An exclusive item for the Bulbasaur family. When kept in the bag, the effects of wands will spread out like a fan when waved by the Pokémon."
xcl_test_warppayback,WarpPayback Test,False,xcl,,Species-exclusive Pokemon equipment; no corresponding Digimon-specific item in the reference.,"An exclusive item for the Bulbasaur family. When kept in the bag, it warps the attackers away when the Pokémon is hit with a Flying-type move."
xcl_test_waterterrain,WaterTerrain Test,False,xcl,,Species-exclusive Pokemon equipment; no corresponding Digimon-specific item in the reference.,"An exclusive item for the Bulbasaur family. When kept in the bag, the Pokémon can traverse water."
xcl_test_weaknessdodge,WeaknessDodge Test,False,xcl,,Species-exclusive Pokemon equipment; no corresponding Digimon-specific item in the reference.,"An exclusive item for the Bulbasaur family. When kept in the bag, the Pokémon becomes extremely likely to avoid Fire-type attacks."
xcl_test_weaknesspayback,WeaknessPayback Test,False,xcl,,Species-exclusive Pokemon equipment; no corresponding Digimon-specific item in the reference.,"An exclusive item for the Bulbasaur family. When kept in the bag, it inflicts the Poisoned status on the attacker when the Pokémon is hit with a Fire-type move."
xcl_test_weaknessreduce,WeaknessReduce Test,False,xcl,,Species-exclusive Pokemon equipment; no corresponding Digimon-specific item in the reference.,"An exclusive item for the Bulbasaur family. When kept in the bag, it reduces damage done by Psychic-type attacks."
xcl_test_weatherprotection,WeatherProtection Test,False,xcl,,Species-exclusive Pokemon equipment; no corresponding Digimon-specific item in the reference.,"An exclusive item for the Bulbasaur family. When kept in the bag, the Pokémon is protected from weather damage."
xcl_test_wideattack,WideAttack Test,False,xcl,,Species-exclusive Pokemon equipment; no corresponding Digimon-specific item in the reference.,"An exclusive item for the Bulbasaur family. When kept in the bag, the Pokémon's regular attack will hit the front and sides."
xcl_test_xray,XRay Test,False,xcl,,Species-exclusive Pokemon equipment; no corresponding Digimon-specific item in the reference.,"An exclusive item for the Bulbasaur family. When kept in the bag, it allows the Pokémon to see foes and items in heavy darkness."
