id,name,category,element,classification,learning_stages,access_center,power_per_hit,strikes,total_power,pp,accuracy,shape,range,friendly_fire,effects,reason,exception
acceleration_boost,Acceleration Boost,Support,normal,generic,Rookie; Champion; Ultimate; Mega,40.07,,1,,16,100,self,1,False,[],"Acceleration Boost preserves the released Focus Energy native critical-focus behavior, which is the available engine-supported charge effect.",
adhesive_bubble_blow,Adhesive Bubble Blow,Physical,grass,signature,Rookie,20.0,20,1,20,22,100,close,1,False,"[{""kind"": ""stat"", ""stat"": ""mod_speed"", ""stages"": -1, ""target"": ""foe"", ""chance"": 10}]",Adhesive Bubble Blow uses a melee delivery matched to its source wording and a 20-power access guide. The intentional Baby/In-Training exception holds this move below the Rookie guide. The single secondary effect is taken from the source text and priced into PP/power.,The intentional Baby/In-Training exception holds this move below the Rookie guide.; The single secondary effect is taken from the source text and priced into PP/power.
agility_charge,Agility Charge,Support,normal,generic,Rookie; Champion; Ultimate,34.43,,1,,20,100,thrown,4,False,"[{""kind"": ""stat"", ""stat"": ""mod_evasion"", ""stages"": 1, ""target"": ""target""}]",Agility Charge grants one evasion stage to a chosen ally at safe throwing range.,
aguichant_levres,Aguichant Levres,Special,fairy,signature,Mega,55.0,55,1,55,18,100,ranged,4,False,"[{""kind"": ""drain"", ""fraction"": 2}]","Aguichant Levres uses a melee delivery matched to its source wording and a 55-power access guide. The single secondary effect is taken from the source text and priced into PP/power. The named magical emission is a ranged shot, not an adjacent strike.",
air_bubbles,Air Bubbles,Special,water,signature,Rookie,20.0,20,1,20,24,100,ranged,4,False,[],"Air Bubbles uses a melee delivery matched to its source wording and a 20-power access guide. The intentional Baby/In-Training exception holds this move below the Rookie guide. The named magical emission is a ranged shot, not an adjacent strike.",The intentional Baby/In-Training exception holds this move below the Rookie guide.
air_shot,Air Shot,Special,flying,signature,Rookie,25.0,25,1,25,22,100,ranged,4,False,"[{""kind"": ""stat"", ""stat"": ""mod_speed"", ""stages"": 1, ""target"": ""self"", ""chance"": 10}]",Air Shot uses a projectile delivery matched to its source wording and a 25-power access guide. The single secondary effect is taken from the source text and priced into PP/power.,
ambush_crunch,Ambush Crunch,Physical,normal,signature,Champion,35.0,35,1,35,22,100,close,1,False,"[{""kind"": ""critical"", ""stages"": 1}]",Ambush Crunch uses a melee delivery matched to its source wording and a 35-power access guide. The single secondary effect is taken from the source text and priced into PP/power.,
amethyst_mandala,Amethyst Mandala,Special,fairy,signature,Mega,55.0,45,1,45,17,100,AOE/blast,2,False,[],"Amethyst Mandala uses a burst delivery matched to its source wording and a 55-power access guide. Its source explicitly hits all foes, so the burst trades per-hit power for safe area coverage.",
animal_nail,Animal Nail,Physical,ground,signature,Ultimate,45.0,45,1,45,20,100,thrown,3,False,[],Animal Nail uses a melee delivery matched to its source wording and a 45-power access guide. Its single-target damage stays near that access guide. The named weapon is thrown or launched instead of treated as a generic punch.,
anti_bug,Anti-Bug,Support,normal,generic,Champion; Ultimate,38.6,,1,,18,100,thrown,4,False,"[{""kind"": ""cure"", ""statuses"": [""confuse""]}, {""kind"": ""heal"", ""numerator"": 1, ""denominator"": 4}]",Anti-Bug treats its named condition on one ally and restores a quarter of that ally’s maximum HP.,
anti_panic,Anti-Panic,Support,normal,generic,Rookie; Champion; Ultimate,29.06,,1,,18,100,thrown,4,False,"[{""kind"": ""cure"", ""statuses"": [""confuse""]}, {""kind"": ""heal"", ""numerator"": 1, ""denominator"": 4}]",Anti-Panic treats its named condition on one ally and restores a quarter of that ally’s maximum HP.,
anti_paralysis,Anti-Paralysis,Support,normal,generic,Rookie; Champion; Ultimate,30.15,,1,,18,100,thrown,4,False,"[{""kind"": ""cure"", ""statuses"": [""paralyze""]}, {""kind"": ""heal"", ""numerator"": 1, ""denominator"": 4}]",Anti-Paralysis treats its named condition on one ally and restores a quarter of that ally’s maximum HP.,
anti_poison,Anti-Poison,Support,normal,generic,Rookie; Champion; Ultimate,30.15,,1,,18,100,thrown,4,False,"[{""kind"": ""cure"", ""statuses"": [""poison"", ""poison_toxic""]}, {""kind"": ""heal"", ""numerator"": 1, ""denominator"": 4}]",Anti-Poison treats its named condition on one ally and restores a quarter of that ally’s maximum HP.,
anti_sleep,Anti-Sleep,Support,normal,generic,Rookie; Champion; Ultimate,30.09,,1,,18,100,thrown,4,False,"[{""kind"": ""cure"", ""statuses"": [""sleep""]}, {""kind"": ""heal"", ""numerator"": 1, ""denominator"": 4}]",Anti-Sleep treats its named condition on one ally and restores a quarter of that ally’s maximum HP.,
anti_stun,Anti-Stun,Support,normal,generic,Rookie; Champion; Ultimate,30.0,,1,,18,100,thrown,4,False,"[{""kind"": ""cure"", ""statuses"": [""immobilized""]}, {""kind"": ""heal"", ""numerator"": 1, ""denominator"": 4}]",Anti-Stun treats its named condition on one ally and restores a quarter of that ally’s maximum HP.,
antidote,Antidote,Support,normal,generic,Champion; Ultimate; Mega,41.66,,1,,18,100,thrown,4,False,"[{""kind"": ""cure"", ""statuses"": [""immobilized""]}, {""kind"": ""heal"", ""numerator"": 1, ""denominator"": 4}]",Antidote treats its named condition on one ally and restores a quarter of that ally’s maximum HP.,
arctic_blizzard,Arctic Blizzard,Physical,water,signature,Mega,55.0,55,1,55,18,100,close,1,False,"[{""kind"": ""status"", ""status"": ""flinch"", ""target"": ""foe"", ""chance"": 20}]",Arctic Blizzard uses a melee delivery matched to its source wording and a 55-power access guide. The single secondary effect is taken from the source text and priced into PP/power.,
atomic_blaster,Atomic Blaster,Physical,electric,signature,Ultimate,45.0,50,1,50,18,100,line/beam,6,False,"[{""kind"": ""recoil"", ""fraction"": 4}]",Atomic Blaster uses a beam delivery matched to its source wording and a 45-power access guide. The single secondary effect is taken from the source text and priced into PP/power.,
atomic_ray,Atomic Ray,Physical,electric,signature,Mega,55.0,55,1,55,18,100,line/beam,6,False,"[{""kind"": ""status"", ""status"": ""flinch"", ""target"": ""foe"", ""chance"": 20}]",Atomic Ray uses a beam delivery matched to its source wording and a 55-power access guide. The single secondary effect is taken from the source text and priced into PP/power.,
attack_break,Attack Break,Support,normal,generic,Rookie; Champion; Ultimate,34.59,,1,,20,90,ranged,5,False,"[{""kind"": ""stat"", ""stat"": ""mod_attack"", ""stages"": -1, ""target"": ""target""}]",Attack Break applies a one-stage attack reduction to one foe with a 90% accurate ranged mark.,
attack_break_field,Attack Break Field,Support,normal,generic,Mega,55.0,,1,,15,90,AOE/blast,2,False,"[{""kind"": ""stat"", ""stat"": ""mod_attack"", ""stages"": -1, ""target"": ""target""}]","Attack Break Field applies one attack reduction to foes in a short burst, with lower accuracy for group control.",
attack_charge,Attack Charge,Support,normal,generic,Rookie; Champion; Ultimate; Mega,31.51,,1,,20,100,thrown,4,False,"[{""kind"": ""stat"", ""stat"": ""mod_attack"", ""stages"": 1, ""target"": ""target""}]",Attack Charge grants one attack stage to a chosen ally at safe throwing range.,
attack_charge_field,Attack Charge Field,Support,normal,generic,Champion; Mega,48.79,,1,,16,100,AOE/blast,2,False,"[{""kind"": ""stat"", ""stat"": ""mod_attack"", ""stages"": 1, ""target"": ""target""}]",Attack Charge Field applies one attack stage to every party member through a party burst.,
aura,Aura,Support,normal,generic,Champion; Ultimate; Mega,41.86,,1,,15,100,AOE/blast,2,False,"[{""kind"": ""heal"", ""numerator"": 1, ""denominator"": 4}]","Aura is the party burst healing tier, restoring 1/4 maximum HP to the user and allies.",
aurora_blaster,Aurora Blaster,Special,fairy,signature,Mega,55.0,55,1,55,20,100,line/beam,6,False,[],Aurora Blaster uses a beam delivery matched to its source wording and a 55-power access guide. Its single-target damage stays near that access guide.,
aurora_undulation,Aurora Undulation,Special,fairy,signature,Mega,55.0,45,1,45,18,-1,AOE/blast,2,False,[],"Aurora Undulation uses a burst delivery matched to its source wording and a 55-power access guide. Its source explicitly hits all foes, so the burst trades per-hit power for safe area coverage.",
awesome_quake_i,Awesome Quake I,Physical,ground,generic,Champion; Ultimate,39.9,30,1,30,20,95,AOE/blast,2,False,[],Awesome Quake I is tier 1 of its inherited chain: power rises from 30 toward the 40 access guide while PP falls for the stronger technique.,
awesome_quake_ii,Awesome Quake II,Physical,ground,generic,Champion; Ultimate; Mega,46.53,40,1,40,17,95,AOE/blast,2,False,[],Awesome Quake II is tier 2 of its inherited chain: power rises from 35 toward the 47 access guide while PP falls for the stronger technique.,
awesome_quake_iii,Awesome Quake III,Physical,ground,generic,Champion; Mega,48.42,45,1,45,14,95,AOE/blast,2,False,[],Awesome Quake III is tier 3 of its inherited chain: power rises from 40 toward the 48 access guide while PP falls for the stronger technique.,
baby_breath,Baby Breath,Physical,fire,signature,Rookie,25.0,25,1,25,24,100,ranged,4,False,[],Baby Breath uses a projectile delivery matched to its source wording and a 25-power access guide. Its single-target damage stays near that access guide.,
banana_slip,Banana Slip,Special,dark,signature,Mega,55.0,55,1,55,18,100,ranged,4,False,"[{""kind"": ""status"", ""status"": ""flinch"", ""target"": ""foe"", ""chance"": 20}]","Banana Slip uses a melee delivery matched to its source wording and a 55-power access guide. The single secondary effect is taken from the source text and priced into PP/power. The named magical emission is a ranged shot, not an adjacent strike.",
bantyo_blade,Bantyo Blade,Physical,normal,signature,Mega,55.0,55,1,55,20,100,thrown,3,False,[],Bantyo Blade uses a melee delivery matched to its source wording and a 55-power access guide. Its single-target damage stays near that access guide. The named weapon is thrown or launched instead of treated as a generic punch.,
berserk_sword,Berserk Sword,Special,normal,signature,Ultimate,45.0,55,1,55,14,75,ranged,4,False,[],"Berserk Sword converts its unsupported 30%-accuracy instant death into a scarce, inaccurate 55-center dark projectile; it remains threatening without introducing an unbounded KO effect.",The source instant-death clause is not represented in the approved effect vocabulary; 75 accuracy and 14 PP carry its high-risk identity.
bifrost,Bifrost,Special,fairy,signature,Mega,55.0,55,1,55,18,100,line/beam,6,False,"[{""kind"": ""stat"", ""stat"": ""mod_speed"", ""stages"": 1, ""target"": ""self"", ""chance"": 20}]",Bifrost uses a melee delivery matched to its source wording and a 55-power access guide. The single secondary effect is taken from the source text and priced into PP/power. The named ray/piercing miracle uses a long piercing beam.,
big_bang_voice,Big Bang Voice,Physical,normal,signature,Ultimate,45.0,25,1,25,15,100,broad line,4,True,"[{""kind"": ""status"", ""status"": ""paralyze"", ""target"": ""foe"", ""chance"": 20}]","Big Bang Voice uses a burst delivery matched to its source wording and a 45-power access guide. Its source explicitly hits all foes, so the burst trades per-hit power for ally-risk area coverage. The single secondary effect is taken from the source text and priced into PP/power. The source names a travelling sound/wind/energy front, so it uses a broad wave rather than an adjacent hit or radial burst. This is an indiscriminate catastrophic blast, so it can hit allies and gives up five power.",Friendly fire is intentional for this indiscriminate destructive signature.
bit_fire,Bit Fire,Physical,fire,signature,Champion,35.0,18,2,36,21,100,close,1,False,[],"Bit Fire uses a melee delivery matched to its source wording and a 35-power access guide. Its 2-hit implementation lowers each hit so total output stays near the access guide. Its 2-hit total is 36, aligned to the 35 access guide while preserving the starter total-power baseline.","Multi-hit power is per hit; total damage, rather than each strike, meets the 20-power starter baseline."
bite,Bite,Physical,normal,signature,Rookie,20.0,20,1,20,24,100,close,1,False,[],Bite uses a melee delivery matched to its source wording and a 20-power access guide. The intentional Baby/In-Training exception holds this move below the Rookie guide.,The intentional Baby/In-Training exception holds this move below the Rookie guide.
biting_crush,Biting Crush,Physical,water,signature,Mega,55.0,50,1,50,20,100,dash/lunge,3,False,[],Biting Crush uses a dash delivery matched to its source wording and a 55-power access guide. Its single-target damage stays near that access guide.,
black_aura_blast__leopardmon,Black Aura Blast,Special,dark,signature,Mega,55.0,55,1,55,20,100,ranged,4,False,[],Black Aura Blast uses a projectile delivery matched to its source wording and a 55-power access guide. Its single-target damage stays near that access guide.,
black_aura_blast__leopardmon_nx,Black Aura Blast,Special,dark,signature,Mega,55.0,55,1,55,20,100,ranged,4,False,[],Black Aura Blast uses a projectile delivery matched to its source wording and a 55-power access guide. Its single-target damage stays near that access guide.,
black_pearl_blast,Black Pearl Blast,Special,water,signature,Rookie,25.0,20,1,20,21,100,offset blast,3,False,[],"Black Pearl Blast uses a burst delivery matched to its source wording and a 25-power access guide. Its source explicitly hits all foes, so the burst trades per-hit power for safe area coverage. The bomb/cloud impact detonates ahead of the user, using an offset blast rather than a self-centered area. Its pure damaging area hit meets the 20-power floor.",Pure-damage AOE uses the 20-power floor.
black_rain,Black Rain,Physical,dark,signature,Mega,55.0,40,1,40,15,100,AOE/blast,2,True,"[{""kind"": ""status"", ""status"": ""confuse"", ""target"": ""foe"", ""chance"": 20}]","Black Rain uses a burst delivery matched to its source wording and a 55-power access guide. Its source explicitly hits all foes, so the burst trades per-hit power for ally-risk area coverage. The single secondary effect is taken from the source text and priced into PP/power. This is an indiscriminate catastrophic blast, so it can hit allies and gives up five power.",Friendly fire is intentional for this indiscriminate destructive signature.
black_tornado,Black Tornado,Physical,dark,signature,Mega,55.0,60,1,60,20,100,broad line,4,False,[],"Black Tornado uses a cone delivery matched to its source wording and a 55-power access guide. Its single-target damage stays near that access guide. The source names a travelling sound/wind/energy front, so it uses a broad wave rather than an adjacent hit or radial burst.",
blade_of_the_dragon_king__alphamon,Blade of the Dragon King,Physical,fairy,signature,Mega,55.0,55,1,55,20,100,close,1,False,[],Blade of the Dragon King uses a melee delivery matched to its source wording and a 55-power access guide. Its single-target damage stays near that access guide.,
blade_of_the_dragon_king__alphamon_nx,Blade of the Dragon King,Physical,fairy,signature,Mega,55.0,55,1,55,20,100,close,1,False,[],Blade of the Dragon King uses a melee delivery matched to its source wording and a 55-power access guide. Its single-target damage stays near that access guide.,
blaze_sonic_breath,Blaze Sonic Breath,Physical,fire,signature,Ultimate,45.0,45,1,45,18,100,ranged,4,False,"[{""kind"": ""stat"", ""stat"": ""mod_speed"", ""stages"": 1, ""target"": ""self"", ""chance"": 20}]",Blaze Sonic Breath uses a projectile delivery matched to its source wording and a 45-power access guide. The single secondary effect is taken from the source text and priced into PP/power.,
blazing_ice,Blazing Ice,Special,water,signature,Rookie,25.0,25,1,25,24,100,ranged,4,False,[],"Blazing Ice uses a melee delivery matched to its source wording and a 25-power access guide. Its single-target damage stays near that access guide. The named magical emission is a ranged shot, not an adjacent strike.",
blinded,Blinded,Physical,normal,signature,Ultimate,45.0,45,1,45,18,100,close,1,False,"[{""kind"": ""critical"", ""stages"": 1}]",Blinded uses a melee delivery matched to its source wording and a 45-power access guide. The single secondary effect is taken from the source text and priced into PP/power.,
blinding_ray,Blinding Ray,Special,fairy,signature,Rookie,25.0,25,1,25,24,100,line/beam,6,False,[],Blinding Ray uses a beam delivery matched to its source wording and a 25-power access guide. Its single-target damage stays near that access guide.,
blue_blaster,Blue Blaster,Physical,fire,signature,Rookie,25.0,25,1,25,22,100,line/beam,6,False,"[{""kind"": ""stat"", ""stat"": ""mod_defense"", ""stages"": -1, ""target"": ""foe"", ""chance"": 10}]",Blue Blaster uses a beam delivery matched to its source wording and a 25-power access guide. The single secondary effect is taken from the source text and priced into PP/power.,
blue_flare_breath,Blue Flare Breath,Physical,fire,signature,Champion,35.0,35,1,35,25,-1,ranged,4,False,[],Blue Flare Breath uses a projectile delivery matched to its source wording and a 35-power access guide. Its single-target damage stays near that access guide.,
brain_rupture,Brain Rupture,Special,electric,signature,Mega,55.0,55,1,55,18,100,ranged,4,False,"[{""kind"": ""status"", ""status"": ""confuse"", ""target"": ""foe"", ""chance"": 20}]","Brain Rupture uses a melee delivery matched to its source wording and a 55-power access guide. The single secondary effect is taken from the source text and priced into PP/power. The named magical emission is a ranged shot, not an adjacent strike.",
branch_drain,Branch Drain,Physical,grass,signature,Champion,35.0,35,1,35,22,100,close,1,False,"[{""kind"": ""drain"", ""fraction"": 4}]",Branch Drain uses a melee delivery matched to its source wording and a 35-power access guide. The single secondary effect is taken from the source text and priced into PP/power.,
brave_metal,Brave Metal,Physical,dark,signature,Mega,55.0,60,1,60,18,100,close,1,False,"[{""kind"": ""recoil"", ""fraction"": 4}]",Brave Metal uses a melee delivery matched to its source wording and a 55-power access guide. The single secondary effect is taken from the source text and priced into PP/power.,
breath_of_the_gods,Breath of the Gods,Support,normal,signature,Mega,55.0,,1,,14,-1,self,1,False,[],Breath of the Gods retains the closest verified defensive native effect; its 55 access center warrants limited PP.,
bubble_blow,Bubble Blow,Special,water,signature,Rookie,20.0,20,1,20,24,100,ranged,4,False,[],"Bubble Blow uses a melee delivery matched to its source wording and a 20-power access guide. The intentional Baby/In-Training exception holds this move below the Rookie guide. The named magical emission is a ranged shot, not an adjacent strike.",The intentional Baby/In-Training exception holds this move below the Rookie guide.
bubbles,Bubbles,Special,water,signature,Rookie,20.0,20,1,20,24,100,ranged,4,False,[],"Bubbles uses a melee delivery matched to its source wording and a 20-power access guide. The intentional Baby/In-Training exception holds this move below the Rookie guide. The named magical emission is a ranged shot, not an adjacent strike.",The intentional Baby/In-Training exception holds this move below the Rookie guide.
bunny_blades,Bunny Blades,Physical,flying,signature,Ultimate,45.0,22,2,44,17,100,sweep,1,False,[],"Bunny Blades uses a melee delivery matched to its source wording and a 45-power access guide. Its 2-hit implementation lowers each hit so total output stays near the access guide. The paired blade/tail fantasy sweeps the forward arc rather than focusing one adjacent tile. Its 2-hit total is 44, aligned to the 45 access guide while preserving the starter total-power baseline.","Multi-hit power is per hit; total damage, rather than each strike, meets the 20-power starter baseline."
burning_fist,Burning Fist,Physical,fire,signature,Champion,35.0,35,1,35,22,100,close,1,False,"[{""kind"": ""stat"", ""stat"": ""mod_attack"", ""stages"": 1, ""target"": ""self"", ""chance"": 30}]",Burning Fist uses a melee delivery matched to its source wording and a 35-power access guide. The single secondary effect is taken from the source text and priced into PP/power.,
burst_flame_i,Burst Flame I,Special,fire,generic,Rookie,25.0,20,1,20,24,95,cone,2,False,[],Burst Flame I is tier 1 of its inherited chain: power rises from 20 toward the 25 access guide while PP falls for the stronger technique.,
burst_flame_ii,Burst Flame II,Special,fire,generic,Champion,35.0,35,1,35,20,95,cone,2,False,[],Burst Flame II is tier 2 of its inherited chain: power rises from 25 toward the 35 access guide while PP falls for the stronger technique.,
burst_flame_iii,Burst Flame III,Special,fire,generic,Ultimate; Mega,48.57,50,1,50,16,95,cone,2,False,[],"A reliable tier-III cone shared across Ultimate, Mega. 50 power stays between its stage targets near the 48.57 blended access guide; 16 PP pays for late numbered-skill strength without imposing Mega-exclusive power on earlier learners.",
burst_shot,Burst Shot,Physical,fire,signature,Mega,55.0,28,2,56,14,100,AOE/blast,2,True,[],"Burst Shot uses a burst delivery matched to its source wording and a 55-power access guide. Its source explicitly hits all foes, so the burst trades per-hit power for ally-risk area coverage. Its 2-hit implementation lowers each hit so total output stays near the access guide. This is an indiscriminate catastrophic blast, so it can hit allies and gives up five power. Its 2-hit total is 56, aligned to the 55 access guide while preserving the starter total-power baseline.","Multi-hit power is per hit; total damage, rather than each strike, meets the 20-power starter baseline."
catastrophe_cannon,Catastrophe Cannon,Physical,fire,signature,Mega,55.0,28,2,56,15,100,line/beam,6,False,"[{""kind"": ""recoil"", ""fraction"": 4}]","Catastrophe Cannon uses a beam delivery matched to its source wording and a 55-power access guide. Its 2-hit implementation lowers each hit so total output stays near the access guide. The single secondary effect is taken from the source text and priced into PP/power. Its 2-hit total is 56, aligned to the 55 access guide while preserving the starter total-power baseline.","Multi-hit power is per hit; total damage, rather than each strike, meets the 20-power starter baseline."
celestial_arrow,Celestial Arrow,Special,fairy,signature,Ultimate,45.0,45,1,45,21,-1,ranged,4,False,[],Celestial Arrow uses a projectile delivery matched to its source wording and a 45-power access guide. Its single-target damage stays near that access guide.,
celestial_blade__ravemon,Celestial Blade,Special,electric,signature,Mega,55.0,35,1,35,17,100,AOE/blast,2,True,[],"Celestial Blade uses a burst delivery matched to its source wording and a 55-power access guide. Its source explicitly hits all foes, so the burst trades per-hit power for ally-risk area coverage. This is an indiscriminate catastrophic blast, so it can hit allies and gives up five power.",Friendly fire is intentional for this indiscriminate destructive signature. Friendly fire is intentional for this indiscriminate destructive signature.
celestial_blade__susanomon,Celestial Blade,Physical,fairy,signature,Mega,55.0,40,1,40,18,-1,AOE/blast,2,True,[],"Celestial Blade uses a burst delivery matched to its source wording and a 55-power access guide. Its source explicitly hits all foes, so the burst trades per-hit power for ally-risk area coverage. This is an indiscriminate celestial blade burst, so it can hit allies and gives up five power.",Friendly fire is intentional for this indiscriminate destructive signature.
chain_loss,Chain Loss,Support,normal,generic,Mega,55.0,,1,,14,90,ranged,5,False,"[{""kind"": ""stat"", ""stat"": ""mod_speed"", ""stages"": -2, ""target"": ""target""}]",Chain Loss is the full-combo disruption: a 90% ranged mark that drops the foe two Speed stages at 14 PP.,
chain_max,Chain Max,Support,normal,generic,Mega,55.0,,1,,14,100,self,1,False,"[{""kind"": ""stat"", ""stat"": ""mod_speed"", ""stages"": 2, ""target"": ""self""}]","Chain Max converts its full-combo payoff into two Speed stages at 14 PP, making it stronger but shorter-lived than Chain Plus.",
chain_minus,Chain Minus,Support,normal,generic,Champion; Ultimate; Mega,45.2,,1,,22,90,ranged,5,False,"[{""kind"": ""stat"", ""stat"": ""mod_speed"", ""stages"": -1, ""target"": ""target""}]","Chain Minus is the repeatable one-stage ranged Speed reduction, priced above the sharper Chain Loss.",
chain_plus,Chain Plus,Support,normal,generic,Rookie; Champion; Ultimate,36.27,,1,,22,100,self,1,False,"[{""kind"": ""stat"", ""stat"": ""mod_speed"", ""stages"": 1, ""target"": ""self""}]","Chain Plus grants one Speed stage at 22 PP as the safer, more repeatable combo boost.",
chaos_degradation,Chaos Degradation,Special,normal,signature,Mega,55.0,35,1,35,15,100,AOE/blast,2,True,[],"Chaos Degradation turns its percentage-wide HP loss into a low-PP foe-only dark burst, preserving broad attrition while keeping per-hit power below the Mega guide. This is an indiscriminate catastrophic blast, so it can hit allies and gives up five power.",The source percentage-HP rule has no approved direct effect; the burst is intentionally below the single-target Mega guide. Friendly fire is intentional for this indiscriminate destructive signature.
character_reversal,Character Reversal,Special,normal,generic,Champion; Ultimate; Mega,44.61,45,1,45,21,95,offset blast,3,False,[],A forward psychic detonation gives this late-access reversal a tactical area without treating it as a room attack.,
cheese_bomb,Cheese Bomb,Physical,fire,signature,Rookie,25.0,25,1,25,24,100,ranged,4,False,[],Cheese Bomb uses a projectile delivery matched to its source wording and a 25-power access guide. Its single-target damage stays near that access guide.,
cherry_bomb,Cherry Bomb,Physical,grass,signature,Ultimate,45.0,35,1,35,17,100,AOE/blast,2,False,[],"Cherry Bomb uses a burst delivery matched to its source wording and a 45-power access guide. Its source explicitly hits all foes, so the burst trades per-hit power for safe area coverage.",
chrono_breaker,Chrono Breaker,Special,normal,signature,Champion,35.0,30,1,30,22,100,close,1,False,"[{""kind"": ""stat"", ""stat"": ""mod_speed"", ""stages"": -1, ""target"": ""foe"", ""chance"": 30}]",Chrono Breaker uses a melee delivery matched to its source wording and a 35-power access guide. The single secondary effect is taken from the source text and priced into PP/power.,
cog_crusher,Cog Crusher,Physical,dark,signature,Rookie,25.0,20,1,20,25,-1,dash/lunge,3,False,[],Cog Crusher uses a dash delivery matched to its source wording and a 25-power access guide. Its single-target damage stays near that access guide.,
cold_flame,Cold Flame,Physical,fire,signature,Ultimate,45.0,45,1,45,18,100,close,1,False,"[{""kind"": ""stat"", ""stat"": ""mod_special_attack"", ""stages"": 1, ""target"": ""self"", ""chance"": 20}]",Cold Flame uses a melee delivery matched to its source wording and a 45-power access guide. The single secondary effect is taken from the source text and priced into PP/power.,
comet_hammer_i,Comet Hammer I,Physical,ground,generic,Rookie,22.44,20,1,20,24,95,dash/lunge,2,False,[],Comet Hammer I is tier 1 of its inherited chain: power rises from 20 toward the 22 access guide while PP falls for the stronger technique.,
comet_hammer_ii,Comet Hammer II,Physical,ground,generic,Champion,35.0,35,1,35,20,95,dash/lunge,2,False,[],Comet Hammer II is tier 2 of its inherited chain: power rises from 25 toward the 35 access guide while PP falls for the stronger technique.,
comet_hammer_iii,Comet Hammer III,Physical,ground,generic,Champion; Ultimate; Mega,44.24,55,1,55,16,95,dash/lunge,2,False,[],Comet Hammer III is tier 3 of its inherited chain: power rises from 35 toward the 44 access guide while PP falls for the stronger technique.,
corona_blaster,Corona Blaster,Physical,fire,signature,Ultimate,45.0,15,3,45,17,100,line/beam,6,False,[],"Corona Blaster uses a beam delivery matched to its source wording and a 45-power access guide. Its 3-hit implementation lowers each hit so total output stays near the access guide. Its 3-hit total is 45, aligned to the 45 access guide while preserving the starter total-power baseline.","Multi-hit power is per hit; total damage, rather than each strike, meets the 20-power starter baseline."
corona_destroyer,Corona Destroyer,Physical,dark,signature,Mega,55.0,55,1,55,18,100,close,1,False,"[{""kind"": ""drain"", ""fraction"": 4}]",Corona Destroyer uses a melee delivery matched to its source wording and a 55-power access guide. The single secondary effect is taken from the source text and priced into PP/power.,
crazy_giggle,Crazy Giggle,Physical,dark,signature,Rookie,25.0,25,1,25,24,100,close,1,False,[],Crazy Giggle uses a melee delivery matched to its source wording and a 25-power access guide. Its single-target damage stays near that access guide.,
crescent_leaf_i,Crescent Leaf I,Physical,grass,generic,Rookie,22.44,20,1,20,24,95,ranged,5,False,[],Crescent Leaf I is tier 1 of its inherited chain: power rises from 20 toward the 22 access guide while PP falls for the stronger technique.,
crescent_leaf_ii,Crescent Leaf II,Physical,grass,generic,Champion; Ultimate,36.19,35,1,35,20,95,ranged,5,False,[],Crescent Leaf II is tier 2 of its inherited chain: power rises from 25 toward the 36 access guide while PP falls for the stronger technique.,
crescent_leaf_iii,Crescent Leaf III,Physical,grass,generic,Ultimate; Mega,50.87,55,1,55,16,95,ranged,5,False,[],"A reliable tier-III projectile shared across Ultimate, Mega. 55 power stays between its stage targets near the 50.87 blended access guide; 16 PP pays for late numbered-skill strength without imposing Mega-exclusive power on earlier learners.",
crimson_curse,Crimson Curse,Physical,fire,signature,Champion,35.0,25,1,25,21,100,AOE/blast,1,False,[],"Crimson Curse uses a burst delivery matched to its source wording and a 35-power access guide. Its source explicitly hits all foes, so the burst trades per-hit power for safe area coverage.",
critical_charge,Critical Charge,Support,normal,generic,Rookie; Champion; Ultimate; Mega,34.04,,1,,18,100,self,1,False,[],"Critical Charge preserves the released Focus Energy native critical-focus behavior, which is the available engine-supported charge effect.",
cross_blade,Cross Blade,Physical,fairy,signature,Ultimate,45.0,45,1,45,18,100,sweep,1,False,"[{""kind"": ""critical"", ""stages"": 1}]",Cross Blade uses a melee delivery matched to its source wording and a 45-power access guide. The single secondary effect is taken from the source text and priced into PP/power. The paired blade/tail fantasy sweeps the forward arc rather than focusing one adjacent tile.,
cross_counter,Cross-Counter,Support,normal,generic,Rookie; Champion; Ultimate; Mega,38.59,,1,,16,100,self,1,False,[],Cross-Counter keeps the released native counter behavior because it directly supplies this specialized support role.,
crystal_cloud,Crystal Cloud,Special,water,signature,Champion,35.0,25,1,25,21,100,offset blast,3,False,[],"Crystal Cloud uses a burst delivery matched to its source wording and a 35-power access guide. Its source explicitly hits all foes, so the burst trades per-hit power for safe area coverage. The bomb/cloud impact detonates ahead of the user, using an offset blast rather than a self-centered area.",
crystal_revolution,Crystal Revolution,Special,water,signature,Mega,55.0,45,1,45,15,100,AOE/blast,2,False,"[{""kind"": ""drain"", ""fraction"": 4}]","Crystal Revolution uses a burst delivery matched to its source wording and a 55-power access guide. Its source explicitly hits all foes, so the burst trades per-hit power for safe area coverage. The single secondary effect is taken from the source text and priced into PP/power.",
d_grenade,D-Grenade,Physical,fire,signature,Champion,35.0,25,1,25,22,-1,offset blast,3,False,[],"D-Grenade uses a burst delivery matched to its source wording and a 35-power access guide. Its source explicitly hits all foes, so the burst trades per-hit power for safe area coverage. The bomb/cloud impact detonates ahead of the user, using an offset blast rather than a self-centered area.",
dark_prominence,Dark Prominence,Special,dark,signature,Mega,55.0,55,1,55,16,95,cone,2,False,"[{""kind"": ""status"", ""status"": ""immobilized"", ""target"": ""foe"", ""chance"": 15}]","Dark Prominence erupts as a close two-tile dark cone instead of an adjacent punch. Its 55-center damage and modest 15% immobilization stand in for Crystallization, with 16 PP pricing the control and reach.",Crystallization is represented by a modest immobilized chance from the approved status vocabulary.
dark_pupil,Dark Pupil,Physical,dark,signature,Ultimate,45.0,45,1,45,18,100,close,1,False,"[{""kind"": ""status"", ""status"": ""poison"", ""target"": ""foe"", ""chance"": 20}]",Dark Pupil uses a melee delivery matched to its source wording and a 45-power access guide. The single secondary effect is taken from the source text and priced into PP/power.,
dark_roar,Dark Roar,Physical,dark,signature,Mega,55.0,55,1,55,19,90,cone,2,False,"[{""kind"": ""critical"", ""stages"": 1}]",Dark Roar uses a cone delivery matched to its source wording and a 55-power access guide. The single secondary effect is taken from the source text and priced into PP/power.,
dark_terra_force,Dark Terra Force,Physical,dark,signature,Mega,55.0,40,1,40,15,100,AOE/blast,2,True,"[{""kind"": ""stat"", ""stat"": ""mod_defense"", ""stages"": 1, ""target"": ""self"", ""chance"": 30}]","Dark Terra Force uses a burst delivery matched to its source wording and a 55-power access guide. Its source explicitly hits all foes, so the burst trades per-hit power for ally-risk area coverage. The single secondary effect is taken from the source text and priced into PP/power. This is an indiscriminate catastrophic blast, so it can hit allies and gives up five power.",Friendly fire is intentional for this indiscriminate destructive signature.
darkness_wave,Darkness Wave,Special,dark,signature,Ultimate,45.0,22,2,44,14,100,broad line,4,False,[],"Darkness Wave uses a burst delivery matched to its source wording and a 45-power access guide. Its source explicitly hits all foes, so the burst trades per-hit power for safe area coverage. Its 2-hit implementation lowers each hit so total output stays near the access guide. The source names a travelling sound/wind/energy front, so it uses a broad wave rather than an adjacent hit or radial burst. Its 2-hit total is 44, aligned to the 45 access guide while preserving the starter total-power baseline.","Multi-hit power is per hit; total damage, rather than each strike, meets the 20-power starter baseline."
darkness_zone,Darkness Zone,Special,normal,signature,Mega,55.0,55,1,55,17,100,AOE/blast,2,True,[],"Darkness Zone uses a burst delivery matched to its source wording and a 55-power access guide. Its source explicitly hits all foes, so the burst trades per-hit power for ally-risk area coverage. This is an indiscriminate catastrophic blast, so it can hit allies and gives up five power.",Friendly fire is intentional for this indiscriminate destructive signature.
data_crusher,Data Crusher,Physical,dark,signature,Champion,35.0,30,1,30,24,100,dash/lunge,3,False,[],Data Crusher uses a dash delivery matched to its source wording and a 35-power access guide. Its single-target damage stays near that access guide.,
data_drain,Data Drain,Physical,dark,signature,Rookie,20.0,20,1,20,22,100,close,1,False,"[{""kind"": ""drain"", ""fraction"": 4}]",Data Drain uses a melee delivery matched to its source wording and a 20-power access guide. The intentional Baby/In-Training exception holds this move below the Rookie guide. The single secondary effect is taken from the source text and priced into PP/power.,The intentional Baby/In-Training exception holds this move below the Rookie guide.; The single secondary effect is taken from the source text and priced into PP/power.
dead_or_alive,Dead or Alive,Special,normal,signature,Ultimate,45.0,45,1,45,20,100,close,1,False,[],Dead or Alive uses a melee delivery matched to its source wording and a 45-power access guide. Its single-target damage stays near that access guide.,
death_charm,Death Charm,Special,normal,signature,Champion,35.0,35,1,35,24,100,close,1,False,[],Death Charm uses a melee delivery matched to its source wording and a 35-power access guide. Its single-target damage stays near that access guide.,
death_claw,Death Claw,Special,normal,signature,Champion,35.0,40,1,40,22,100,close,1,False,"[{""kind"": ""drain"", ""fraction"": 4}]",Death Claw uses a melee delivery matched to its source wording and a 35-power access guide. The single secondary effect is taken from the source text and priced into PP/power.,
death_parade_blaster,Death Parade Blaster,Physical,fairy,signature,Ultimate,45.0,22,2,44,14,100,AOE/blast,2,True,[],"Death Parade Blaster uses a burst delivery matched to its source wording and a 45-power access guide. Its source explicitly hits all foes, so the burst trades per-hit power for ally-risk area coverage. Its 2-hit implementation lowers each hit so total output stays near the access guide. This is an indiscriminate catastrophic blast, so it can hit allies and gives up five power. Its 2-hit total is 44, aligned to the 45 access guide while preserving the starter total-power baseline.","Multi-hit power is per hit; total damage, rather than each strike, meets the 20-power starter baseline."
demi_darts,Demi Darts,Physical,dark,signature,Rookie,25.0,20,1,20,19,100,AOE/blast,1,False,"[{""kind"": ""drain"", ""fraction"": 4}]","Demi Darts uses a burst delivery matched to its source wording and a 25-power access guide. Its source explicitly hits all foes, so the burst trades per-hit power for safe area coverage. The single secondary effect is taken from the source text and priced into PP/power. The per-hit value uses the 20-power floor.",Damage uses the 20-power floor.
demonic_disaster,Demonic Disaster,Physical,dark,signature,Mega,55.0,55,1,55,20,100,close,1,False,[],Demonic Disaster uses a melee delivery matched to its source wording and a 55-power access guide. Its single-target damage stays near that access guide.,
desolation_claw,Desolation Claw,Physical,normal,signature,Ultimate,45.0,45,1,45,20,100,close,1,False,[],Desolation Claw uses a melee delivery matched to its source wording and a 45-power access guide. Its single-target damage stays near that access guide.,
destroyed_hook,Destroyed Hook,Physical,electric,signature,Mega,55.0,55,1,55,18,100,close,1,False,"[{""kind"": ""status"", ""status"": ""poison"", ""target"": ""foe"", ""chance"": 20}]",Destroyed Hook uses a melee delivery matched to its source wording and a 55-power access guide. The single secondary effect is taken from the source text and priced into PP/power.,
destroyed_rush,Destroyed Rush,Physical,ground,signature,Mega,55.0,18,3,54,15,100,dash/lunge,3,False,"[{""kind"": ""critical"", ""stages"": 1}]","Destroyed Rush uses a dash delivery matched to its source wording and a 55-power access guide. Its 3-hit implementation lowers each hit so total output stays near the access guide. The single secondary effect is taken from the source text and priced into PP/power. Its 3-hit total is 54, aligned to the 55 access guide while preserving the starter total-power baseline.","Multi-hit power is per hit; total damage, rather than each strike, meets the 20-power starter baseline."
destruction,Destruction,Physical,dark,generic,Rookie; Ultimate; Mega,42.45,50,1,50,18,92,close,1,False,"[{""kind"": ""recoil"", ""fraction"": 4}]",A close destruction blow trades recoil for its above-center damage and keeps the shared physical attack single-target.,
destruction_cannon_i,Destruction Cannon I,Physical,dark,generic,Rookie; Champion,24.37,20,1,20,24,95,ranged,5,False,[],Destruction Cannon I is tier 1 of its inherited chain: power rises from 20 toward the 24 access guide while PP falls for the stronger technique.,
destruction_cannon_ii,Destruction Cannon II,Physical,dark,generic,Champion; Ultimate; Mega,39.31,40,1,40,20,95,ranged,5,False,[],Destruction Cannon II is tier 2 of its inherited chain: power rises from 30 toward the 39 access guide while PP falls for the stronger technique.,
destruction_cannon_iii,Destruction Cannon III,Physical,dark,generic,Champion; Ultimate; Mega,47.05,55,1,55,16,95,ranged,5,False,[],Destruction Cannon III is tier 3 of its inherited chain: power rises from 35 toward the 47 access guide while PP falls for the stronger technique.,
destruction_crush,Destruction Crush,Special,ground,signature,Mega,55.0,45,1,45,17,100,offset blast,3,False,[],"Destruction Crush uses a burst delivery matched to its source wording and a 55-power access guide. Its source explicitly hits all foes, so the burst trades per-hit power for safe area coverage. The bomb/cloud impact detonates ahead of the user, using an offset blast rather than a self-centered area.",
diamond_shell,Diamond Shell,Physical,ground,signature,Rookie,25.0,25,1,25,22,100,close,1,False,"[{""kind"": ""stat"", ""stat"": ""mod_defense"", ""stages"": 1, ""target"": ""self"", ""chance"": 10}]",Diamond Shell uses a melee delivery matched to its source wording and a 25-power access guide. The single secondary effect is taken from the source text and priced into PP/power.,
diamond_storm,Diamond Storm,Special,grass,signature,Rookie,25.0,20,1,20,21,100,offset blast,3,False,[],"Diamond Storm uses a burst delivery matched to its source wording and a 25-power access guide. Its source explicitly hits all foes, so the burst trades per-hit power for safe area coverage. The bomb/cloud impact detonates ahead of the user, using an offset blast rather than a self-centered area. Its pure damaging area hit meets the 20-power floor.",Pure-damage AOE uses the 20-power floor.
digital_bomb,Digital Bomb,Special,fire,signature,Ultimate,45.0,45,1,45,18,100,ranged,4,False,[],"Digital Bomb uses a projectile delivery matched to its source wording and a 45-power access guide. The source-wide base-stat rider has no one-stat schema equivalent, so this keeps the attack focused.",
dimension_scissor,Dimension Scissor,Physical,grass,signature,Mega,55.0,55,1,55,18,100,close,1,False,"[{""kind"": ""critical"", ""stages"": 1}]",Dimension Scissor uses a melee delivery matched to its source wording and a 55-power access guide. The single secondary effect is taken from the source text and priced into PP/power.,
disaster_blaster,Disaster Blaster,Special,fairy,signature,Ultimate,45.0,35,1,35,17,100,AOE/blast,2,False,[],"Disaster Blaster uses a burst delivery matched to its source wording and a 45-power access guide. Its source explicitly hits all foes, so the burst trades per-hit power for safe area coverage.",
dispel,Dispel,Support,normal,generic,Champion; Ultimate; Mega,46.3,,1,,16,100,thrown,4,False,"[{""kind"": ""cleanse"", ""group"": ""negative""}, {""kind"": ""heal"", ""numerator"": 1, ""denominator"": 4}]",Dispel removes only negative stat changes from one ally and restores a quarter of its maximum HP.,
divine_atonement,Divine Atonement,Special,fairy,signature,Mega,55.0,50,1,50,16,90,AOE/blast,2,True,"[{""kind"": ""stat"", ""stat"": ""mod_special_attack"", ""stages"": -1, ""target"": ""self"", ""chance"": 20}]","Divine Atonement uses a burst delivery matched to its source wording and a 55-power access guide. Its source explicitly hits all foes, so the burst trades per-hit power for ally-risk area coverage. The single secondary effect is taken from the source text and priced into PP/power. This is an indiscriminate catastrophic blast, so it can hit allies and gives up five power.",Friendly fire is intentional for this indiscriminate destructive signature.
divine_dragon_slash,Divine Dragon Slash,Physical,normal,signature,Mega,55.0,55,1,55,18,100,close,1,False,"[{""kind"": ""stat"", ""stat"": ""mod_speed"", ""stages"": 1, ""target"": ""self"", ""chance"": 20}]",Divine Dragon Slash uses a melee delivery matched to its source wording and a 55-power access guide. The single secondary effect is taken from the source text and priced into PP/power.,
divine_pierce,Divine Pierce,Special,fairy,signature,Rookie,25.0,25,1,25,24,100,line/beam,6,False,[],Divine Pierce uses a melee delivery matched to its source wording and a 25-power access guide. Its single-target damage stays near that access guide. The named ray/piercing miracle uses a long piercing beam.,
divine_pierce_awake,Divine Pierce (Awake),Special,fairy,signature,Rookie,25.0,25,1,25,24,100,line/beam,6,False,[],Divine Pierce (Awake) uses a melee delivery matched to its source wording and a 25-power access guide. Its single-target damage stays near that access guide. The named ray/piercing miracle uses a long piercing beam.,
dot_matrix,Dot Matrix,Physical,normal,signature,Ultimate; Mega,48.75,50,1,50,18,100,close,1,False,"[{""kind"": ""drain"", ""fraction"": 4}]",Dot Matrix uses a melee delivery matched to its source wording and a 49-power access guide. The single secondary effect is taken from the source text and priced into PP/power.,The single secondary effect is taken from the source text and priced into PP/power.
double_backhand,Double Backhand,Physical,normal,signature,Rookie,25.0,12,2,24,18,100,sweep,1,False,[],"Double Backhand uses a burst delivery matched to its source wording and a 25-power access guide. Its source explicitly hits all foes, so the burst trades per-hit power for safe area coverage. Its 2-hit implementation lowers each hit so total output stays near the access guide. The paired blade/tail fantasy sweeps the forward arc rather than focusing one adjacent tile. Its 2-hit total is 24, aligned to the 25 access guide while preserving the starter total-power baseline.","Multi-hit power is per hit; total damage, rather than each strike, meets the 20-power starter baseline."
double_impact,Double Impact,Physical,dark,signature,Mega,55.0,18,3,54,18,90,close,1,False,[],"Double Impact uses a melee delivery matched to its source wording and a 55-power access guide. Its 3-hit implementation lowers each hit so total output stays near the access guide. Its 3-hit total is 54, aligned to the 55 access guide while preserving the starter total-power baseline.","Multi-hit power is per hit; total damage, rather than each strike, meets the 20-power starter baseline."
double_scissor_claw,Double Scissor Claw,Physical,normal,signature,Ultimate,45.0,45,1,45,20,100,sweep,1,False,[],Double Scissor Claw uses a melee delivery matched to its source wording and a 45-power access guide. Its single-target damage stays near that access guide. The paired blade/tail fantasy sweeps the forward arc rather than focusing one adjacent tile.,
dragon_impulse,Dragon Impulse,Physical,flying,signature,Ultimate,45.0,50,1,50,18,100,dash/lunge,3,False,"[{""kind"": ""recoil"", ""fraction"": 4}]",Dragon Impulse uses a dash delivery matched to its source wording and a 45-power access guide. The single secondary effect is taken from the source text and priced into PP/power.,
dragon_s_roar,Dragon's Roar,Physical,fire,signature,Mega,55.0,28,2,56,15,100,cone,2,False,"[{""kind"": ""drain"", ""fraction"": 2}]","Dragon's Roar uses a cone delivery matched to its source wording and a 55-power access guide. Its 2-hit implementation lowers each hit so total output stays near the access guide. The single secondary effect is taken from the source text and priced into PP/power. Its 2-hit total is 56, aligned to the 55 access guide while preserving the starter total-power baseline.","Multi-hit power is per hit; total damage, rather than each strike, meets the 20-power starter baseline."
dragonic_impact,Dragonic Impact,Physical,fire,signature,Mega,55.0,40,1,40,15,100,AOE/blast,2,True,"[{""kind"": ""knockback"", ""distance"": 1}]","Dragonic Impact uses a burst delivery matched to its source wording and a 55-power access guide. Its source explicitly hits all foes, so the burst trades per-hit power for ally-risk area coverage. The single secondary effect is taken from the source text and priced into PP/power. This is an indiscriminate catastrophic blast, so it can hit allies and gives up five power.",Friendly fire is intentional for this indiscriminate destructive signature.
dumdum_uppercut,Dumdum Uppercut,Physical,normal,signature,Champion,35.0,35,1,35,22,100,close,1,False,"[{""kind"": ""status"", ""status"": ""flinch"", ""target"": ""foe"", ""chance"": 10}]",Dumdum Uppercut uses a melee delivery matched to its source wording and a 35-power access guide. The single secondary effect is taken from the source text and priced into PP/power.,
earth_shattering_stomp,Earth-Shattering Stomp,Physical,dark,signature,Ultimate,45.0,15,3,45,15,100,close,1,False,"[{""kind"": ""drain"", ""fraction"": 4}]","Earth-Shattering Stomp uses a melee delivery matched to its source wording and a 45-power access guide. Its 3-hit implementation lowers each hit so total output stays near the access guide. The single secondary effect is taken from the source text and priced into PP/power. Its 3-hit total is 45, aligned to the 45 access guide while preserving the starter total-power baseline.","Multi-hit power is per hit; total damage, rather than each strike, meets the 20-power starter baseline."
eden_s_javelin,Eden's Javelin,Special,fairy,signature,Mega,55.0,55,1,55,18,100,ranged,4,False,"[{""kind"": ""stat"", ""stat"": ""mod_special_attack"", ""stages"": 1, ""target"": ""self"", ""chance"": 30}]",Eden's Javelin uses a projectile delivery matched to its source wording and a 55-power access guide. The single secondary effect is taken from the source text and priced into PP/power.,
eiseiryuoujin,Eiseiryuoujin,Physical,electric,signature,Mega,55.0,55,1,55,18,100,close,1,False,"[{""kind"": ""critical"", ""stages"": 1}]",Eiseiryuoujin uses a melee delivery matched to its source wording and a 55-power access guide. The single secondary effect is taken from the source text and priced into PP/power.,
elastic_bubbles,Elastic Bubbles,Special,water,signature,Rookie,20.0,20,1,20,24,100,close,1,False,[],Elastic Bubbles uses a melee delivery matched to its source wording and a 20-power access guide. The intentional Baby/In-Training exception holds this move below the Rookie guide.,The intentional Baby/In-Training exception holds this move below the Rookie guide.
electric_shock,Electric Shock,Special,electric,signature,Rookie,25.0,25,1,25,22,100,close,1,False,"[{""kind"": ""status"", ""status"": ""paralyze"", ""target"": ""foe"", ""chance"": 10}]",Electric Shock uses a melee delivery matched to its source wording and a 25-power access guide. The single secondary effect is taken from the source text and priced into PP/power.,
electric_stun_blast,Electric Stun Blast,Physical,electric,signature,Rookie,25.0,25,1,25,22,100,ranged,4,False,"[{""kind"": ""status"", ""status"": ""paralyze"", ""target"": ""foe"", ""chance"": 15}]",Electric Stun Blast uses a projectile delivery matched to its source wording and a 25-power access guide. The single secondary effect is taken from the source text and priced into PP/power.,
electro_shocker,Electro Shocker,Special,electric,signature,Champion,35.0,35,1,35,24,100,ranged,4,False,[],"Electro Shocker uses a melee delivery matched to its source wording and a 35-power access guide. Its single-target damage stays near that access guide. The named magical emission is a ranged shot, not an adjacent strike.",
energy_bomb,Energy Bomb,Special,electric,signature,Ultimate,45.0,45,1,45,21,-1,ranged,4,False,[],Energy Bomb uses a projectile delivery matched to its source wording and a 45-power access guide. Its single-target damage stays near that access guide.,
escape_dash,Escape Dash,Support,normal,generic,Rookie; Champion; Ultimate; Mega,38.89,,1,,16,100,self,1,False,[],Escape Dash keeps the released native teleport behavior because it directly supplies this specialized support role.,
eternal_nightmare,Eternal Nightmare,Special,dark,signature,Mega,55.0,40,1,40,15,100,AOE/blast,2,False,"[{""kind"": ""status"", ""status"": ""sleep"", ""target"": ""foe"", ""chance"": 20}]","Eternal Nightmare uses a burst delivery matched to its source wording and a 55-power access guide. Its source explicitly hits all foes, so the burst trades per-hit power for safe area coverage. The single secondary effect is taken from the source text and priced into PP/power.",
exhaust_flame,Exhaust Flame,Physical,fire,signature,Champion,35.0,35,1,35,22,100,close,1,False,"[{""kind"": ""stat"", ""stat"": ""mod_attack"", ""stages"": 1, ""target"": ""self"", ""chance"": 10}]",Exhaust Flame uses a melee delivery matched to its source wording and a 35-power access guide. The single secondary effect is taken from the source text and priced into PP/power.,
extinction_wave,Extinction Wave,Special,fairy,signature,Mega,55.0,45,1,45,18,-1,AOE/blast,2,False,[],"Extinction Wave uses a burst delivery matched to its source wording and a 55-power access guide. Its source explicitly hits all foes, so the burst trades per-hit power for safe area coverage.",
eye_of_nightmares,Eye of Nightmares,Special,dark,signature,Rookie,25.0,25,1,25,22,100,close,1,False,"[{""kind"": ""drain"", ""fraction"": 4}]",Eye of Nightmares uses a melee delivery matched to its source wording and a 25-power access guide. The single secondary effect is taken from the source text and priced into PP/power.,
eye_of_the_gorgon,Eye of the Gorgon,Support,normal,signature,Mega,55.0,,1,,16,100,ranged,4,False,"[{""kind"": ""stat"", ""stat"": ""mod_defense"", ""stages"": -1, ""target"": ""foe"", ""chance"": 100}, {""kind"": ""status"", ""status"": ""confuse"", ""target"": ""foe"", ""chance"": 100}]",Eye of the Gorgon is a targeted late-game hex: its native ray delivery carries the source defense break and confusion together at low PP.,This deliberate two-effect signature keeps both source clauses; it has no damage component.
fang_strike,Fang Strike,Physical,fire,signature,Champion,35.0,35,1,35,22,100,close,1,False,"[{""kind"": ""status"", ""status"": ""flinch"", ""target"": ""foe"", ""chance"": 10}]",Fang Strike uses a melee delivery matched to its source wording and a 35-power access guide. The single secondary effect is taken from the source text and priced into PP/power.,
feather_slash,Feather Slash,Physical,flying,signature,Rookie,25.0,20,1,20,24,100,sweep,1,False,[],Feather Slash uses a melee delivery matched to its source wording and a 25-power access guide. Its single-target damage stays near that access guide. The paired blade/tail fantasy sweeps the forward arc rather than focusing one adjacent tile.,
fenrir_sword,Fenrir Sword,Physical,water,signature,Mega,55.0,55,1,55,20,100,close,1,False,[],Fenrir Sword uses a melee delivery matched to its source wording and a 55-power access guide. Its single-target damage stays near that access guide.,
fiery_fastball,Fiery Fastball,Physical,fire,signature,Rookie,25.0,25,1,25,24,100,ranged,4,False,[],Fiery Fastball uses a projectile delivery matched to its source wording and a 25-power access guide. Its single-target damage stays near that access guide.,
fif_cross,Fif Cross,Physical,ground,signature,Champion,35.0,18,2,36,22,90,thrown,3,False,[],"Fif Cross uses a melee delivery matched to its source wording and a 35-power access guide. Its 2-hit implementation lowers each hit so total output stays near the access guide. The named weapon is thrown or launched instead of treated as a generic punch. Its 2-hit total is 36, aligned to the 35 access guide while preserving the starter total-power baseline.","Multi-hit power is per hit; total damage, rather than each strike, meets the 20-power starter baseline."
fifth_rush,Fifth Rush,Physical,ground,signature,Rookie,25.0,10,3,30,21,100,dash/lunge,3,False,[],"Fifth Rush uses a dash delivery matched to its source wording and a 25-power access guide. Its 3-hit implementation lowers each hit so total output stays near the access guide. Its 3-hit total is 30, aligned to the 25 access guide while preserving the starter total-power baseline.","Multi-hit power is per hit; total damage, rather than each strike, meets the 20-power starter baseline."
final_aura,Final Aura,Support,normal,generic,Champion; Mega,48.6,,1,,8,100,AOE/blast,2,False,"[{""kind"": ""heal"", ""numerator"": 3, ""denominator"": 4}]","Final Aura is the party burst healing tier, restoring 3/4 maximum HP to the user and allies.",
final_heal,Final Heal,Support,normal,generic,Mega,55.0,,1,,12,100,thrown,4,False,"[{""kind"": ""heal"", ""numerator"": 3, ""denominator"": 4}]","Final Heal is the single-ally healing tier, restoring 3/4 maximum HP with PP scaled to its strength.",
final_shining_burst,Final Shining Burst,Physical,fire,signature,Mega,55.0,50,1,50,16,90,AOE/blast,2,True,"[{""kind"": ""stat"", ""stat"": ""mod_attack"", ""stages"": -1, ""target"": ""self"", ""chance"": 20}]","Final Shining Burst uses a burst delivery matched to its source wording and a 55-power access guide. Its source explicitly hits all foes, so the burst trades per-hit power for ally-risk area coverage. The single secondary effect is taken from the source text and priced into PP/power. This is an indiscriminate catastrophic blast, so it can hit allies and gives up five power.",Friendly fire is intentional for this indiscriminate destructive signature.
fire_breath,Fire Breath,Physical,fire,signature,Champion,35.0,35,1,35,22,100,ranged,4,False,"[{""kind"": ""critical"", ""stages"": 1}]",Fire Breath uses a projectile delivery matched to its source wording and a 35-power access guide. The single secondary effect is taken from the source text and priced into PP/power.,
fire_tornado,Fire Tornado,Special,fairy,signature,Mega,55.0,45,1,45,17,100,broad line,4,False,[],"Fire Tornado uses a burst delivery matched to its source wording and a 55-power access guide. Its source explicitly hits all foes, so the burst trades per-hit power for safe area coverage. The source names a travelling sound/wind/energy front, so it uses a broad wave rather than an adjacent hit or radial burst.",
firedrake_strike,Firedrake Strike,Physical,fire,signature,Mega,55.0,55,1,55,20,100,close,1,False,[],Firedrake Strike uses a melee delivery matched to its source wording and a 55-power access guide. Its single-target damage stays near that access guide.,
fist_of_athena__crusadermon,Fist of Athena,Physical,fire,signature,Mega,55.0,60,1,60,18,100,close,1,False,"[{""kind"": ""status"", ""status"": ""flinch"", ""target"": ""foe"", ""chance"": 20}]",Fist of Athena uses a melee delivery matched to its source wording and a 55-power access guide. The single secondary effect is taken from the source text and priced into PP/power.,
fist_of_athena__crusadermon_nx,Fist of Athena,Physical,fire,signature,Mega,55.0,60,1,60,20,100,close,1,False,[],Fist of Athena uses a melee delivery matched to its source wording and a 55-power access guide. Its single-target damage stays near that access guide.,
fist_of_ice,Fist of Ice,Physical,water,signature,Ultimate,45.0,45,1,45,18,100,close,1,False,"[{""kind"": ""status"", ""status"": ""flinch"", ""target"": ""foe"", ""chance"": 15}]",Fist of Ice uses a melee delivery matched to its source wording and a 45-power access guide. The single secondary effect is taken from the source text and priced into PP/power.,
fist_of_the_beast_king,Fist of the Beast King,Physical,ground,signature,Champion,35.0,35,1,35,24,100,close,1,False,[],Fist of the Beast King uses a melee delivery matched to its source wording and a 35-power access guide. Its single-target damage stays near that access guide.,
flame_cannon,Flame Cannon,Physical,fire,signature,Rookie,25.0,20,1,20,21,100,AOE/blast,1,True,[],"Flame Cannon uses a burst delivery matched to its source wording and a 25-power access guide. Its source explicitly hits all foes, so the burst trades per-hit power for ally-risk area coverage. This is an indiscriminate catastrophic blast, so it can hit allies and gives up five power. Its pure damaging area hit meets the 20-power floor.",Friendly fire is intentional for this indiscriminate destructive signature. Pure-damage AOE uses the 20-power floor.
flame_inferno,Flame Inferno,Special,fire,signature,Mega,55.0,40,1,40,17,100,AOE/blast,2,True,[],"Flame Inferno uses a burst delivery matched to its source wording and a 55-power access guide. Its source explicitly hits all foes, so the burst trades per-hit power for ally-risk area coverage. This is an indiscriminate catastrophic blast, so it can hit allies and gives up five power.",Friendly fire is intentional for this indiscriminate destructive signature.
flaming_fist,Flaming Fist,Physical,fire,signature,Champion,35.0,25,1,25,21,100,AOE/blast,1,False,[],"Flaming Fist uses a burst delivery matched to its source wording and a 35-power access guide. Its source explicitly hits all foes, so the burst trades per-hit power for safe area coverage.",
flashy_boss_punch,Flashy Boss Punch,Physical,fairy,signature,Mega,55.0,55,1,55,18,100,close,1,False,"[{""kind"": ""status"", ""status"": ""flinch"", ""target"": ""foe"", ""chance"": 20}]",Flashy Boss Punch uses a melee delivery matched to its source wording and a 55-power access guide. The single secondary effect is taken from the source text and priced into PP/power.,
flower_cannon,Flower Cannon,Special,grass,signature,Ultimate,45.0,45,1,45,18,100,line/beam,6,False,"[{""kind"": ""status"", ""status"": ""paralyze"", ""target"": ""foe"", ""chance"": 20}]",Flower Cannon uses a beam delivery matched to its source wording and a 45-power access guide. The single secondary effect is taken from the source text and priced into PP/power.,
flying_kick,Flying Kick,Physical,grass,signature,Champion,35.0,30,1,30,24,100,dash/lunge,3,False,[],Flying Kick uses a dash delivery matched to its source wording and a 35-power access guide. Its single-target damage stays near that access guide.,
forbidden_trident,Forbidden Trident,Physical,water,signature,Ultimate,45.0,45,1,45,20,100,thrown,3,False,[],Forbidden Trident uses a melee delivery matched to its source wording and a 45-power access guide. Its single-target damage stays near that access guide. The named weapon is thrown or launched instead of treated as a generic punch.,
fossil_bite,Fossil Bite,Physical,water,signature,Champion,35.0,18,2,36,21,100,close,1,False,[],"Fossil Bite uses a melee delivery matched to its source wording and a 35-power access guide. Its 2-hit implementation lowers each hit so total output stays near the access guide. Its 2-hit total is 36, aligned to the 35 access guide while preserving the starter total-power baseline.","Multi-hit power is per hit; total damage, rather than each strike, meets the 20-power starter baseline."
fox_fire,Fox Fire,Physical,fire,signature,Champion,35.0,35,1,35,22,100,close,1,False,"[{""kind"": ""stat"", ""stat"": ""mod_speed"", ""stages"": 1, ""target"": ""self"", ""chance"": 10}]",Fox Fire uses a melee delivery matched to its source wording and a 35-power access guide. The single secondary effect is taken from the source text and priced into PP/power.,
fox_tail,Fox Tail,Physical,fairy,signature,Rookie,20.0,20,1,20,24,100,sweep,1,False,[],Fox Tail uses a melee delivery matched to its source wording and a 20-power access guide. The intentional Baby/In-Training exception holds this move below the Rookie guide. The paired blade/tail fantasy sweeps the forward arc rather than focusing one adjacent tile.,The intentional Baby/In-Training exception holds this move below the Rookie guide.
freeze_fang,Freeze Fang,Physical,water,signature,Champion,35.0,35,1,35,22,100,close,1,False,"[{""kind"": ""stat"", ""stat"": ""mod_speed"", ""stages"": 1, ""target"": ""self"", ""chance"": 10}]",Freeze Fang uses a melee delivery matched to its source wording and a 35-power access guide. The single secondary effect is taken from the source text and priced into PP/power.,
freezing_breath,Freezing Breath,Special,water,signature,Mega,55.0,55,1,55,18,100,ranged,4,False,"[{""kind"": ""status"", ""status"": ""paralyze"", ""target"": ""foe"", ""chance"": 20}]",Freezing Breath uses a projectile delivery matched to its source wording and a 55-power access guide. The single secondary effect is taken from the source text and priced into PP/power.,
frozen_claw,Frozen Claw,Physical,water,signature,Champion,35.0,30,1,30,24,100,close,1,False,[],Frozen Claw uses a melee delivery matched to its source wording and a 35-power access guide. Its single-target damage stays near that access guide.,
full_moon_blaster,Full Moon Blaster,Physical,fairy,signature,Mega,55.0,55,1,55,21,-1,line/beam,6,False,[],Full Moon Blaster uses a beam delivery matched to its source wording and a 55-power access guide. Its single-target damage stays near that access guide.,
full_moon_kick,Full Moon Kick,Physical,ground,signature,Ultimate,45.0,40,1,40,18,100,dash/lunge,3,False,"[{""kind"": ""stat"", ""stat"": ""mod_speed"", ""stages"": 1, ""target"": ""self"", ""chance"": 20}]",Full Moon Kick uses a dash delivery matched to its source wording and a 45-power access guide. The single secondary effect is taken from the source text and priced into PP/power.,
full_moon_meteor_impact,Full Moon Meteor Impact,Physical,fairy,signature,Mega,55.0,55,1,55,18,100,close,1,False,"[{""kind"": ""critical"", ""stages"": 1}]",Full Moon Meteor Impact uses a melee delivery matched to its source wording and a 55-power access guide. The single secondary effect is taken from the source text and priced into PP/power.,
fungus_crusher,Fungus Crusher,Physical,grass,signature,Rookie,25.0,20,1,20,24,100,dash/lunge,3,False,[],Fungus Crusher uses a dash delivery matched to its source wording and a 25-power access guide. Its single-target damage stays near that access guide.,
fury_fire,Fury Fire,Physical,fairy,signature,Champion,35.0,18,2,36,19,100,sweep,1,False,"[{""kind"": ""critical"", ""stages"": 1}]","Fury Fire uses a melee delivery matched to its source wording and a 35-power access guide. Its 2-hit implementation lowers each hit so total output stays near the access guide. The single secondary effect is taken from the source text and priced into PP/power. The paired blade/tail fantasy sweeps the forward arc rather than focusing one adjacent tile. Its 2-hit total is 36, aligned to the 35 access guide while preserving the starter total-power baseline.","Multi-hit power is per hit; total damage, rather than each strike, meets the 20-power starter baseline."
fury_fire_awake,Fury Fire (Awake),Physical,fairy,signature,Champion,35.0,18,2,36,19,100,sweep,1,False,"[{""kind"": ""critical"", ""stages"": 1}]","Fury Fire (Awake) uses a melee delivery matched to its source wording and a 35-power access guide. Its 2-hit implementation lowers each hit so total output stays near the access guide. The single secondary effect is taken from the source text and priced into PP/power. The paired blade/tail fantasy sweeps the forward arc rather than focusing one adjacent tile. Its 2-hit total is 36, aligned to the 35 access guide while preserving the starter total-power baseline.","Multi-hit power is per hit; total damage, rather than each strike, meets the 20-power starter baseline."
gaia_element_i,Gaia Element I,Special,grass,generic,Rookie,21.86,20,1,20,24,95,ranged,5,False,[],Gaia Element I is tier 1 of its inherited chain: power rises from 20 toward the 22 access guide while PP falls for the stronger technique.,
gaia_element_ii,Gaia Element II,Special,grass,generic,Champion,35.0,35,1,35,20,95,ranged,5,False,[],Gaia Element II is tier 2 of its inherited chain: power rises from 25 toward the 35 access guide while PP falls for the stronger technique.,
gaia_element_iii,Gaia Element III,Special,grass,generic,Ultimate; Mega,50.11,55,1,55,16,95,ranged,5,False,[],"A reliable tier-III projectile shared across Ultimate, Mega. 55 power stays between its stage targets near the 50.11 blended access guide; 16 PP pays for late numbered-skill strength without imposing Mega-exclusive power on earlier learners.",
galactic_flare,Galactic Flare,Special,normal,signature,Ultimate,45.0,35,1,35,17,100,broad line,4,False,[],"Galactic Flare uses a burst delivery matched to its source wording and a 45-power access guide. Its source explicitly hits all foes, so the burst trades per-hit power for safe area coverage. The source names a travelling sound/wind/energy front, so it uses a broad wave rather than an adjacent hit or radial burst.",
gale_storm_i,Gale Storm I,Physical,flying,generic,Champion; Ultimate,38.48,30,1,30,21,95,cone,2,False,[],Gale Storm I is tier 1 of its inherited chain: power rises from 30 toward the 38 access guide while PP falls for the stronger technique.,
gale_storm_ii,Gale Storm II,Physical,flying,generic,Ultimate; Mega,50.25,50,1,50,17,95,cone,2,False,[],Gale Storm II is tier 2 of its inherited chain: power rises from 40 toward the 50 access guide while PP falls for the stronger technique.,
gale_storm_iii,Gale Storm III,Physical,flying,generic,Mega,55.0,65,1,65,14,95,cone,2,False,[],Gale Storm III is tier 3 of its inherited chain: power rises from 45 toward the 55 access guide while PP falls for the stronger technique.,
garuru_tomahawk,Garuru Tomahawk,Physical,normal,signature,Mega,55.0,55,1,55,21,-1,thrown,3,False,[],Garuru Tomahawk uses a melee delivery matched to its source wording and a 55-power access guide. Its single-target damage stays near that access guide. The named weapon is thrown or launched instead of treated as a generic punch.,
gear_stringer,Gear Stringer,Physical,electric,signature,Rookie,25.0,12,2,24,21,100,ranged,4,False,[],"Gear Stringer uses a melee delivery matched to its source wording and a 25-power access guide. Its 2-hit implementation lowers each hit so total output stays near the access guide. The stringer is a physical ranged launcher. Its 2-hit total is 24, aligned to the 25 access guide while preserving the starter total-power baseline.","Multi-hit power is per hit; total damage, rather than each strike, meets the 20-power starter baseline."
genocidal_gears,Genocidal Gears,Physical,fire,signature,Ultimate,45.0,35,1,35,17,100,AOE/blast,2,False,[],"Genocidal Gears uses a burst delivery matched to its source wording and a 45-power access guide. Its source explicitly hits all foes, so the burst trades per-hit power for safe area coverage.",
genocide_attack,Genocide Attack,Physical,fire,signature,Ultimate,45.0,45,1,45,18,100,close,1,False,"[{""kind"": ""critical"", ""stages"": 1}]",Genocide Attack uses a melee delivery matched to its source wording and a 45-power access guide. The single secondary effect is taken from the source text and priced into PP/power.,
geogrey_sword,GeoGrey Sword,Physical,fire,signature,Mega,55.0,55,1,55,18,100,close,1,False,"[{""kind"": ""stat"", ""stat"": ""mod_attack"", ""stages"": 1, ""target"": ""self"", ""chance"": 20}]",GeoGrey Sword uses a melee delivery matched to its source wording and a 55-power access guide. The single secondary effect is taken from the source text and priced into PP/power.,
gift_of_darkness,Gift of Darkness,Physical,dark,signature,Mega,55.0,60,1,60,20,100,close,1,False,[],Gift of Darkness uses a melee delivery matched to its source wording and a 55-power access guide. Its single-target damage stays near that access guide.,
giga_blaster,Giga Blaster,Special,electric,signature,Mega,55.0,55,1,55,20,100,line/beam,6,False,[],Giga Blaster uses a beam delivery matched to its source wording and a 55-power access guide. Its single-target damage stays near that access guide.,
giga_destroyer,Giga Destroyer,Physical,fire,signature,Ultimate,45.0,45,1,45,20,100,close,1,False,[],Giga Destroyer uses a melee delivery matched to its source wording and a 45-power access guide. Its single-target damage stays near that access guide.,
glare_eye,Glare Eye,Special,dark,signature,Rookie,20.0,20,1,20,24,100,ranged,4,False,[],"Glare Eye uses a melee delivery matched to its source wording and a 20-power access guide. The intentional Baby/In-Training exception holds this move below the Rookie guide. The named magical emission is a ranged shot, not an adjacent strike.",The intentional Baby/In-Training exception holds this move below the Rookie guide.
glide_horn,Glide Horn,Physical,flying,signature,Champion,35.0,35,1,35,22,100,close,1,False,"[{""kind"": ""status"", ""status"": ""flinch"", ""target"": ""foe"", ""chance"": 15}]",Glide Horn uses a melee delivery matched to its source wording and a 35-power access guide. The single secondary effect is taken from the source text and priced into PP/power.,
goblin_strike,Goblin Strike,Physical,fire,signature,Rookie,25.0,25,1,25,22,100,close,1,False,"[{""kind"": ""status"", ""status"": ""flinch"", ""target"": ""foe"", ""chance"": 10}]",Goblin Strike uses a melee delivery matched to its source wording and a 25-power access guide. The single secondary effect is taken from the source text and priced into PP/power.,
god_flame,God Flame,Physical,fairy,signature,Mega,55.0,40,1,40,17,100,AOE/blast,2,True,[],"God Flame uses a burst delivery matched to its source wording and a 55-power access guide. Its source explicitly hits all foes, so the burst trades per-hit power for ally-risk area coverage. This is an indiscriminate catastrophic blast, so it can hit allies and gives up five power.",Friendly fire is intentional for this indiscriminate destructive signature.
god_matrix,God Matrix,Physical,normal,signature,Mega,55.0,40,1,40,15,100,AOE/blast,2,True,"[{""kind"": ""drain"", ""fraction"": 4}]","God Matrix uses a burst delivery matched to its source wording and a 55-power access guide. Its source explicitly hits all foes, so the burst trades per-hit power for ally-risk area coverage. The single secondary effect is taken from the source text and priced into PP/power. This is an indiscriminate catastrophic blast, so it can hit allies and gives up five power.",Friendly fire is intentional for this indiscriminate destructive signature.
golden_rush,Golden Rush,Physical,fairy,signature,Champion,35.0,18,2,36,18,100,AOE/blast,1,False,[],"Golden Rush uses a burst delivery matched to its source wording and a 35-power access guide. Its source explicitly hits all foes, so the burst trades per-hit power for safe area coverage. Its 2-hit implementation lowers each hit so total output stays near the access guide. Its 2-hit total is 36, aligned to the 35 access guide while preserving the starter total-power baseline.","Multi-hit power is per hit; total damage, rather than each strike, meets the 20-power starter baseline."
golden_triangle,Golden Triangle,Special,fairy,signature,Champion; Ultimate,38.75,40,1,40,22,100,ranged,4,False,[],"Golden Triangle uses a melee delivery matched to its source wording and a 39-power access guide. The source-wide base-stat rider has no one-stat schema equivalent, so this keeps the attack focused. The named magical emission is a ranged shot, not an adjacent strike.",The single secondary effect is taken from the source text and priced into PP/power.
golden_triangle_i,Golden Triangle I,Special,electric,signature,,,35,1,35,22,100,ranged,4,False,[],"Golden Triangle I uses a melee delivery matched to its source wording and a 35-power access guide. The source-wide base-stat rider has no one-stat schema equivalent, so this keeps the attack focused. The named magical emission is a ranged shot, not an adjacent strike.",
good_night_moon,Good Night Moon,Special,fairy,signature,Mega,55.0,55,1,55,18,100,ranged,4,False,"[{""kind"": ""status"", ""status"": ""sleep"", ""target"": ""foe"", ""chance"": 20}]","Good Night Moon uses a melee delivery matched to its source wording and a 55-power access guide. The single secondary effect is taken from the source text and priced into PP/power. The named magical emission is a ranged shot, not an adjacent strike.",
grand_cross,Grand Cross,Physical,fairy,signature,Rookie,25.0,20,1,20,21,100,AOE/blast,1,False,[],"Grand Cross uses a burst delivery matched to its source wording and a 25-power access guide. Its source explicitly hits all foes, so the burst trades per-hit power for safe area coverage. Its pure damaging area hit meets the 20-power floor.",Pure-damage AOE uses the 20-power floor.
grand_rock_i,Grand Rock I,Special,ground,generic,Rookie,25.0,20,1,20,24,95,thrown,3,False,[],Grand Rock I is tier 1 of its inherited chain: power rises from 20 toward the 25 access guide while PP falls for the stronger technique.,
grand_rock_ii,Grand Rock II,Special,ground,generic,Champion,35.0,35,1,35,20,95,thrown,3,False,[],Grand Rock II is tier 2 of its inherited chain: power rises from 25 toward the 35 access guide while PP falls for the stronger technique.,
grand_rock_iii,Grand Rock III,Special,ground,generic,Ultimate; Mega,50.63,55,1,55,16,95,thrown,3,False,[],"A reliable tier-III throw shared across Ultimate, Mega. 55 power stays between its stage targets near the 50.63 blended access guide; 16 PP pays for late numbered-skill strength without imposing Mega-exclusive power on earlier learners.",
great_tornado,Great Tornado,Physical,normal,signature,Mega,55.0,55,1,55,20,100,cone,2,False,[],Great Tornado uses a cone delivery matched to its source wording and a 55-power access guide. Its single-target damage stays near that access guide.,
great_weight,Great Weight,Physical,ground,signature,Champion,35.0,35,1,35,22,100,close,1,False,"[{""kind"": ""stat"", ""stat"": ""mod_defense"", ""stages"": -1, ""target"": ""foe"", ""chance"": 10}]",Great Weight uses a melee delivery matched to its source wording and a 35-power access guide. The single secondary effect is taken from the source text and priced into PP/power.,
green_flare_breath,Green Flare Breath,Physical,fire,signature,Champion,35.0,30,1,30,22,100,ranged,4,False,"[{""kind"": ""critical"", ""stages"": 1}]",Green Flare Breath uses a projectile delivery matched to its source wording and a 35-power access guide. The single secondary effect is taken from the source text and priced into PP/power.,
guard_break,Guard Break,Support,normal,generic,Rookie; Champion; Ultimate,33.42,,1,,20,90,ranged,5,False,"[{""kind"": ""stat"", ""stat"": ""mod_defense"", ""stages"": -1, ""target"": ""target""}]",Guard Break applies a one-stage defense reduction to one foe with a 90% accurate ranged mark.,
guard_break_field,Guard Break Field,Support,normal,generic,Mega,55.0,,1,,15,90,AOE/blast,2,False,"[{""kind"": ""stat"", ""stat"": ""mod_defense"", ""stages"": -1, ""target"": ""target""}]","Guard Break Field applies one defense reduction to foes in a short burst, with lower accuracy for group control.",
guard_charge,Guard Charge,Support,normal,generic,Rookie; Champion; Ultimate,31.02,,1,,20,100,thrown,4,False,"[{""kind"": ""stat"", ""stat"": ""mod_defense"", ""stages"": 1, ""target"": ""target""}]",Guard Charge grants one defense stage to a chosen ally at safe throwing range.,
guard_charge_field,Guard Charge Field,Support,normal,generic,Champion; Mega,48.4,,1,,16,100,AOE/blast,2,False,"[{""kind"": ""stat"", ""stat"": ""mod_defense"", ""stages"": 1, ""target"": ""target""}]",Guard Charge Field applies one defense stage to every party member through a party burst.,
hard_rock_spirit,Hard Rock Spirit,Physical,fire,signature,Rookie,25.0,12,2,24,21,100,close,1,False,[],"Hard Rock Spirit uses a melee delivery matched to its source wording and a 25-power access guide. Its 2-hit implementation lowers each hit so total output stays near the access guide. Its 2-hit total is 24, aligned to the 25 access guide while preserving the starter total-power baseline.","Multi-hit power is per hit; total damage, rather than each strike, meets the 20-power starter baseline."
harpoon_torpedo,Harpoon Torpedo,Physical,fire,signature,Champion,35.0,35,1,35,25,-1,ranged,4,False,[],Harpoon Torpedo uses a projectile delivery matched to its source wording and a 35-power access guide. Its single-target damage stays near that access guide.,
heal,Heal,Support,normal,generic,Rookie; Champion; Ultimate,28.18,,1,,24,100,thrown,4,False,"[{""kind"": ""heal"", ""numerator"": 1, ""denominator"": 4}]","Heal is the single-ally healing tier, restoring 1/4 maximum HP with PP scaled to its strength.",
hearts_attack,Hearts Attack,Support,normal,signature,Ultimate,45.0,,1,,16,-1,ranged,3,False,"[{""kind"": ""heal"", ""numerator"": 1, ""denominator"": 4}, {""kind"": ""stat"", ""stat"": ""mod_attack"", ""stages"": 1, ""target"": ""foe"", ""chance"": 100}]",Hearts Attack projects a 25% healing pulse to one ally and applies its modest attack-stage buff to that same ally. Its low PP pays for the 45-center support package.,"The action targets an ally; effect target ""foe"" is the compiler’s generic hit-target flag and therefore applies the buff to that ally."
heat_wave,Heat Wave,Special,fire,signature,Ultimate,45.0,35,1,35,17,100,broad line,4,False,[],"Heat Wave uses a burst delivery matched to its source wording and a 45-power access guide. Its source explicitly hits all foes, so the burst trades per-hit power for safe area coverage. The source names a travelling sound/wind/energy front, so it uses a broad wave rather than an adjacent hit or radial burst.",
heaven_s_gate,Heaven's Gate,Special,fairy,signature,Ultimate,45.0,45,1,45,20,100,line/beam,6,False,[],Heaven's Gate uses a melee delivery matched to its source wording and a 45-power access guide. Its single-target damage stays near that access guide. The named ray/piercing miracle uses a long piercing beam.,
heaven_s_judgment,Heaven's Judgment,Special,fairy,signature,Mega,55.0,40,1,40,15,100,AOE/blast,2,True,"[{""kind"": ""critical"", ""stages"": 1}]","Heaven's Judgment uses a burst delivery matched to its source wording and a 55-power access guide. Its source explicitly hits all foes, so the burst trades per-hit power for ally-risk area coverage. The single secondary effect is taken from the source text and priced into PP/power. This is an indiscriminate catastrophic blast, so it can hit allies and gives up five power.",Friendly fire is intentional for this indiscriminate destructive signature.
heaven_s_knuckle,Heaven's Knuckle,Physical,fairy,signature,Champion,35.0,35,1,35,22,100,close,1,False,"[{""kind"": ""stat"", ""stat"": ""mod_special_attack"", ""stages"": 1, ""target"": ""self"", ""chance"": 10}]",Heaven's Knuckle uses a melee delivery matched to its source wording and a 35-power access guide. The single secondary effect is taken from the source text and priced into PP/power.,
heaven_s_thunder,Heaven's Thunder,Special,electric,signature,Mega,55.0,18,3,54,15,100,close,1,False,"[{""kind"": ""status"", ""status"": ""paralyze"", ""target"": ""foe"", ""chance"": 20}]","Heaven's Thunder uses a melee delivery matched to its source wording and a 55-power access guide. Its 3-hit implementation lowers each hit so total output stays near the access guide. The single secondary effect is taken from the source text and priced into PP/power. Its 3-hit total is 54, aligned to the 55 access guide while preserving the starter total-power baseline.","Multi-hit power is per hit; total damage, rather than each strike, meets the 20-power starter baseline."
heaven_s_thunder_i,Heaven's Thunder I,Special,electric,generic,Rookie,25.0,20,1,20,24,95,thrown,3,False,[],Heaven's Thunder I is tier 1 of its inherited chain: power rises from 20 toward the 25 access guide while PP falls for the stronger technique.,
heaven_s_thunder_ii,Heaven's Thunder II,Special,electric,generic,Champion,35.0,35,1,35,20,95,thrown,3,False,[],Heaven's Thunder II is tier 2 of its inherited chain: power rises from 25 toward the 35 access guide while PP falls for the stronger technique.,
heaven_s_thunder_iii,Heaven's Thunder III,Special,electric,generic,Ultimate; Mega,50.08,55,1,55,16,95,thrown,3,False,[],"A reliable tier-III throw shared across Ultimate, Mega. 55 power stays between its stage targets near the 50.08 blended access guide; 16 PP pays for late numbered-skill strength without imposing Mega-exclusive power on earlier learners.",
heavy_metal_fire,Heavy Metal Fire,Physical,fire,signature,Ultimate,45.0,45,1,45,18,100,close,1,False,"[{""kind"": ""stat"", ""stat"": ""mod_defense"", ""stages"": 1, ""target"": ""self"", ""chance"": 30}]",Heavy Metal Fire uses a melee delivery matched to its source wording and a 45-power access guide. The single secondary effect is taken from the source text and priced into PP/power.,
heavy_strike_i,Heavy Strike I,Physical,normal,generic,Rookie,23.32,20,1,20,24,95,close,1,False,[],Heavy Strike I is tier 1 of its inherited chain: power rises from 20 toward the 23 access guide while PP falls for the stronger technique.,
heavy_strike_ii,Heavy Strike II,Physical,normal,generic,Champion,35.0,35,1,35,20,95,close,1,False,[],Heavy Strike II is tier 2 of its inherited chain: power rises from 25 toward the 35 access guide while PP falls for the stronger technique.,
heavy_strike_iii,Heavy Strike III,Physical,normal,generic,Ultimate; Mega,49.51,55,1,55,16,95,close,1,False,[],"A reliable tier-III melee shared across Ultimate, Mega. 55 power stays between its stage targets near the 49.51 blended access guide; 16 PP pays for late numbered-skill strength without imposing Mega-exclusive power on earlier learners.",
hell_crusher_i,Hell Crusher I,Special,dark,generic,Champion; Ultimate,40.25,30,1,30,24,95,line/beam,6,False,[],Hell Crusher I is tier 1 of its inherited chain: power rises from 30 toward the 40 access guide while PP falls for the stronger technique.,
hell_crusher_ii,Hell Crusher II,Special,dark,generic,Ultimate; Mega,48.91,50,1,50,20,95,line/beam,6,False,[],Hell Crusher II is tier 2 of its inherited chain: power rises from 40 toward the 49 access guide while PP falls for the stronger technique.,
hell_crusher_iii,Hell Crusher III,Special,dark,generic,Ultimate; Mega,52.11,55,1,55,16,95,line/beam,6,False,[],"A reliable tier-III beam shared across Ultimate, Mega. 55 power stays between its stage targets near the 52.11 blended access guide; 16 PP pays for late numbered-skill strength without imposing Mega-exclusive power on earlier learners.",
hell_masquerade,Hell Masquerade,Physical,grass,signature,Ultimate,45.0,22,2,44,15,100,sweep,1,False,"[{""kind"": ""critical"", ""stages"": 1}]","Hell Masquerade uses a melee delivery matched to its source wording and a 45-power access guide. Its 2-hit implementation lowers each hit so total output stays near the access guide. The single secondary effect is taken from the source text and priced into PP/power. The paired blade/tail fantasy sweeps the forward arc rather than focusing one adjacent tile. Its 2-hit total is 44, aligned to the 45 access guide while preserving the starter total-power baseline.","Multi-hit power is per hit; total damage, rather than each strike, meets the 20-power starter baseline."
hit_charge,Hit Charge,Support,normal,generic,Champion; Ultimate,39.11,,1,,20,100,thrown,4,False,"[{""kind"": ""stat"", ""stat"": ""mod_accuracy"", ""stages"": 1, ""target"": ""target""}]",Hit Charge grants one accuracy stage to a chosen ally at safe throwing range.,
holy_light_i,Holy Light I,Special,fairy,generic,Rookie,25.0,20,1,20,24,95,line/beam,6,False,[],Holy Light I is tier 1 of its inherited chain: power rises from 20 toward the 25 access guide while PP falls for the stronger technique.,
holy_light_ii,Holy Light II,Special,fairy,generic,Champion,35.0,35,1,35,20,95,line/beam,6,False,[],Holy Light II is tier 2 of its inherited chain: power rises from 25 toward the 35 access guide while PP falls for the stronger technique.,
holy_light_iii,Holy Light III,Special,fairy,generic,Rookie; Ultimate; Mega,42.66,55,1,55,16,95,line/beam,6,False,[],Holy Light III is tier 3 of its inherited chain: power rises from 35 toward the 43 access guide while PP falls for the stronger technique.,
holy_shot,Holy Shot,Special,fairy,signature,Champion,35.0,35,1,35,22,100,ranged,4,False,"[{""kind"": ""stat"", ""stat"": ""mod_special_attack"", ""stages"": 1, ""target"": ""self"", ""chance"": 10}]",Holy Shot uses a projectile delivery matched to its source wording and a 35-power access guide. The single secondary effect is taken from the source text and priced into PP/power.,
horn_buster,Horn Buster,Special,electric,signature,Ultimate,45.0,45,1,45,20,100,line/beam,6,False,[],Horn Buster uses a melee delivery matched to its source wording and a 45-power access guide. Its single-target damage stays near that access guide. The named ray/piercing miracle uses a long piercing beam.,
howling_crusher,Howling Crusher,Physical,ground,signature,Mega,55.0,28,2,56,17,100,dash/lunge,3,False,[],"Howling Crusher uses a dash delivery matched to its source wording and a 55-power access guide. Its 2-hit implementation lowers each hit so total output stays near the access guide. Its 2-hit total is 56, aligned to the 55 access guide while preserving the starter total-power baseline.","Multi-hit power is per hit; total damage, rather than each strike, meets the 20-power starter baseline."
hydro_water_i,Hydro Water I,Special,water,generic,Rookie,21.86,20,1,20,24,95,ranged,5,False,[],Hydro Water I is tier 1 of its inherited chain: power rises from 20 toward the 22 access guide while PP falls for the stronger technique.,
hydro_water_ii,Hydro Water II,Special,water,generic,Champion; Ultimate,37.51,40,1,40,20,95,ranged,5,False,[],Hydro Water II is tier 2 of its inherited chain: power rises from 30 toward the 38 access guide while PP falls for the stronger technique.,
hydro_water_iii,Hydro Water III,Special,water,generic,Ultimate; Mega,49.82,55,1,55,16,95,ranged,5,False,[],"A reliable tier-III projectile shared across Ultimate, Mega. 55 power stays between its stage targets near the 49.82 blended access guide; 16 PP pays for late numbered-skill strength without imposing Mega-exclusive power on earlier learners.",
hyper_cannon,Hyper Cannon,Physical,fire,signature,Champion,35.0,40,1,40,22,100,line/beam,6,False,"[{""kind"": ""recoil"", ""fraction"": 4}]",Hyper Cannon uses a beam delivery matched to its source wording and a 35-power access guide. The single secondary effect is taken from the source text and priced into PP/power.,
hyper_heat,Hyper Heat,Physical,fire,signature,Champion,35.0,35,1,35,22,100,close,1,False,"[{""kind"": ""stat"", ""stat"": ""mod_defense"", ""stages"": -1, ""target"": ""foe"", ""chance"": 10}]",Hyper Heat uses a melee delivery matched to its source wording and a 35-power access guide. The single secondary effect is taken from the source text and priced into PP/power.,
hyper_infinity_cannon,Hyper Infinity Cannon,Physical,electric,signature,Mega,55.0,40,1,40,17,100,AOE/blast,2,True,[],"Hyper Infinity Cannon uses a burst delivery matched to its source wording and a 55-power access guide. Its source explicitly hits all foes, so the burst trades per-hit power for ally-risk area coverage. This is an indiscriminate catastrophic blast, so it can hit allies and gives up five power.",Friendly fire is intentional for this indiscriminate destructive signature.
hyper_smell,Hyper Smell,Physical,ground,signature,Champion,35.0,35,1,35,22,100,close,1,False,"[{""kind"": ""status"", ""status"": ""paralyze"", ""target"": ""foe"", ""chance"": 15}]",Hyper Smell uses a melee delivery matched to its source wording and a 35-power access guide. The single secondary effect is taken from the source text and priced into PP/power.,
ice_archery_i,Ice Archery I,Physical,water,generic,Rookie,25.0,25,1,25,24,95,ranged,5,False,[],Ice Archery I is the required ranged Physical archery progression at 25 power and 24 PP; each tier gains force while sacrificing uses.,
ice_archery_ii,Ice Archery II,Physical,water,generic,Champion,35.0,35,1,35,20,95,ranged,5,False,[],Ice Archery II is the required ranged Physical archery progression at 35 power and 20 PP; each tier gains force while sacrificing uses.,
ice_archery_iii,Ice Archery III,Physical,water,generic,Ultimate; Mega,49.46,45,1,45,16,95,ranged,5,False,[],Ice Archery III is the required ranged Physical archery progression at 45 power and 16 PP; each tier gains force while sacrificing uses.,
ice_blast,Ice Blast,Special,water,signature,Champion,35.0,35,1,35,22,100,ranged,4,False,"[{""kind"": ""stat"", ""stat"": ""mod_speed"", ""stages"": -1, ""target"": ""foe"", ""chance"": 10}]",Ice Blast uses a projectile delivery matched to its source wording and a 35-power access guide. The single secondary effect is taken from the source text and priced into PP/power.,
ice_wolf_claw,Ice Wolf Claw,Physical,water,signature,Mega,55.0,28,2,56,14,100,AOE/blast,2,False,[],"Ice Wolf Claw uses a burst delivery matched to its source wording and a 55-power access guide. Its source explicitly hits all foes, so the burst trades per-hit power for safe area coverage. Its 2-hit implementation lowers each hit so total output stays near the access guide. Its 2-hit total is 56, aligned to the 55 access guide while preserving the starter total-power baseline.","Multi-hit power is per hit; total damage, rather than each strike, meets the 20-power starter baseline."
iceball_bomb,Iceball Bomb,Physical,water,signature,Champion,35.0,35,1,35,22,100,offset blast,3,False,"[{""kind"": ""critical"", ""stages"": 1}]","Iceball Bomb uses a projectile delivery matched to its source wording and a 35-power access guide. The single secondary effect is taken from the source text and priced into PP/power. The bomb/cloud impact detonates ahead of the user, using an offset blast rather than a self-centered area.",
idle_bubble,Idle Bubble,Special,water,generic,Rookie; Champion; Ultimate; Mega,32.63,35,1,35,18,92,ranged,5,False,"[{""kind"": ""status"", ""status"": ""sleep"", ""target"": ""foe"", ""chance"": 15}]",A short bubble shot keeps its disabling theme to a restrained sleep chance for broadly shared access.,
infinity_cannon,Infinity Cannon,Physical,electric,signature,Mega,55.0,37,1,37,15,82,broad line,6,True,[],"Infinity Cannon gives Machinedramon a wave physical electric signature based on “Physical attack, 115 Electric damage to all foes. 80% accuracy.”; 42 power per hit and 15 PP are tuned around its 55 access center. Its named destructive all-combatant attack deliberately risks allies; reduced power and PP price that risk.",Friendly fire is intentional for this indiscriminate large attack.
infinity_dream,Infinity Dream,Support,normal,signature,Champion,35.0,,1,,14,75,AOE/blast,2,False,"[{""kind"": ""status"", ""status"": ""confuse"", ""target"": ""foe"", ""chance"": 100}]",Infinity Dream is a 35-center foe-only nightmare burst. Its source’s multi-status 50% clause becomes a reliable confusion field at 14 PP because support effects cannot use damage-gated proc rolls.,The source has three ailments; the support effect contract keeps one readable confusion condition.
judecca_prison,Judecca Prison,Special,dark,signature,Mega,55.0,48,1,48,18,-1,line/beam,5,False,"[{""kind"": ""stat"", ""stat"": ""mod_defense"", ""stages"": 1, ""target"": ""self"", ""chance"": 100}]","Judecca Prison gives ChaosGallantmon a beam magic dark signature based on “Magic attack, 115 Dark damage to one foe. Always hits and undoes any stat reductions.”; 48 power per hit and 18 PP are tuned around its 55 access center.",
judgement_of_the_blade,Judgement of the Blade,Physical,normal,signature,Mega,55.0,18,3,54,16,92,ranged,3,False,[],"Judgement of the Blade gives Jesmon a projectile physical neutral signature based on “5 physical attacks, 30 Neutral damage to one foe.”; 18 power per hit and 16 PP are tuned around its 55 access center. Its 3-hit total is 54, aligned to the 55 access guide while preserving the starter total-power baseline.","Multi-hit power is per hit; total damage, rather than each strike, meets the 20-power starter baseline."
justice_kick,Justice Kick,Physical,normal,signature,Mega,55.0,52,1,52,18,90,dash/lunge,3,False,"[{""kind"": ""stat"", ""stat"": ""mod_attack"", ""stages"": 1, ""target"": ""self"", ""chance"": 100}]","Justice Kick gives Justimon a dash physical neutral signature based on “Physical attack, 130 Neutral damage to one foe. 5% chance of increasing ATK by 50%.”; 52 power per hit and 18 PP are tuned around its 55 access center.",
katana_attack,Katana Attack,Physical,normal,signature,Rookie,25.0,27,1,27,27,98,close,1,False,"[{""kind"": ""critical"", ""stages"": 1}]",Katana Attack gives Ryudamon a melee physical neutral signature based on “DEF-penetrating medium Neutral attack on one foe.”; 27 power per hit and 27 PP are tuned around its 25 access center.,
knuckle_beater,Knuckle Beater,Physical,normal,signature,Rookie,25.0,30,1,30,26,96,close,1,False,[],"Knuckle Beater gives Monodramon a melee physical neutral signature based on “Physical attack, 75 Neutral damage to one foe.”; 30 power per hit and 26 PP are tuned around its 25 access center.",
kunai_wing,Kunai Wing,Physical,flying,signature,Champion,35.0,12,3,36,19,92,ranged,4,False,[],"Kunai Wing gives Peckmon a projectile physical wind signature based on “3 physical attacks, 30 Wind damage to one foe.”; 12 power per hit and 19 PP are tuned around its 35 access center. Its 3-hit total is 36, aligned to the 35 access guide while preserving the starter total-power baseline.","Multi-hit power is per hit; total damage, rather than each strike, meets the 20-power starter baseline."
legendary_dragon_blade,Legendary Dragon Blade,Physical,ground,signature,Ultimate,45.0,47,1,47,21,93,sweep,1,False,"[{""kind"": ""critical"", ""stages"": 1}]",Legendary Dragon Blade gives Hisyaryumon a sweep physical earth signature based on “DEF-penetrating strong Earth attack on one foe.”; 47 power per hit and 21 PP are tuned around its 45 access center.,
lightning_javelin,Lightning Javelin,Special,electric,signature,Ultimate,45.0,41,1,41,20,90,thrown,4,False,"[{""kind"": ""status"", ""status"": ""paralyze"", ""target"": ""foe"", ""chance"": 20}]","Lightning Javelin gives MegaSeadramon a throw magic electric signature based on “Magic attack, 105 Electric damage to one foe. 40% chance of paralyzing target.”; 41 power per hit and 20 PP are tuned around its 45 access center.",
lightning_joust__gallantmon,Lightning Joust,Physical,fairy,signature,Mega,55.0,50,1,50,18,92,dash/lunge,3,False,"[{""kind"": ""stat"", ""stat"": ""mod_defense"", ""stages"": 1, ""target"": ""self"", ""chance"": 100}]","Lightning Joust gives Gallantmon a dash physical light signature based on “Physical attack, 140 Light damage to one foe. 50% chance of increasing DEF by 10%.”; 50 power per hit and 18 PP are tuned around its 55 access center.",
lightning_joust__gallantmon_nx,Lightning Joust,Physical,fairy,signature,Mega,55.0,48,1,48,19,92,dash/lunge,3,False,"[{""kind"": ""stat"", ""stat"": ""mod_defense"", ""stages"": 1, ""target"": ""self"", ""chance"": 100}]","Lightning Joust gives Gallantmon NX a dash physical light signature based on “Physical attack, 135 Light damage to one foe. 50% chance of increasing DEF by 10%.”; 48 power per hit and 19 PP are tuned around its 55 access center.",
lightning_paw,Lightning Paw,Special,normal,signature,Champion,35.0,35,1,35,18,95,close,1,False,"[{""kind"": ""status"", ""status"": ""confuse"", ""target"": ""foe"", ""chance"": 20}]","Lightning Paw is an adjacent 35 fixed-damage strike for its 35 access center, retaining a modest confusion chance at 18 PP rather than importing Cyber Sleuth’s 150-HP scale.",Fixed source damage is adapted to PMDO balance rather than copied literally.
lightning_spear,Lightning Spear,Special,electric,signature,Mega,55.0,52,1,52,18,90,thrown,5,False,"[{""kind"": ""critical"", ""stages"": 1}]",Lightning Spear gives Kerpymon (Blk) a throw magic electric signature based on “INT-penetrating strong Electric attack on one foe. Tends to critical more often.”; 52 power per hit and 18 PP are tuned around its 55 access center.,
lila_shower,Lila Shower,Special,grass,signature,Ultimate,45.0,31,1,31,19,88,cone,2,False,"[{""kind"": ""status"", ""status"": ""poison"", ""target"": ""foe"", ""chance"": 15}]","Lila Shower gives Lilamon a cone magic plant signature based on “Magic attack, 60 Plant damage to all foes. 20% chance of poisoning target.”; 31 power per hit and 19 PP are tuned around its 45 access center.",
little_horn,Little Horn,Physical,normal,signature,Rookie,25.0,27,1,27,26,95,close,1,False,"[{""kind"": ""stat"", ""stat"": ""mod_defense"", ""stages"": -1, ""target"": ""foe"", ""chance"": 20}]","Little Horn gives Gabumon (Blk) a melee physical neutral signature based on “Physical attack, 70 Neutral damage to one foe. 10% chance of reducing target's DEF by 10%.”; 27 power per hit and 26 PP are tuned around its 25 access center.",
love_serenade,Love Serenade,Special,dark,signature,Ultimate,45.0,33,1,33,20,90,cone,2,False,"[{""kind"": ""status"", ""status"": ""paralyze"", ""target"": ""foe"", ""chance"": 15}]",Love Serenade gives Etemon a cone magic dark signature based on “INT-penetrating medium Dark attack on all foes. 15% chance of paralyzing target.”; 33 power per hit and 20 PP are tuned around its 45 access center.,
lullaby_bubble,Lullaby Bubble,Special,water,signature,Rookie,25.0,24,1,24,26,96,ranged,3,False,"[{""kind"": ""status"", ""status"": ""sleep"", ""target"": ""foe"", ""chance"": 10}]","Lullaby Bubble gives Otamamon a projectile magic water signature based on “Magic attack, 55 Water damage to one foe. 10% chance of putting target to sleep.”; 24 power per hit and 26 PP are tuned around its 25 access center.",
lunatic_dance,Lunatic Dance,Physical,water,signature,Ultimate,45.0,43,1,43,21,92,dash/lunge,3,False,"[{""kind"": ""status"", ""status"": ""confuse"", ""target"": ""foe"", ""chance"": 20}]",Lunatic Dance is a magical water closing dance: a 45-center special dash delivers its confusion rider at 18 PP rather than pretending the spell is a stationary projectile.,
mach_rush_i,Mach Rush I,Physical,normal,generic,Champion; Ultimate,40.03,30,1,30,24,95,dash/lunge,2,False,[],Mach Rush I is tier 1 of its inherited chain: power rises from 30 toward the 40 access guide while PP falls for the stronger technique.,
mach_rush_ii,Mach Rush II,Physical,normal,generic,Champion; Ultimate; Mega,45.58,45,1,45,20,95,dash/lunge,2,False,[],Mach Rush II is tier 2 of its inherited chain: power rises from 35 toward the 46 access guide while PP falls for the stronger technique.,
mach_rush_iii,Mach Rush III,Physical,normal,generic,Rookie; Mega,46.2,55,1,55,16,95,dash/lunge,2,False,[],Mach Rush III is tier 3 of its inherited chain: power rises from 35 toward the 46 access guide while PP falls for the stronger technique.,
mach_stinger_v,Mach Stinger V,Physical,electric,signature,Mega,55.0,18,3,54,15,90,ranged,4,False,"[{""kind"": ""critical"", ""stages"": 1}]","Mach Stinger V gives TigerVespamon a projectile physical electric signature based on “6 physical attacks, 20 Electric damage to one foe. Tends to critical more often.”; 18 power per hit and 15 PP are tuned around its 55 access center. Its 3-hit total is 54, aligned to the 55 access guide while preserving the starter total-power baseline.","Multi-hit power is per hit; total damage, rather than each strike, meets the 20-power starter baseline."
machinegun_destroyer,Machinegun Destroyer,Physical,fire,signature,Mega,55.0,52,1,52,16,88,line/beam,6,False,"[{""kind"": ""stat"", ""stat"": ""mod_defense"", ""stages"": -1, ""target"": ""foe"", ""chance"": 100}]","Machinegun Destroyer gives MagnaGarurumon a beam physical fire signature based on “Physical attack, 150 Fire damage to one foe. Decreases DEF by 10%.”; 52 power per hit and 16 PP are tuned around its 55 access center.",
marching_fishes,Marching Fishes,Physical,water,signature,Rookie,25.0,12,2,24,20,88,broad line,4,False,[],"Marching Fishes gives Gomamon a wave physical water signature based on “1-3 physical attacks, 15 Water damage to all foes.”; 12 power per hit and 20 PP are tuned around its 25 access center. Its 2-hit total is 24, aligned to the 25 access guide while preserving the starter total-power baseline.","Multi-hit power is per hit; total damage, rather than each strike, meets the 20-power starter baseline."
mature_poop,Mature Poop,Physical,ground,signature,Champion,35.0,30,1,30,24,92,thrown,3,False,"[{""kind"": ""stat"", ""stat"": ""mod_special_attack"", ""stages"": -1, ""target"": ""foe"", ""chance"": 20}]","Mature Poop gives ShellNumemon a throw physical earth signature based on “Physical attack, 75 Earth damage to one foe. 30% chance of reducing target's INT by 10%.”; 30 power per hit and 24 PP are tuned around its 35 access center.",
mega_burst,Mega Burst,Physical,fire,signature,Champion,35.0,26,1,26,20,90,AOE/blast,2,False,[],"Mega Burst gives GeoGreymon a burst physical fire signature based on “Physical attack, 45 Fire damage to all foes.”; 26 power per hit and 20 PP are tuned around its 35 access center.",
mega_flame,Mega Flame,Physical,fire,signature,Champion,35.0,38,1,38,22,94,ranged,4,False,[],"Mega Flame gives Greymon a projectile physical fire signature based on “Physical attack, 95 Fire damage to one foe.”; 38 power per hit and 22 PP are tuned around its 35 access center.",
megadeath,Megadeath,Special,dark,signature,Mega,55.0,37,1,37,17,87,AOE/blast,2,True,[],"Megadeath gives Imperialdramon DM a burst magic dark signature based on “Magic attack, 95 Dark damage to all foes.”; 42 power per hit and 17 PP are tuned around its 55 access center. Its named destructive all-combatant attack deliberately risks allies; reduced power and PP price that risk.",Friendly fire is intentional for this indiscriminate large attack.
megiddo_flame,Megiddo Flame,Physical,fire,signature,Mega,55.0,52,1,52,18,91,dash/lunge,3,False,[],"Megiddo Flame gives Megidramon a dash physical fire signature based on “Physical attack, 130 Fire damage to one foe.”; 52 power per hit and 18 PP are tuned around its 55 access center.",
mental_break,Mental Break,Support,normal,generic,Rookie; Champion; Ultimate,33.59,,1,,20,90,ranged,5,False,"[{""kind"": ""stat"", ""stat"": ""mod_special_attack"", ""stages"": -1, ""target"": ""target""}]",Mental Break applies a one-stage special_attack reduction to one foe with a 90% accurate ranged mark.,
mental_break_field,Mental Break Field,Support,normal,generic,Mega,55.0,,1,,15,90,AOE/blast,2,False,"[{""kind"": ""stat"", ""stat"": ""mod_special_attack"", ""stages"": -1, ""target"": ""target""}]","Mental Break Field applies one special_attack reduction to foes in a short burst, with lower accuracy for group control.",
mental_charge,Mental Charge,Support,normal,generic,Rookie; Champion; Ultimate,30.89,,1,,20,100,thrown,4,False,"[{""kind"": ""stat"", ""stat"": ""mod_special_attack"", ""stages"": 1, ""target"": ""target""}]",Mental Charge grants one special_attack stage to a chosen ally at safe throwing range.,
mental_charge_field,Mental Charge Field,Support,normal,generic,Mega,55.0,,1,,16,100,AOE/blast,2,False,"[{""kind"": ""stat"", ""stat"": ""mod_special_attack"", ""stages"": 1, ""target"": ""target""}]",Mental Charge Field applies one special_attack stage to every party member through a party burst.,
metal_armor_blade,Metal Armor Blade,Physical,normal,signature,Champion,35.0,35,1,35,23,96,close,1,False,"[{""kind"": ""critical"", ""stages"": 1}]",Metal Armor Blade gives Ginryumon a melee physical neutral signature based on “DEF-penetrating medium Neutral attack on one foe. Tends to critical hit more often.”; 35 power per hit and 23 PP are tuned around its 35 access center.,
metal_cannon,Metal Cannon,Physical,normal,signature,Rookie,25.0,29,1,29,25,94,ranged,4,False,"[{""kind"": ""stat"", ""stat"": ""mod_defense"", ""stages"": 1, ""target"": ""self"", ""chance"": 100}]","Metal Cannon gives Dorumon a projectile physical neutral signature based on “Physical attack, 70 Neutral damage to one foe. 30% chance of increasing DEF by 10%.”; 29 power per hit and 25 PP are tuned around its 25 access center.",
metal_meteor,Metal Meteor,Physical,ground,signature,Ultimate,45.0,43,1,43,20,90,thrown,4,False,[],"Metal Meteor gives DoruGreymon a throw physical earth signature based on “Physical attack, 115 Earth damage to one foe.”; 43 power per hit and 20 PP are tuned around its 45 access center.",
meteor_fall_i,Meteor Fall I,Physical,fire,generic,Champion; Ultimate,39.91,30,1,30,24,95,offset blast,3,False,[],Meteor Fall I is tier 1 of its inherited chain: power rises from 30 toward the 40 access guide while PP falls for the stronger technique.,
meteor_fall_ii,Meteor Fall II,Physical,fire,generic,Champion; Ultimate; Mega,47.06,45,1,45,20,95,offset blast,3,False,[],Meteor Fall II is tier 2 of its inherited chain: power rises from 35 toward the 47 access guide while PP falls for the stronger technique.,
meteor_fall_iii,Meteor Fall III,Physical,fire,generic,Rookie; Mega,46.02,55,1,55,16,95,offset blast,3,False,[],Meteor Fall III is tier 3 of its inherited chain: power rises from 35 toward the 46 access guide while PP falls for the stronger technique.,
meteor_shower,Meteor Shower,Physical,normal,signature,Champion,35.0,22,1,22,19,90,AOE/blast,2,True,"[{""kind"": ""critical"", ""stages"": 1}]","Meteor Shower gives Starmon a burst physical neutral signature based on “Physical attack, 40 Neutral damage to all foes. 90% accuracy. Tends to critical more often.”; 27 power per hit and 19 PP are tuned around its 35 access center. Its named destructive all-combatant attack deliberately risks allies; reduced power and PP price that risk.",Friendly fire is intentional for this indiscriminate large attack.
meteor_wing,Meteor Wing,Special,fire,signature,Champion,35.0,25,1,25,21,90,dash/lunge,3,False,"[{""kind"": ""stat"", ""stat"": ""mod_speed"", ""stages"": 1, ""target"": ""self"", ""chance"": 100}]","Meteor Wing is a magical fire wing-charge, so its Special category rides a three-tile dash with the source speed boost.",
miracle_bomb,Miracle Bomb,Physical,fire,signature,Ultimate,45.0,46,1,46,20,89,thrown,4,False,"[{""kind"": ""status"", ""status"": ""confuse"", ""target"": ""foe"", ""chance"": 15}]","Miracle Bomb gives CatchMamemon a throw physical fire signature based on “Physical attack, 130 Fire damage to one foe. Crystallizing attack occurs at random.”; 46 power per hit and 20 PP are tuned around its 45 access center.",
mirror_reflection,Mirror Reflection,Support,normal,generic,Champion; Ultimate; Mega,43.93,,1,,16,100,self,1,False,[],Mirror Reflection keeps the released native mirror_coat behavior because it directly supplies this specialized support role.,
monkey_wrench,Monkey Wrench,Support,normal,signature,Mega,55.0,,1,,14,90,AOE/blast,2,False,"[{""kind"": ""stat"", ""stat"": ""mod_attack"", ""stages"": -1, ""target"": ""foe"", ""chance"": 100}, {""kind"": ""stat"", ""stat"": ""mod_special_attack"", ""stages"": -1, ""target"": ""foe"", ""chance"": 100}]",Monkey Wrench retains its reduces all stats of one foe by 30% and decreases combo rate. support identity through the matching native haze action; its 55-power access band pays with 12 PP.,
moon_night_bomb,Moon Night Bomb,Special,water,signature,Champion,35.0,30,1,30,22,90,offset blast,3,False,"[{""kind"": ""status"", ""status"": ""sleep"", ""target"": ""foe"", ""chance"": 20}]","Moon Night Bomb gives Lekismon a offset magic water signature based on “Magic attack, 60 Water damage to one foe. 50% chance of putting target to sleep.”; 30 power per hit and 22 PP are tuned around its 35 access center.",
mourning_dance,Mourning Dance,Physical,dark,signature,Mega,55.0,18,3,54,15,90,ranged,3,False,[],"Mourning Dance gives Ravemon BM a projectile physical dark signature based on “8 physical attacks, 20 Dark damage to one foe. Damage tends to fluctuate.”; 18 power per hit and 15 PP are tuned around its 55 access center. Its 3-hit total is 54, aligned to the 55 access guide while preserving the starter total-power baseline.","Multi-hit power is per hit; total damage, rather than each strike, meets the 20-power starter baseline."
musical_fist,Musical Fist,Special,normal,signature,Ultimate,45.0,34,1,34,20,90,cone,2,False,"[{""kind"": ""stat"", ""stat"": ""mod_attack"", ""stages"": -1, ""target"": ""foe"", ""chance"": 15}]",Musical Fist gives ShogunGekomon a cone magic neutral signature based on “INT-penetrating medium Neutral attack on all foes with 10% chance of reducing ATK/INT by 10%.”; 34 power per hit and 20 PP are tuned around its 45 access center.,
nail_bone,Nail Bone,Special,normal,signature,Ultimate,45.0,42,1,42,20,90,thrown,3,False,"[{""kind"": ""status"", ""status"": ""freeze"", ""target"": ""foe"", ""chance"": 10}]",Nail Bone gives SkullSatamon a throw direct neutral signature based on “Reduce HP of one foe by 20%. 50% chance of crystallizing target.”; 42 power per hit and 20 PP are tuned around its 45 access center., Fixed/direct source damage is expressed at the access guide rather than its inflated original value.
nail_scratch,Nail Scratch,Physical,dark,signature,Rookie,20.0,20,1,20,29,98,close,1,False,[],"Nail Scratch gives Tsumemon a melee physical dark signature based on “Physical attack, 40 Dark damage to one foe.”; 20 power per hit and 29 PP are tuned around its 20 access center.",
nanomachine_break_i,Nanomachine Break I,Physical,electric,generic,Rookie,25.0,20,1,20,24,95,close,1,False,[],Nanomachine Break I is tier 1 of its inherited chain: power rises from 20 toward the 25 access guide while PP falls for the stronger technique.,
nanomachine_break_ii,Nanomachine Break II,Physical,electric,generic,Champion; Ultimate,35.85,35,1,35,20,95,close,1,False,[],Nanomachine Break II is tier 2 of its inherited chain: power rises from 25 toward the 36 access guide while PP falls for the stronger technique.,
nanomachine_break_iii,Nanomachine Break III,Physical,electric,generic,Ultimate; Mega,49.23,50,1,50,16,95,close,1,False,[],"A reliable tier-III melee shared across Ultimate, Mega. 50 power stays between its stage targets near the 49.23 blended access guide; 16 PP pays for late numbered-skill strength without imposing Mega-exclusive power on earlier learners.",
needle_spray,Needle Spray,Physical,grass,signature,Champion,35.0,24,1,24,22,90,ranged,3,False,"[{""kind"": ""status"", ""status"": ""paralyze"", ""target"": ""foe"", ""chance"": 10}]","Needle Spray gives Togemon a projectile physical plant signature based on “Physical attack, 40 Plant damage to all foes. 5% chance of paralyzing target.”; 24 power per hit and 22 PP are tuned around its 35 access center.",
night_raid,Night Raid,Special,dark,signature,Ultimate,45.0,34,1,34,20,88,AOE/blast,2,False,"[{""kind"": ""drain"", ""fraction"": 4}]","Night Raid gives Myotismon a burst magic dark signature based on “Magic attack, 65 Dark damage to all foes, absorbs 15% into HP.”; 34 power per hit and 20 PP are tuned around its 45 access center.",
nightmare_i,Nightmare I,Special,dark,generic,Rookie,21.86,20,1,20,24,95,ranged,5,False,[],Nightmare I is tier 1 of its inherited chain: power rises from 20 toward the 22 access guide while PP falls for the stronger technique.,
nightmare_ii,Nightmare II,Special,dark,generic,Champion,35.0,35,1,35,20,95,ranged,5,False,[],Nightmare II is tier 2 of its inherited chain: power rises from 25 toward the 35 access guide while PP falls for the stronger technique.,
nightmare_iii,Nightmare III,Special,dark,generic,Ultimate; Mega,49.16,50,1,50,16,95,ranged,5,False,[],"A reliable tier-III projectile shared across Ultimate, Mega. 50 power stays between its stage targets near the 49.16 blended access guide; 16 PP pays for late numbered-skill strength without imposing Mega-exclusive power on earlier learners.",
nightmare_syndrome,Nightmare Syndrome,Special,normal,signature,Ultimate,45.0,38,1,38,19,90,ranged,4,False,"[{""kind"": ""status"", ""status"": ""sleep"", ""target"": ""foe"", ""chance"": 15}]",Nightmare Syndrome gives Digitamamon a projectile magic neutral signature based on “Reduce 15% HP from one enemy. 20% chance of putting target to sleep.”; 38 power per hit and 19 PP are tuned around its 45 access center.,
ninja_blade,Ninja Blade,Physical,flying,signature,Rookie,25.0,20,1,20,25,96,sweep,1,False,[],"Ninja Blade gives Falcomon a sweep physical wind signature based on “Physical attack, 35 Wind damage to all foes.”; 20 power per hit and 25 PP are tuned around its 25 access center.",
ninja_claw,Ninja Claw,Physical,normal,signature,Champion,35.0,12,3,36,19,92,close,1,False,"[{""kind"": ""critical"", ""stages"": 1}]","Ninja Claw is an adjacent three-hit claw flurry, not a ranged missile: 12 per hit totals 36 around its 35 access guide, with its critical identity priced at 19 PP.","Multi-hit power is per hit; total damage, rather than each strike, meets the 20-power starter baseline."
nitro_stinger,Nitro Stinger,Physical,electric,signature,Ultimate,45.0,43,1,43,20,91,ranged,4,False,[],Nitro Stinger gives CannonBeemon a projectile physical electric signature based on “DEF-penetrating strong Electric attack on one foe.”; 43 power per hit and 20 PP are tuned around its 45 access center.,
nuclear_laser,Nuclear Laser,Physical,electric,signature,Ultimate,45.0,39,1,39,20,90,line/beam,5,False,"[{""kind"": ""stat"", ""stat"": ""mod_defense"", ""stages"": 1, ""target"": ""self"", ""chance"": 100}]",Nuclear Laser gives MetalTyrannomon a beam physical electric signature based on “DEF-penetrating medium Electric attack on one foe. Increases DEF by 10%.”; 39 power per hit and 20 PP are tuned around its 45 access center.,
oblivion_bird,Oblivion Bird,Physical,fire,signature,Ultimate,45.0,43,1,43,20,91,dash/lunge,3,False,"[{""kind"": ""stat"", ""stat"": ""mod_defense"", ""stages"": -1, ""target"": ""foe"", ""chance"": 20}]","Oblivion Bird gives SkullGreymon a dash physical fire signature based on “Physical attack, 110 Fire damage to one foe. 50% chance of reducing target's DEF by 10%.”; 43 power per hit and 20 PP are tuned around its 45 access center.",
ocean_love,Ocean Love,Support,normal,signature,Mega,55.0,,1,,12,-1,AOE/blast,1,False,"[{""kind"": ""heal"", ""numerator"": 1, ""denominator"": 4}, {""kind"": ""cleanse"", ""group"": ""ailments""}, {""kind"": ""cleanse"", ""group"": ""negative""}]",Ocean Love is a scarce Mega party tide: it restores 25% HP and cleanses both ailments and negative conditions from the whole party at 12 PP.,"This source explicitly restores every battle member and removes all status effects, so it uses the approved party heal and cleanse package."
ocean_wave_i,Ocean Wave I,Special,water,generic,Champion; Ultimate,39.77,30,1,30,21,95,line/beam,6,False,[],Ocean Wave I is tier 1 of its inherited chain: power rises from 30 toward the 40 access guide while PP falls for the stronger technique.,
ocean_wave_ii,Ocean Wave II,Special,water,generic,Ultimate; Mega,48.86,50,1,50,17,95,line/beam,6,False,[],Ocean Wave II is tier 2 of its inherited chain: power rises from 40 toward the 49 access guide while PP falls for the stronger technique.,
ocean_wave_iii,Ocean Wave III,Special,water,generic,Mega,55.0,65,1,65,14,95,line/beam,6,False,[],Ocean Wave III is tier 3 of its inherited chain: power rises from 45 toward the 55 access guide while PP falls for the stronger technique.,
odin_s_breath,Odin's Breath,Physical,water,signature,Mega,55.0,34,1,34,17,86,broad line,4,True,"[{""kind"": ""status"", ""status"": ""sleep"", ""target"": ""foe"", ""chance"": 10}]","Odin's Breath gives Kentaurosmon a wave physical water signature based on “Physical attack, 105 Water damage to all foes. 10% chance of putting target to sleep.”; 39 power per hit and 17 PP are tuned around its 55 access center. Its named destructive all-combatant attack deliberately risks allies; reduced power and PP price that risk.",Friendly fire is intentional for this indiscriminate large attack.
omni_sword,Omni Sword,Physical,fairy,signature,Mega,55.0,55,1,55,16,93,sweep,1,False,"[{""kind"": ""status"", ""status"": ""poison"", ""target"": ""foe"", ""chance"": 15}]","Omni Sword gives Imperialdramon PM a sweep physical light signature based on “Physical attack, 150 Light damage to one foe. 30% chance of dotting target.”; 55 power per hit and 16 PP are tuned around its 55 access center.",
pandemonium_lost,Pandemonium Lost,Special,dark,signature,Mega,55.0,41,1,41,17,88,AOE/blast,2,False,"[{""kind"": ""drain"", ""fraction"": 4}]","Pandemonium Lost gives Barbamon a burst magic dark signature based on “Magic attack, 80 Dark damage to all foes, absorbs 20% into HP.”; 41 power per hit and 17 PP are tuned around its 55 access center.",
pandora_dialogue,Pandora Dialogue,Special,normal,signature,Ultimate,45.0,31,1,31,18,88,AOE/blast,2,True,"[{""kind"": ""recoil"", ""fraction"": 4}]",Pandora Dialogue gives Wisemon a burst magic neutral signature based on “Reduces HP of all foes by 20%. Receive damage equal to 10% of HP from recoil.”; 36 power per hit and 18 PP are tuned around its 45 access center. Its named destructive all-combatant attack deliberately risks allies; reduced power and PP price that risk.,Friendly fire is intentional for this indiscriminate large attack.
panic_wisp,Panic Wisp,Special,fire,generic,Rookie; Champion; Ultimate; Mega,34.95,35,1,35,18,92,ranged,5,False,"[{""kind"": ""status"", ""status"": ""confuse"", ""target"": ""foe"", ""chance"": 20}]",A ranged wisp carries a modest confusion chance while remaining a reliable single-target magical attack.,
pendragon_s_glory,Pendragon's Glory,Physical,electric,signature,Mega,55.0,54,1,54,17,90,line/beam,6,False,[],"Pendragon's Glory gives Examon a beam physical electric signature based on “Physical attack, 145 Electric damage to one foe.”; 54 power per hit and 17 PP are tuned around its 55 access center.",
pepper_breath,Pepper Breath,Physical,fire,signature,Rookie,25.0,27,1,27,25,92,cone,2,False,[],"Pepper Breath gives Agumon a cone physical fire signature based on “Physical attack, 70 Fire damage to one foe.”; 27 power per hit and 25 PP are tuned around its 25 access center.",
perfect_revival,Perfect Revival,Support,normal,generic,Rookie; Mega,45.54,,1,,10,100,self,1,False,"[{""kind"": ""revive""}]",Perfect Revival uses the released recovery SelfAction with the native dungeon ReviveAllEvent at 10 PP; both names share the engine limitation that fallen teammates return at full HP.,
phantom_pain,Phantom Pain,Special,dark,signature,Mega,55.0,52,1,52,17,90,ranged,5,False,"[{""kind"": ""status"", ""status"": ""poison"", ""target"": ""foe"", ""chance"": 20}]",Phantom Pain gives Lilithmon a projectile magic dark signature based on “INT-penetrating extra strong Dark attack on one foe. 35% chance of poisoning target.”; 52 power per hit and 17 PP are tuned around its 55 access center.,
physical_drain,Physical Drain,Physical,normal,generic,Rookie; Champion; Ultimate; Mega,36.76,35,1,35,18,92,close,1,False,"[{""kind"": ""drain"", ""fraction"": 4}]","The physical drain is an adjacent strike that returns a quarter of total damage, so its power sits below its access guide.",
pit_bomb,Pit Bomb,Special,fire,signature,Ultimate,45.0,42,1,42,20,89,offset blast,3,False,[],"Pit Bomb gives Piximon a offset magic fire signature based on “Magic attack, 105 Fire damage to one foe.”; 42 power per hit and 20 PP are tuned around its 45 access center.",
plasma_shot,Plasma Shot,Physical,fire,signature,Champion,35.0,12,3,36,18,90,ranged,4,False,[],"Plasma Shot gives Magnamon a projectile physical fire signature based on “3 physical attacks, 35 Fire damage to all foes.”; 12 power per hit and 18 PP are tuned around its 35 access center. Its 3-hit total is 36, aligned to the 35 access guide while preserving the starter total-power baseline.","Multi-hit power is per hit; total damage, rather than each strike, meets the 20-power starter baseline."
plastic_blaze,Plastic Blaze,Physical,fire,signature,Rookie,25.0,26,1,26,25,94,dash/lunge,2,False,"[{""kind"": ""stat"", ""stat"": ""mod_special_attack"", ""stages"": -1, ""target"": ""foe"", ""chance"": 10}]","Plastic Blaze gives ToyAgumon a dash physical fire signature based on “Physical attack, 60 Fire damage to one foe. 10% chance of reducing target's INT by 10%.”; 26 power per hit and 25 PP are tuned around its 25 access center.",
platinum_junk,Platinum Junk,Physical,ground,signature,Mega,55.0,18,3,54,15,88,thrown,4,False,"[{""kind"": ""stat"", ""stat"": ""mod_attack"", ""stages"": -1, ""target"": ""foe"", ""chance"": 10}]","Platinum Junk gives PlatinumNumemon a throw physical earth signature based on “4 physical attacks, 35 Earth damage to one foe. 30% chance of reducing target's ATK by 10%.”; 18 power per hit and 15 PP are tuned around its 55 access center. Its 3-hit total is 54, aligned to the 55 access guide while preserving the starter total-power baseline.","Multi-hit power is per hit; total damage, rather than each strike, meets the 20-power starter baseline."
poison_bubbles,Poison Bubbles,Special,dark,signature,Rookie,20.0,20,1,20,28,96,ranged,3,False,"[{""kind"": ""status"", ""status"": ""poison"", ""target"": ""foe"", ""chance"": 10}]","Poison Bubbles gives Pagumon a projectile magic dark signature based on “Magic attack, 25 Dark damage to one foe. 10% chance of poisoning the target.”; 20 power per hit and 28 PP are tuned around its 20 access center.",
poison_ivy,Poison Ivy,Physical,grass,signature,Rookie,25.0,27,1,27,25,95,close,1,False,"[{""kind"": ""status"", ""status"": ""poison"", ""target"": ""foe"", ""chance"": 10}]","Poison Ivy gives Palmon a melee physical plant signature based on “Physical attack, 65 Plant damage to one foe. 10% chance of poisoning target.”; 27 power per hit and 25 PP are tuned around its 25 access center.",
poop,Poop,Physical,ground,signature,Champion,35.0,29,1,29,24,92,thrown,3,False,"[{""kind"": ""stat"", ""stat"": ""mod_speed"", ""stages"": -1, ""target"": ""foe"", ""chance"": 20}]","Poop gives Sukamon a throw physical earth signature based on “Physical attack, 75 Earth damage to one foe. 30% chance of reducing target's SPD by 10%.”; 29 power per hit and 24 PP are tuned around its 35 access center.",
poop_dunk,Poop Dunk,Physical,ground,signature,Champion,35.0,30,1,30,24,92,thrown,3,False,"[{""kind"": ""stat"", ""stat"": ""mod_defense"", ""stages"": -1, ""target"": ""foe"", ""chance"": 20}]","Poop Dunk gives Nanimon a throw physical earth signature based on “Physical attack, 80 Earth damage to one foe. 30% chance of reducing target's DEF by 10%.”; 30 power per hit and 24 PP are tuned around its 35 access center.",
poop_toss,Poop Toss,Physical,ground,signature,Champion,35.0,29,1,29,24,92,thrown,3,False,"[{""kind"": ""stat"", ""stat"": ""mod_attack"", ""stages"": -1, ""target"": ""foe"", ""chance"": 20}]","Poop Toss gives Numemon a throw physical earth signature based on “Physical attack, 75 Earth damage to one foe. 30% chance of reducing target's ATK by 10%.”; 29 power per hit and 24 PP are tuned around its 35 access center.",
positron_laser,Positron Laser,Physical,fairy,signature,Mega,55.0,55,1,55,16,90,line/beam,6,False,[],"Positron Laser gives Imperialdramon FM a beam physical light signature based on “Physical attack, 150 Light damage to one foe.”; 55 power per hit and 16 PP are tuned around its 55 access center.",
power_energy_i,Power Energy I,Special,normal,generic,Rookie,21.86,20,1,20,24,95,ranged,5,False,[],Power Energy I is tier 1 of its inherited chain: power rises from 20 toward the 22 access guide while PP falls for the stronger technique.,
power_energy_ii,Power Energy II,Special,normal,generic,Champion,35.0,35,1,35,20,95,ranged,5,False,[],Power Energy II is tier 2 of its inherited chain: power rises from 25 toward the 35 access guide while PP falls for the stronger technique.,
power_energy_iii,Power Energy III,Special,normal,generic,Ultimate; Mega,49.76,55,1,55,16,95,ranged,5,False,[],"A reliable tier-III projectile shared across Ultimate, Mega. 55 power stays between its stage targets near the 49.76 blended access guide; 16 PP pays for late numbered-skill strength without imposing Mega-exclusive power on earlier learners.",
power_metal,Power Metal,Physical,normal,signature,Champion,35.0,35,1,35,22,94,close,1,False,"[{""kind"": ""stat"", ""stat"": ""mod_attack"", ""stages"": 1, ""target"": ""self"", ""chance"": 100}]","Power Metal gives Dorugamon a melee physical neutral signature based on “Physical attack, 90 Neutral damage to one foe. 30% chance of increasing attack by 10%.”; 35 power per hit and 22 PP are tuned around its 35 access center.",
prison_fist,Prison Fist,Physical,dark,signature,Champion,35.0,12,3,36,18,92,close,1,False,"[{""kind"": ""drain"", ""fraction"": 4}]","Prison Fist gives Arcadiamon Champion a melee physical dark signature based on “3-5 physical attacks, 20 Dark damage to one foe, with 30% of damage restored as HP.”; 12 power per hit and 18 PP are tuned around its 35 access center. Its 3-hit total is 36, aligned to the 35 access guide while preserving the starter total-power baseline.","Multi-hit power is per hit; total damage, rather than each strike, meets the 20-power starter baseline."
protect_wave,Protect Wave,Support,normal,signature,Rookie,25.0,,1,,22,100,AOE/blast,2,False,[],Protect Wave retains its prevents any abnormal statuses in all allies. support identity through the matching native safeguard action; its 25-power access band pays with 20 PP.,
protect_wave_awake,Protect Wave (Awake),Support,normal,signature,Rookie,25.0,,1,,12,100,self,1,False,[],Protect Wave (Awake) retains its nullifies damage received to all allies until next turn and prevents any abnormal statuses. support identity through the matching native protect action; its 25-power access band pays with 10 PP.,
pummel_whack,Pummel Whack,Physical,dark,signature,Champion,35.0,38,1,38,23,94,close,1,False,[],"Pummel Whack gives Ogremon a melee physical dark signature based on “Physical attack, 90 Dark damage to one foe.”; 38 power per hit and 23 PP are tuned around its 35 access center.",
puppet_pummel,Puppet Pummel,Physical,ground,signature,Mega,55.0,48,1,48,18,90,close,1,False,"[{""kind"": ""status"", ""status"": ""flinch"", ""target"": ""foe"", ""chance"": 15}]","Puppet Pummel gives Puppetmon a melee physical earth signature based on “Physical attack, 125 Earth damage to one foe. 50% chance of stunning target.”; 48 power per hit and 18 PP are tuned around its 55 access center.",
puppy_howl,Puppy Howl,Special,fairy,signature,Rookie,25.0,25,1,25,25,94,cone,2,False,"[{""kind"": ""status"", ""status"": ""paralyze"", ""target"": ""foe"", ""chance"": 10}]",Puppy Howl gives Salamon a cone magic light signature based on “INT-penetrating medium Light attack on one foe. 10% chance of paralyzing target.”; 25 power per hit and 25 PP are tuned around its 25 access center.,
pyro_punch,Pyro Punch,Physical,fire,signature,Champion,35.0,18,2,36,21,94,close,1,False,[],"Pyro Punch gives Agunimon a melee physical fire signature based on “2 physical attacks, 45 Fire damage to one foe.”; 18 power per hit and 21 PP are tuned around its 35 access center. Its 2-hit total is 36, aligned to the 35 access guide while preserving the starter total-power baseline.","Multi-hit power is per hit; total damage, rather than each strike, meets the 20-power starter baseline."
quake_blast_fire_father,Quake!Blast!Fire!Father!,Physical,fire,signature,Mega,55.0,18,3,54,15,91,offset blast,2,False,[],"Quake!Blast!Fire!Father! is a forward fire detonation, not a dash: its three 18-power impacts land in an offset blast for a 54 total near the Mega guide at 15 PP.",The source lists four hits; the schema caps strikes at three. Multi-hit power is per hit; total damage meets the starter baseline.
quo_vadis,Quo Vadis,Physical,fairy,signature,Mega,55.0,48,1,48,17,-1,line/beam,5,False,"[{""kind"": ""critical"", ""stages"": 1}]",Quo Vadis gives Gallantmon CM a beam physical light signature based on “DEF-penetrating strong Light attack on one foe. Always hits. 10% chance of Instant Death.”; 48 power per hit and 17 PP are tuned around its 55 access center.,
rare_metal_poop,Rare Metal Poop,Physical,ground,signature,Champion,35.0,31,1,31,22,92,thrown,3,False,"[{""kind"": ""knockback"", ""distance"": 1}]","Rare Metal Poop gives PlatinumSukamon a throw physical earth signature based on “Physical attack, 80 Earth damage to one foe. Causes Knockback.”; 31 power per hit and 22 PP are tuned around its 35 access center.",
razor_wind,Razor Wind,Physical,normal,signature,Champion,35.0,12,3,36,19,90,offset blast,3,False,[],"Razor Wind gives Reppamon a offset physical neutral signature based on “2-4 physical attacks, 30 Neutral damage to one foe.”; 12 power per hit and 19 PP are tuned around its 35 access center. Its 3-hit total is 36, aligned to the 35 access guide while preserving the starter total-power baseline.","Multi-hit power is per hit; total damage, rather than each strike, meets the 20-power starter baseline."
restore,Restore,Support,normal,generic,Mega,55.0,,1,,14,100,thrown,4,False,"[{""kind"": ""cleanse"", ""group"": ""ailments""}, {""kind"": ""heal"", ""numerator"": 1, ""denominator"": 4}]",Restore clears ailments from one ally and restores a quarter of its maximum HP.,
revenge_flame,Revenge Flame,Special,normal,signature,Ultimate,45.0,25,1,25,12,100,close,1,False,"[{""kind"": ""status"", ""status"": ""counter"", ""target"": ""self"", ""chance"": 100}, {""kind"": ""status"", ""status"": ""mirror_coat"", ""target"": ""self"", ""chance"": 100}]",A low-power adjacent Special retaliation strike establishes native Physical and Special counter stances after dealing damage. The 25-power opening and 12 PP pay for four-turn retaliation; ordinary damage keeps existing move-linked passive damage bonuses functional.,The source Direct counter is adapted as a damaging counter-stance attack so existing passive anchors remain effective. The source element remains Neutral.
revive,Revive,Support,normal,generic,Rookie; Champion; Ultimate; Mega,37.89,,1,,10,100,self,1,False,"[{""kind"": ""revive""}]",Revive uses the released recovery SelfAction with the native dungeon ReviveAllEvent at 10 PP; both names share the engine limitation that fallen teammates return at full HP.,
ripping_net,Ripping Net,Physical,electric,generic,Rookie; Champion; Ultimate,33.15,35,1,35,18,92,ranged,5,False,"[{""kind"": ""status"", ""status"": ""immobilized"", ""target"": ""foe"", ""chance"": 15}]",A thrown net is a precise ranged attack with only a small immobilize chance to avoid reliable lockdown.,
river_of_power,River of Power,Special,water,signature,Mega,55.0,52,1,52,18,91,broad line,5,False,[],"River of Power gives MetalSeadramon a wave magic water signature based on “Magic attack, 130 Water damage to one foe.”; 52 power per hit and 18 PP are tuned around its 55 access center.",
rock_breaker,Rock Breaker,Physical,ground,signature,Rookie,25.0,27,1,27,26,95,close,1,False,"[{""kind"": ""terrain"", ""terrain"": ""wall""}]","Rock Breaker gives Guilmon a melee physical earth signature based on “Physical attack, 70 Earth damage to one foe.”; 27 power per hit and 26 PP are tuned around its 25 access center.",
rock_fist,Rock Fist,Physical,ground,signature,Rookie,25.0,26,1,26,26,95,close,1,False,"[{""kind"": ""stat"", ""stat"": ""mod_defense"", ""stages"": 1, ""target"": ""self"", ""chance"": 100}]","Rock Fist gives Gotsumon a melee physical earth signature based on “Physical attack, 65 Earth damage to one foe. 10% chance of increasing DEF by 10%.”; 26 power per hit and 26 PP are tuned around its 25 access center.",
rune_forest_i,Rune Forest I,Special,grass,generic,Champion; Ultimate,41.43,30,1,30,21,95,cone,2,False,[],Rune Forest I is tier 1 of its inherited chain: power rises from 30 toward the 41 access guide while PP falls for the stronger technique.,
rune_forest_ii,Rune Forest II,Special,grass,generic,Ultimate; Mega,48.86,50,1,50,17,95,cone,2,False,[],Rune Forest II is tier 2 of its inherited chain: power rises from 40 toward the 49 access guide while PP falls for the stronger technique.,
rune_forest_iii,Rune Forest III,Special,grass,generic,Mega,55.0,65,1,65,14,95,cone,2,False,[],Rune Forest III is tier 3 of its inherited chain: power rises from 45 toward the 55 access guide while PP falls for the stronger technique.,
s_gold_solar_storm,S-Gold Solar Storm,Special,fairy,signature,Champion,35.0,28,1,28,20,90,AOE/blast,2,False,"[{""kind"": ""stat"", ""stat"": ""mod_defense"", ""stages"": 1, ""target"": ""self"", ""chance"": 100}]","S-Gold Solar Storm gives Magnamon a burst magic light signature based on “Magic attack, 75 Light damage to all foes. Increases DEF by 15%.”; 28 power per hit and 20 PP are tuned around its 35 access center.",
safety_guard,Safety Guard,Support,normal,generic,Rookie; Mega,45.56,,1,,14,100,self,1,False,[],"Safety Guard preserves the released Endure native effect, allowing the user to survive a lethal hit at 1 HP.",
saint_knuckle_i,Saint Knuckle I,Physical,fairy,generic,Rookie,21.86,20,1,20,24,95,close,1,False,[],Saint Knuckle I is tier 1 of its inherited chain: power rises from 20 toward the 22 access guide while PP falls for the stronger technique.,
saint_knuckle_ii,Saint Knuckle II,Physical,fairy,generic,Champion; Ultimate,36.85,35,1,35,20,95,close,1,False,[],Saint Knuckle II is tier 2 of its inherited chain: power rises from 25 toward the 37 access guide while PP falls for the stronger technique.,
saint_knuckle_iii,Saint Knuckle III,Physical,fairy,generic,Champion; Ultimate; Mega,47.56,50,1,50,16,95,close,1,False,[],"A reliable tier-III melee shared across Champion, Ultimate, Mega. 50 power stays between its stage targets near the 47.56 blended access guide; 16 PP pays for late numbered-skill strength without imposing Mega-exclusive power on earlier learners.",
savage_emperor,Savage Emperor,Special,fairy,signature,Ultimate,45.0,43,1,43,20,91,line/beam,5,False,[],"Savage Emperor gives Crowmon a beam magic light signature based on “Magic attack, 105 Light damage to one foe.”; 43 power per hit and 20 PP are tuned around its 45 access center.",
scissor_claw,Scissor Claw,Physical,normal,signature,Champion,35.0,34,1,34,23,95,close,1,False,[],Scissor Claw gives Kuwagamon a melee physical neutral signature based on “DEF-penetrating medium Neutral attack on one foe.”; 34 power per hit and 23 PP are tuned around its 35 access center.,
scrapless_claw,Scrapless Claw,Physical,ground,signature,Ultimate,45.0,43,1,43,20,93,close,1,False,"[{""kind"": ""critical"", ""stages"": 1}]","Scrapless Claw gives Groundramon a melee physical earth signature based on “Physical attack, 110 Earth damage to one foe. Tends to critical hit more often.”; 43 power per hit and 20 PP are tuned around its 45 access center.",
seed_blast,Seed Blast,Physical,grass,signature,Rookie,25.0,12,2,24,22,91,ranged,3,False,[],"Seed Blast gives Lalamon a projectile physical plant signature based on “2 physical attacks, 15 Plant damage to all foes.”; 12 power per hit and 22 PP are tuned around its 25 access center. Its 2-hit total is 24, aligned to the 25 access guide while preserving the starter total-power baseline.","Multi-hit power is per hit; total damage, rather than each strike, meets the 20-power starter baseline."
seven_s_fantasia,Seven's Fantasia,Special,fairy,signature,Mega,55.0,31,1,31,17,88,AOE/blast,2,True,"[{""kind"": ""status"", ""status"": ""confuse"", ""target"": ""foe"", ""chance"": 15}]","Seven's Fantasia gives Lotosmon a burst magic light signature based on “Magic attack, 75 Light damage to all foes. 20% chance of confusing target.”; 36 power per hit and 17 PP are tuned around its 55 access center. Its named destructive all-combatant attack deliberately risks allies; reduced power and PP price that risk.",Friendly fire is intentional for this indiscriminate large attack.
shadow_wing,Shadow Wing,Special,fire,signature,Ultimate,45.0,34,1,34,20,90,dash/lunge,3,False,[],"Shadow Wing is a magical fire wing charge, giving Special attacks a thematic close-range dash rather than an arbitrary projectile.",
shield_of_the_just__gallantmon,Shield of the Just,Special,fairy,signature,Mega,55.0,47,1,47,18,-1,line/beam,5,False,[],"Shield of the Just gives Gallantmon a beam magic light signature based on “Magic attack, 115 Light damage to one foe. Always hits. Cancels negative effects on itself.”; 47 power per hit and 18 PP are tuned around its 55 access center.",
shield_of_the_just__gallantmon_nx,Shield of the Just,Special,fairy,signature,Mega,55.0,45,1,45,19,-1,line/beam,5,False,[],"Shield of the Just gives Gallantmon NX a beam magic light signature based on “Magic attack, 110 Light damage to one foe. Always hits. Removes basic stat debuffs.”; 45 power per hit and 19 PP are tuned around its 55 access center.",
shine_of_bee,Shine of Bee,Physical,fire,signature,Mega,55.0,46,1,46,16,88,dash/lunge,3,False,"[{""kind"": ""recoil"", ""fraction"": 4}]",Shine of Bee gives TyrantKabuterimon a dash physical fire signature based on “DEF-penetrating strong Fire attack on all foes. Cannot move from recoil for one turn.”; 46 power per hit and 16 PP are tuned around its 55 access center.,
shining_laser_i,Shining Laser I,Special,fairy,generic,Rookie; Champion; Ultimate,37.39,25,1,25,24,95,line/beam,6,False,[],Shining Laser I is tier 1 of its inherited chain: power rises from 25 toward the 37 access guide while PP falls for the stronger technique.,
shining_laser_ii,Shining Laser II,Special,fairy,generic,Rookie; Champion; Ultimate; Mega,43.15,45,1,45,20,95,line/beam,6,False,[],Shining Laser II is tier 2 of its inherited chain: power rises from 35 toward the 43 access guide while PP falls for the stronger technique.,
shining_laser_iii,Shining Laser III,Special,fairy,generic,Rookie; Champion; Ultimate; Mega,44.96,55,1,55,16,95,line/beam,6,False,[],Shining Laser III is tier 3 of its inherited chain: power rises from 35 toward the 45 access guide while PP falls for the stronger technique.,
shiny_ring,Shiny Ring,Physical,fairy,signature,Rookie,25.0,25,1,25,25,-1,ranged,4,False,[],"Shiny Ring gives Solarmon a projectile physical light signature based on “Physical attack, 70 Light damage to one foe. Alwatys hits.”; 25 power per hit and 25 PP are tuned around its 25 access center.",
shock,Shock,Physical,ground,generic,Rookie; Champion; Ultimate; Mega,32.62,35,1,35,18,92,ranged,5,False,"[{""kind"": ""status"", ""status"": ""paralyze"", ""target"": ""foe"", ""chance"": 20}]",A focused electric shot preserves its shock identity through a modest paralysis chance.,
silent_bullet,Silent Bullet,Physical,dark,signature,Champion,35.0,12,3,36,19,90,ranged,4,False,[],"Silent Bullet gives Sistermon Ciel a projectile physical dark signature based on “2-4 physical attacks, 15 Dark damage to all foes.”; 12 power per hit and 19 PP are tuned around its 35 access center. Its 3-hit total is 36, aligned to the 35 access guide while preserving the starter total-power baseline.","Multi-hit power is per hit; total damage, rather than each strike, meets the 20-power starter baseline."
silent_bullet_awake,Silent Bullet (Awake),Physical,dark,signature,Champion,35.0,12,3,36,17,90,ranged,4,False,[],"Silent Bullet (Awake) gives Sistermon C (Awake.) a projectile physical dark signature based on “2-4 physical attacks, 30 Dark damage to all foes.”; 12 power per hit and 17 PP are tuned around its 35 access center. Its 3-hit total is 36, aligned to the 35 access guide while preserving the starter total-power baseline.","Multi-hit power is per hit; total damage, rather than each strike, meets the 20-power starter baseline."
sludge,Sludge,Physical,ground,signature,Champion,35.0,24,1,24,22,89,thrown,3,False,"[{""kind"": ""status"", ""status"": ""poison"", ""target"": ""foe"", ""chance"": 10}]","Sludge gives Raremon a throw physical earth signature based on “Physical attack, 40 Earth damage to all foes. 10% chance to poison.”; 24 power per hit and 22 PP are tuned around its 35 access center.",
smile_bomber,Smile Bomber,Physical,fire,signature,Ultimate,45.0,43,1,43,20,-1,ranged,5,False,[],"Smile Bomber gives Mamemon a projectile physical fire signature based on “Physical attack, 110 Fire damage to one foe. Always hits.”; 43 power per hit and 20 PP are tuned around its 45 access center.",
smile_fang,Smile Fang,Physical,normal,signature,Rookie,20.0,20,1,20,29,98,close,1,False,[],"Smile Fang gives Wanyamon a melee physical neutral signature based on “Physical attack, 40 Neutral damage to one foe.”; 20 power per hit and 29 PP are tuned around its 20 access center.",
smile_warhead,Smile Warhead,Physical,normal,signature,Mega,55.0,48,1,48,18,91,thrown,4,False,"[{""kind"": ""knockback"", ""distance"": 1}]","Smile Warhead gives PrinceMamemon a throw physical neutral signature based on “Physical attack, 110 Neutral damage to one foe. Causes knockback.”; 48 power per hit and 18 PP are tuned around its 55 access center.",
soap_flower,Soap Flower,Special,water,signature,Rookie,20.0,20,1,20,29,97,ranged,3,False,[],"Soap Flower gives Yokomon a projectile magic water signature based on “Magic attack, 30 Water damage to one foe.”; 20 power per hit and 29 PP are tuned around its 20 access center.",
sonic_void_i,Sonic Void I,Special,flying,generic,Rookie,25.0,20,1,20,24,95,line/beam,6,False,[],Sonic Void I is tier 1 of its inherited chain: power rises from 20 toward the 25 access guide while PP falls for the stronger technique.,
sonic_void_ii,Sonic Void II,Special,flying,generic,Champion; Ultimate,36.24,35,1,35,20,95,line/beam,6,False,[],Sonic Void II is tier 2 of its inherited chain: power rises from 25 toward the 36 access guide while PP falls for the stronger technique.,
sonic_void_iii,Sonic Void III,Special,flying,generic,Ultimate; Mega,49.18,50,1,50,16,95,line/beam,6,False,[],"A reliable tier-III beam shared across Ultimate, Mega. 50 power stays between its stage targets near the 49.18 blended access guide; 16 PP pays for late numbered-skill strength without imposing Mega-exclusive power on earlier learners.",
sorrow_blue,Sorrow Blue,Special,water,signature,Mega,55.0,36,1,36,19,88,broad line,4,False,"[{""kind"": ""status"", ""status"": ""sleep"", ""target"": ""foe"", ""chance"": 15}]",Sorrow Blue gives Plesiomon a wave magic water signature based on “INT-penetrating medium Water attack on all foes. 25% chance of putting target to sleep.”; 36 power per hit and 19 PP are tuned around its 55 access center.,
soul_absorption,Soul Absorption,Physical,dark,signature,Rookie,25.0,26,1,26,24,94,ranged,3,False,"[{""kind"": ""drain"", ""fraction"": 4}]","Soul Absorption gives Arcadiamon Rookie a projectile physical dark signature based on “Physical attack, 70 Dark damage to one foe, with 30% of damage restored as HP.”; 26 power per hit and 24 PP are tuned around its 25 access center.",
soul_chopper,Soul Chopper,Special,dark,signature,Ultimate,45.0,44,1,44,20,90,close,1,False,"[{""kind"": ""critical"", ""stages"": 1}]",Soul Chopper gives Phantomon a melee magic dark signature based on “INT-penetrating extra strong dark attack on one foe. 10% chance of Instant Death.”; 44 power per hit and 20 PP are tuned around its 45 access center.,
soul_core_attack,Soul Core Attack,Physical,ground,signature,Mega,55.0,51,1,51,18,91,ranged,4,False,[],Soul Core Attack gives Titamon a projectile physical earth signature based on “DEF-penetrating strong Earth attack on one foe.”; 51 power per hit and 18 PP are tuned around its 55 access center.,
soul_digitalization__alphamon,Soul Digitalization,Special,normal,signature,Mega,55.0,38,1,38,16,88,AOE/blast,2,True,[],"Soul Digitalization gives Alphamon a burst magic neutral signature based on “Magic attack, 95 Neutral damage to all foes. 5% chance of instantly killing target.”; 43 power per hit and 16 PP are tuned around its 55 access center. Its named destructive all-combatant attack deliberately risks allies; reduced power and PP price that risk.",Friendly fire is intentional for this indiscriminate large attack.
soul_digitalization__alphamon_nx,Soul Digitalization,Special,normal,signature,Mega,55.0,36,1,36,17,89,AOE/blast,2,True,[],"Soul Digitalization gives Alphamon NX a burst magic neutral signature based on “Magic attack, 90 Neutral damage to all foes.”; 41 power per hit and 17 PP are tuned around its 55 access center. Its named destructive all-combatant attack deliberately risks allies; reduced power and PP price that risk.",Friendly fire is intentional for this indiscriminate large attack.
speed_break,Speed Break,Support,normal,generic,Rookie; Champion; Ultimate,35.44,,1,,20,90,ranged,5,False,"[{""kind"": ""stat"", ""stat"": ""mod_speed"", ""stages"": -1, ""target"": ""target""}]",Speed Break applies a one-stage speed reduction to one foe with a 90% accurate ranged mark.,
speed_break_field,Speed Break Field,Support,normal,generic,Mega,55.0,,1,,15,90,AOE/blast,2,False,"[{""kind"": ""stat"", ""stat"": ""mod_speed"", ""stages"": -1, ""target"": ""target""}]","Speed Break Field applies one speed reduction to foes in a short burst, with lower accuracy for group control.",
speed_charge,Speed Charge,Support,normal,generic,Rookie; Champion; Ultimate,32.06,,1,,20,100,thrown,4,False,"[{""kind"": ""stat"", ""stat"": ""mod_speed"", ""stages"": 1, ""target"": ""target""}]",Speed Charge grants one speed stage to a chosen ally at safe throwing range.,
speed_charge_field,Speed Charge Field,Support,normal,generic,Rookie; Champion; Ultimate; Mega,44.5,,1,,16,100,AOE/blast,2,False,"[{""kind"": ""stat"", ""stat"": ""mod_speed"", ""stages"": 1, ""target"": ""target""}]",Speed Charge Field applies one speed stage to every party member through a party burst.,
speed_star,Speed Star,Physical,fairy,signature,Ultimate,45.0,40,1,40,21,94,AOE/blast,2,False,"[{""kind"": ""stat"", ""stat"": ""mod_speed"", ""stages"": 1, ""target"": ""self"", ""chance"": 100}]","Speed Star gives KendoGarurumon a burst physical light signature based on “Physical attack, 90 Light damage to one foe. Increases SPD by 20%.”; 40 power per hit and 21 PP are tuned around its 45 access center.",
spider_shooter,Spider Shooter,Physical,fire,signature,Ultimate,45.0,15,3,45,17,91,ranged,4,False,"[{""kind"": ""stat"", ""stat"": ""mod_defense"", ""stages"": -1, ""target"": ""foe"", ""chance"": 10}]","Spider Shooter gives Infermon a projectile physical fire signature based on “4 physical attacks, 30 Fire damage to one foe. 5% chance of reducing target's DEF by 10%.”; 15 power per hit and 17 PP are tuned around its 45 access center. Its 3-hit total is 45, aligned to the 45 access guide while preserving the starter total-power baseline.","Multi-hit power is per hit; total damage, rather than each strike, meets the 20-power starter baseline."
spiking_strike,Spiking Strike,Physical,grass,signature,Champion,35.0,35,1,35,22,94,close,1,False,"[{""kind"": ""critical"", ""stages"": 1}]",Spiking Strike gives Stingmon a melee physical plant signature based on “DEF-penetrating medium Plant attack on one foe. Tends to critical more often.”; 35 power per hit and 22 PP are tuned around its 35 access center.,
spinning_needle,Spinning Needle,Physical,flying,signature,Champion,35.0,25,1,25,22,90,ranged,3,False,[],"Spinning Needle gives Airdramon a projectile physical wind signature based on “Physical attak, 45 Wind damage to all foes.”; 25 power per hit and 22 PP are tuned around its 35 access center.",
spiral_blow,Spiral Blow,Physical,flying,signature,Champion,35.0,38,1,38,22,93,offset blast,3,False,[],"Spiral Blow gives GaoGamon a offset physical wind signature based on “Physical attack, 90 Wind damage to one foe.”; 38 power per hit and 22 PP are tuned around its 35 access center.",
spiral_masquerade__crusadermon,Spiral Masquerade,Physical,dark,signature,Mega,55.0,18,3,54,16,90,ranged,4,False,"[{""kind"": ""stat"", ""stat"": ""mod_speed"", ""stages"": 1, ""target"": ""self"", ""chance"": 100}]","Spiral Masquerade gives Crusadermon a projectile physical dark signature based on “4 physical attacks, 30 Dark damage to one foe. 30% chance of increasing SPD by 20%.”; 18 power per hit and 16 PP are tuned around its 55 access center. Its 3-hit total is 54, aligned to the 55 access guide while preserving the starter total-power baseline.","Multi-hit power is per hit; total damage, rather than each strike, meets the 20-power starter baseline."
spiral_masquerade__crusadermon_nx,Spiral Masquerade,Physical,dark,signature,Mega,55.0,18,3,54,16,90,ranged,4,False,[],"Spiral Masquerade gives Crusadermon NX a projectile physical dark signature based on “4 physical attacks, 30 Dark damage to one foe.”; 18 power per hit and 16 PP are tuned around its 55 access center. Its 3-hit total is 54, aligned to the 55 access guide while preserving the starter total-power baseline.","Multi-hit power is per hit; total damage, rather than each strike, meets the 20-power starter baseline."
spiral_sword,Spiral Sword,Physical,electric,signature,Ultimate,45.0,43,1,43,20,93,close,1,False,"[{""kind"": ""critical"", ""stages"": 1}]","Spiral Sword gives Andromon a melee physical electric signature based on “Physical attack, 110 Electric damage to one foe. Tends to critical more often.”; 43 power per hit and 20 PP are tuned around its 45 access center.",
spiral_twister,Spiral Twister,Special,fire,signature,Rookie,25.0,24,1,24,24,92,offset blast,3,False,"[{""kind"": ""stat"", ""stat"": ""mod_special_attack"", ""stages"": 1, ""target"": ""self"", ""chance"": 100}]","Spiral Twister gives Biyomon a offset magic fire signature based on “Magic attack, 55 Fire damage to one foe. 10% chance of increasing INT by 10%.”; 24 power per hit and 24 PP are tuned around its 25 access center.",
spirit_drain,Spirit Drain,Special,normal,generic,Champion; Ultimate; Mega,44.71,40,1,40,18,92,cone,2,False,"[{""kind"": ""drain"", ""fraction"": 4}]",The spirit-draining cone pays power and PP for short-range coverage plus quarter damage recovery.,
spitfire_blast,Spitfire Blast,Physical,fire,signature,Rookie,25.0,20,1,20,25,91,cone,2,False,"[{""kind"": ""stat"", ""stat"": ""mod_attack"", ""stages"": 1, ""target"": ""self"", ""chance"": 100}]","Spitfire Blast gives Agumon (Blk) a cone physical fire signature based on “Physical attack, 35 Fire damage to all foes. 10% chance of increasing ATK by 10%.”; 20 power per hit and 25 PP are tuned around its 25 access center.",
starlight_explosion,Starlight Explosion,Special,fairy,signature,Mega,55.0,38,1,38,17,88,AOE/blast,2,True,[],"Starlight Explosion gives Hououmon a burst magic light signature based on “Magic attack, 90 Light damage to all foes.”; 43 power per hit and 17 PP are tuned around its 55 access center. Its named destructive all-combatant attack deliberately risks allies; reduced power and PP price that risk.",Friendly fire is intentional for this indiscriminate large attack.
starlight_velocity,Starlight Velocity,Physical,fairy,signature,Mega,55.0,49,1,49,18,92,dash/lunge,3,False,"[{""kind"": ""stat"", ""stat"": ""mod_speed"", ""stages"": 1, ""target"": ""self"", ""chance"": 100}]","Starlight Velocity gives MagnaGarurumon (SV) a dash physical light signature based on “Physical attack, 130 Light damage to one foe. Increases SPD by 10%.”; 49 power per hit and 18 PP are tuned around its 55 access center.",
status_barrier,Status Barrier,Support,normal,generic,Mega,55.0,,1,,16,100,AOE/blast,2,False,[],Status Barrier keeps the released native safeguard behavior because it directly supplies this specialized support role.,
sticker_blade,Sticker Blade,Physical,dark,signature,Champion,35.0,12,3,36,19,92,close,1,False,"[{""kind"": ""drain"", ""fraction"": 4}]","Sticker Blade gives Sangloupmon a melee physical dark signature based on “3-5 physical attacks, 25 Dark damage to one foe, with 10% of damage restored as HP.”; 12 power per hit and 19 PP are tuned around its 35 access center. Its 3-hit total is 36, aligned to the 35 access guide while preserving the starter total-power baseline.","Multi-hit power is per hit; total damage, rather than each strike, meets the 20-power starter baseline."
sticky_net,Sticky Net,Physical,grass,signature,Rookie,25.0,26,1,26,24,93,thrown,3,False,"[{""kind"": ""stat"", ""stat"": ""mod_speed"", ""stages"": -1, ""target"": ""foe"", ""chance"": 20}]","Sticky Net gives Wormmon a throw physical plant signature based on “Physical attack, 65 Plant damage to one foe. 30% chance of reducing target's SPD by 10%.”; 26 power per hit and 24 PP are tuned around its 25 access center.",
strike_of_the_seven_stars,Strike of the Seven Stars,Special,fairy,signature,Mega,55.0,16,3,48,14,88,offset blast,3,True,[],"Three light impacts strike a 3-by-3 area three tiles ahead. The 48 total power, 88 accuracy, 14 PP and ally risk pay for repeated area coverage at the Mega access band; this is an impact barrage, not a single projectile.","Multi-hit power is per hit; total damage, rather than each strike, meets the 20-power starter baseline."
strike_roll,Strike Roll,Physical,normal,signature,Mega,55.0,50,1,50,18,90,dash/lunge,3,False,"[{""kind"": ""critical"", ""stages"": 1}]","Strike Roll gives Minervamon a dash physical neutral signature based on “Physical attack, 140 Neutral damage to one foe. Tends to critical more often.”; 50 power per hit and 18 PP are tuned around its 55 access center.",
sub_zero_ice_punch,Sub-zero Ice Punch,Physical,water,signature,Champion,35.0,32,1,32,23,94,close,1,False,"[{""kind"": ""status"", ""status"": ""flinch"", ""target"": ""foe"", ""chance"": 10}]","Sub-zero Ice Punch gives Frigimon a melee physical water signature based on “Physical attack, 80 Water damage to one foe. 10% chance of stunning target.”; 32 power per hit and 23 PP are tuned around its 35 access center.",
summon,Summon,Special,normal,signature,Rookie,25.0,25,1,25,22,95,ranged,4,False,"[{""kind"": ""stat"", ""stat"": ""mod_special_attack"", ""stages"": 1, ""target"": ""self"", ""chance"": 30}]",Summon fires a 25 fixed-damage neutral projectile at its Rookie access center; its 30% self Sp. Atk gain retains the source INT rider for 22 PP.,Fixed source damage is adapted to PMDO balance rather than copied literally.
sunshine_beam,Sunshine Beam,Special,fairy,signature,Champion,35.0,36,1,36,22,93,broad line,5,False,[],"Sunshine Beam gives Sunflowmon a wave magic light signature based on “Magic attack, 80 Light damage to one foe.”; 36 power per hit and 22 PP are tuned around its 35 access center.",
super_bubble_blow,Super Bubble Blow,Special,water,signature,Rookie,20.0,20,1,20,29,97,ranged,3,False,[],"Super Bubble Blow gives Poyomon a projectile magic water signature based on “Magic attack, 35 Water damage to one foe.”; 20 power per hit and 29 PP are tuned around its 20 access center.",
super_shocker,Super Shocker,Special,electric,signature,Rookie,25.0,25,1,25,26,95,ranged,4,False,[],"Super Shocker gives Tentomon a projectile magic electric signature based on “Magic attack, 60 Electric damage to one foe.”; 25 power per hit and 26 PP are tuned around its 25 access center.",
super_stinky_jet,Super Stinky Jet,Special,ground,signature,Champion,35.0,20,1,20,22,90,thrown,3,False,"[{""kind"": ""stat"", ""stat"": ""mod_speed"", ""stages"": -1, ""target"": ""foe"", ""chance"": 20}]","Super Stinky Jet gives Vegiemon a throw magic earth signature based on “Magic attack, 20 Earth damage to all foes. 30% chance of reducing target's SPD by 10%.”; 20 power per hit and 22 PP are tuned around its 35 access center. The per-hit value uses the 20-power floor; its multiple strikes remain the costed damage pattern.",The source multi-hit pattern retains the 20-power per-hit floor.
supersonic_voice,Supersonic Voice,Special,flying,signature,Mega,55.0,48,1,48,18,90,cone,3,False,"[{""kind"": ""status"", ""status"": ""confuse"", ""target"": ""foe"", ""chance"": 20}]",Supersonic Voice gives Gryphonmon a cone magic wind signature based on “INT-penetrating extra strong Wind attack on one foe. 20% chance of inflicting Bug.”; 48 power per hit and 18 PP are tuned around its 55 access center.,
superstar_uppercut,Superstar Uppercut,Physical,fairy,signature,Ultimate,45.0,43,1,43,20,93,close,1,False,[],"Superstar Uppercut gives SuperStarmon a melee physical light signature based on “Physical attack, 110 Light damage to one foe.”; 43 power per hit and 20 PP are tuned around its 45 access center.",
support_end,Support End,Special,fairy,generic,Champion; Ultimate; Mega,47.59,50,1,50,18,92,ranged,5,False,"[{""kind"": ""stat"", ""stat"": ""mod_special_attack"", ""stages"": -1, ""target"": ""foe"", ""chance"": 20}]",A single-target magical interruption has a modest chance to lower the target’s special offense.,
supreme_cannon__omnimon,Supreme Cannon,Special,water,signature,Mega,55.0,38,1,38,17,88,line/beam,6,True,[],"Supreme Cannon gives Omnimon a beam magic water signature based on “Magic attack, 95 Water damage to all foes.”; 43 power per hit and 17 PP are tuned around its 55 access center. Its named destructive all-combatant attack deliberately risks allies; reduced power and PP price that risk.",Friendly fire is intentional for this indiscriminate large attack.
supreme_cannon__omnimon_nx,Supreme Cannon,Special,water,signature,Mega,55.0,36,1,36,17,88,line/beam,6,True,[],"Supreme Cannon gives Omnimon NX a beam magic water signature based on “Magic attack, 95 Water damage to all foes.”; 41 power per hit and 17 PP are tuned around its 55 access center. Its named destructive all-combatant attack deliberately risks allies; reduced power and PP price that risk.",Friendly fire is intentional for this indiscriminate large attack.
supreme_cannon__omnimon_zwart,Supreme Cannon,Special,water,signature,Mega,55.0,52,1,52,17,90,line/beam,6,False,[],Supreme Cannon gives Omnimon Zwart a beam magic water signature based on “INT-penetrating strong Water attack on one foe.”; 52 power per hit and 17 PP are tuned around its 55 access center.,
symphony_crusher,Symphony Crusher,Special,normal,signature,Champion,35.0,31,1,31,23,93,cone,2,False,[],Symphony Crusher gives Gekomon a cone magic neutral signature based on “INT-penetrating medium Neutral attack on one foe.”; 31 power per hit and 23 PP are tuned around its 35 access center.,
table_flip,Table Flip,Physical,ground,signature,Mega,55.0,37,1,37,15,82,AOE/blast,2,True,"[{""kind"": ""critical"", ""stages"": 1}]","Table Flip gives Gankoomon a burst physical earth signature based on “Physical attack, 100 Earth damage to all foes. 70% accuracy. Tends to critical more often.”; 42 power per hit and 15 PP are tuned around its 55 access center. Its named destructive all-combatant attack deliberately risks allies; reduced power and PP price that risk.",Friendly fire is intentional for this indiscriminate large attack.
tail_hammer,Tail Hammer,Physical,ground,signature,Champion,35.0,32,1,32,23,92,close,1,False,"[{""kind"": ""status"", ""status"": ""flinch"", ""target"": ""foe"", ""chance"": 10}]","Tail Hammer gives Ankylomon a melee physical earth signature based on “Physical attack, 85 Earth damage to one foe. 15% chance of stunning target.”; 32 power per hit and 23 PP are tuned around its 35 access center.",
taizoukai_mandala,Taizoukai Mandala,Special,dark,signature,Mega,55.0,39,1,39,18,-1,line/beam,5,False,"[{""kind"": ""stat"", ""stat"": ""mod_accuracy"", ""stages"": -1, ""target"": ""foe"", ""chance"": 100}]","Taizoukai Mandala gives Kuzuhamon a beam magic dark signature based on “Magic attack, 70 Dark damage to all foes. Undoes ACU, EVA, or CRT boosts on target. Always hits.”; 39 power per hit and 18 PP are tuned around its 55 access center.",
talisman_of_light,Talisman of Light,Special,dark,signature,Ultimate,45.0,42,1,42,20,92,ranged,4,False,[],"Talisman of Light gives Taomon a projectile magic dark signature based on “Magic attack, 105 Dark damage to one foe.”; 42 power per hit and 20 PP are tuned around its 45 access center.",
tearing_shot,Tearing Shot,Special,water,signature,Rookie,25.0,26,1,26,26,95,ranged,3,False,[],"Tearing Shot gives Lunamon a projectile magic water signature based on “Magic attack, 65 Water damage to one foe.”; 26 power per hit and 26 PP are tuned around its 25 access center.",
terra_force,Terra Force,Physical,fire,signature,Mega,55.0,37,1,37,16,87,AOE/blast,2,True,"[{""kind"": ""stat"", ""stat"": ""mod_attack"", ""stages"": 1, ""target"": ""self"", ""chance"": 100}]","Terra Force gives WarGreymon a burst physical fire signature based on “Physical attack, 90 Fire damage to all foes. 30% chance of increasing ATK by 20%.”; 42 power per hit and 16 PP are tuned around its 55 access center. Its named destructive all-combatant attack deliberately risks allies; reduced power and PP price that risk.",Friendly fire is intentional for this indiscriminate large attack.
terrier_tornado,Terrier Tornado,Special,flying,signature,Rookie,25.0,20,1,20,27,93,offset blast,3,False,[],"Terrier Tornado gives Terriermon a offset magic wind signature based on “Magic attack, 20 Wind damage to all foes.”; 20 power per hit and 27 PP are tuned around its 25 access center. The per-hit value uses the 20-power floor; its multiple strikes remain the costed damage pattern.",The source multi-hit pattern retains the 20-power per-hit floor.
terrors_cluster,Terrors Cluster,Physical,electric,signature,Mega,55.0,48,1,48,17,88,thrown,4,False,"[{""kind"": ""status"", ""status"": ""paralyze"", ""target"": ""foe"", ""chance"": 20}]","Terrors Cluster gives RustTyranomon a throw physical electric signature based on “Physical attack, 125 Electric damage to one foe. 50% chance of paralyzing target.”; 48 power per hit and 17 PP are tuned around its 55 access center.",
texture_blow,Texture Blow,Physical,flying,generic,Champion; Ultimate; Mega,43.7,45,1,45,18,92,close,1,False,"[{""kind"": ""stat"", ""stat"": ""mod_defense"", ""stages"": -1, ""target"": ""foe"", ""chance"": 20}]",A close texture-shattering blow uses a modest defense-drop chance instead of stacking several effects.,
the_king_of_fists,The King of Fists,Physical,flying,signature,Ultimate,45.0,15,3,45,18,91,close,1,False,"[{""kind"": ""status"", ""status"": ""flinch"", ""target"": ""foe"", ""chance"": 10}]","The King of Fists gives GrapLeomon a melee physical wind signature based on “1-3 physical attacks, 55 Wind damage to one foe. 15% chance of stunning target.”; 15 power per hit and 18 PP are tuned around its 45 access center. Its 3-hit total is 45, aligned to the 45 access guide while preserving the starter total-power baseline.","Multi-hit power is per hit; total damage, rather than each strike, meets the 20-power starter baseline."
the_ray_of_victory,The Ray of Victory,Physical,fairy,signature,Mega,55.0,38,1,38,16,-1,line/beam,5,True,"[{""kind"": ""stat"", ""stat"": ""mod_speed"", ""stages"": 1, ""target"": ""self"", ""chance"": 100}]","The Ray of Victory gives UlforceVeedramon a beam physical light signature based on “Physical attack, 100 Light damage to all. Always hits. Increases SPD by 10%.”; 43 power per hit and 16 PP are tuned around its 55 access center. Its named destructive all-combatant attack deliberately risks allies; reduced power and PP price that risk.",Friendly fire is intentional for this indiscriminate large attack.
thorn_whip,Thorn Whip,Physical,grass,signature,Mega,55.0,48,1,48,17,91,close,1,False,"[{""kind"": ""drain"", ""fraction"": 4}]","Thorn Whip gives Rosemon a melee physical plant signature based on “Physical attack, 120 Plant damage to one foe, absorbs 50% into HP. 30% chance of paralyzing target.”; 48 power per hit and 17 PP are tuned around its 55 access center.",
thousand_fists,Thousand Fists,Physical,flying,signature,Mega,55.0,18,3,54,16,92,close,1,False,"[{""kind"": ""critical"", ""stages"": 1}]","Thousand Fists gives Merukimon a melee physical wind signature based on “8 physical attacks, 15 Wind damage to one foe. Tends to critical more often.”; 18 power per hit and 16 PP are tuned around its 55 access center. Its 3-hit total is 54, aligned to the 55 access guide while preserving the starter total-power baseline.","Multi-hit power is per hit; total damage, rather than each strike, meets the 20-power starter baseline."
thunder_cloud,Thunder Cloud,Special,electric,signature,Rookie; Champion,28.75,14,2,28,22,91,thrown,4,False,[],"Thunder Cloud gives Elecmon a throw magic electric signature based on “2 magic attacks, 30 Electric damage to one foe.”; 14 power per hit and 22 PP are tuned around its 28.75 access center. Its 2-hit total is 28, aligned to the 29 access guide while preserving the starter total-power baseline.","Multi-hit power is per hit; total damage, rather than each strike, meets the 20-power starter baseline."
thunder_cloud_ii,Thunder Cloud II,Special,electric,signature,,,34,1,34,23,94,ranged,4,False,"[{""kind"": ""status"", ""status"": ""paralyze"", ""target"": ""foe"", ""chance"": 10}]","Thunder Cloud II gives its available learner a projectile magic electric signature based on “Magic attack, 75 Electric damage to one foe. 10% chance of paralyzing target.”; 34 power per hit and 23 PP are tuned around its 35 access center.",
thunder_fall_i,Thunder Fall I,Physical,electric,generic,Champion; Ultimate,41.18,30,1,30,21,95,thrown,3,False,[],Thunder Fall I is tier 1 of its inherited chain: power rises from 30 toward the 41 access guide while PP falls for the stronger technique.,
thunder_fall_ii,Thunder Fall II,Physical,electric,generic,Ultimate; Mega,51.8,50,1,50,17,95,thrown,3,False,[],Thunder Fall II is tier 2 of its inherited chain: power rises from 40 toward the 52 access guide while PP falls for the stronger technique.,
thunder_fall_iii,Thunder Fall III,Physical,electric,generic,Mega,55.0,65,1,65,14,95,thrown,3,False,[],Thunder Fall III is tier 3 of its inherited chain: power rises from 45 toward the 55 access guide while PP falls for the stronger technique.,
tidal_wave,Tidal Wave,Special,water,signature,Ultimate,45.0,31,1,31,19,88,broad line,5,True,[],"Tidal Wave gives Whamon a wave magic water signature based on “Magic attack, 65 Water damage to all foes.”; 36 power per hit and 19 PP are tuned around its 45 access center. Its named destructive all-combatant attack deliberately risks allies; reduced power and PP price that risk.",Friendly fire is intentional for this indiscriminate large attack.
tomahawk_stinger,Tomahawk Stinger,Physical,normal,signature,Mega,55.0,49,1,49,18,90,thrown,4,False,"[{""kind"": ""status"", ""status"": ""confuse"", ""target"": ""foe"", ""chance"": 20}]","Tomahawk Stinger gives Boltmon a throw physical neutral signature based on “Physical attack, 130 Neutral damage to one foe. 40% chance of confusing target.”; 49 power per hit and 18 PP are tuned around its 55 access center.",
top_gun,Top Gun,Special,flying,signature,Ultimate,45.0,43,1,43,20,92,offset blast,3,False,[],"Top Gun gives Silphymon a offset magic wind signature based on “Magic attack, 110 Wind damage to one foe.”; 43 power per hit and 20 PP are tuned around its 45 access center.",
transcendent_sword__omnimon,Transcendent Sword,Physical,fire,signature,Mega,55.0,40,1,40,16,89,sweep,1,True,[],"A fiery sword sweeps the three forward adjacent tiles and can hit allies. 40 power, 16 PP and 89 accuracy trade the former dash movement for genuine multi-target blade coverage at Mega access.",Friendly fire is intentional for this indiscriminate large attack.
transcendent_sword__omnimon_nx,Transcendent Sword,Physical,fire,signature,Mega,55.0,38,1,38,17,89,sweep,1,True,[],"A fiery sword sweeps the three forward adjacent tiles and can hit allies. 38 power, 17 PP and 89 accuracy trade the former dash movement for genuine multi-target blade coverage at Mega access.",Friendly fire is intentional for this indiscriminate large attack.
transcendent_sword__omnimon_zwart,Transcendent Sword,Physical,fire,signature,Mega,55.0,53,1,53,17,91,dash/lunge,2,False,[],"Transcendent Sword gives Omnimon Zwart a dash physical fire signature based on “Physical attack, 130 Fire damage to one foe.”; 53 power per hit and 17 PP are tuned around its 55 access center.",
tri_horn_attack,Tri-Horn Attack,Physical,ground,signature,Ultimate,45.0,48,1,48,16,82,dash/lunge,2,False,"[{""kind"": ""status"", ""status"": ""flinch"", ""target"": ""foe"", ""chance"": 15}]","Tri-Horn Attack gives Triceramon a dash physical earth signature based on “Physical attack, 150 Earth damage to one foe. Stuns target. 50% accuracy.”; 48 power per hit and 16 PP are tuned around its 45 access center.",
trick_or_treat,Trick or Treat,Physical,normal,signature,Ultimate,45.0,40,1,40,21,93,close,1,False,"[{""kind"": ""stat"", ""stat"": ""mod_special_attack"", ""stages"": -1, ""target"": ""foe"", ""chance"": 100}]","Trick or Treat gives Pumpkinmon a melee physical neutral signature based on “Physical attack, 100 Neutral damage to one foe. Decrease target's INT by 10%.”; 40 power per hit and 21 PP are tuned around its 45 access center.",
trident_revolver,Trident Revolver,Physical,fire,signature,Ultimate,45.0,15,3,45,17,91,ranged,4,False,[],"Trident Revolver gives RizeGreymon a projectile physical fire signature based on “3 physical attacks, 40 Fire damage to one foe.”; 15 power per hit and 17 PP are tuned around its 45 access center. Its 3-hit total is 45, aligned to the 45 access guide while preserving the starter total-power baseline.","Multi-hit power is per hit; total damage, rather than each strike, meets the 20-power starter baseline."
trident_saber,Trident Saber,Physical,normal,signature,Ultimate,45.0,15,3,45,17,92,close,1,False,[],"Trident Saber gives SaviorHuckmon a melee physical neutral signature based on “3 physical attacks, 40 Neutral damage to one foe.”; 15 power per hit and 17 PP are tuned around its 45 access center. Its 3-hit total is 45, aligned to the 45 access guide while preserving the starter total-power baseline.","Multi-hit power is per hit; total damage, rather than each strike, meets the 20-power starter baseline."
trump_sword,Trump Sword,Special,normal,signature,Mega,55.0,18,3,54,16,90,ranged,3,False,"[{""kind"": ""status"", ""status"": ""immobilized"", ""target"": ""foe"", ""chance"": 10}]","Trump Sword gives Piedmon a projectile magic neutral signature based on “4 magic attacks, 35 Neutral damage to one foe. Prevents the use of support skills.”; 18 power per hit and 16 PP are tuned around its 55 access center. Its 3-hit total is 54, aligned to the 55 access guide while preserving the starter total-power baseline.","Multi-hit power is per hit; total damage, rather than each strike, meets the 20-power starter baseline."
turbo_stinger,Turbo Stinger,Physical,electric,signature,Champion,35.0,12,3,36,19,92,ranged,4,False,[],"Turbo Stinger gives Waspmon a projectile physical electric signature based on “4 physical attacks, 25 Electric damage to one foe.”; 12 power per hit and 19 PP are tuned around its 35 access center. Its 3-hit total is 36, aligned to the 35 access guide while preserving the starter total-power baseline.","Multi-hit power is per hit; total damage, rather than each strike, meets the 20-power starter baseline."
twenty_dive,Twenty Dive,Physical,normal,signature,Rookie,25.0,28,1,28,26,95,dash/lunge,2,False,[],"Twenty Dive gives Zubamon a dash physical neutral signature based on “Physical attack, 75 Neutral damage to one foe.”; 28 power per hit and 26 PP are tuned around its 25 access center.",
ultimate_flare,Ultimate Flare,Physical,fire,signature,Mega,55.0,18,3,54,15,88,dash/lunge,3,False,"[{""kind"": ""recoil"", ""fraction"": 4}]","Ultimate Flare gives Armageddemon a dash physical fire signature based on “3 physical attacks, 90 Fire damage to one foe. Cannot move from recoil for one turn.”; 18 power per hit and 15 PP are tuned around its 55 access center. Its 3-hit total is 54, aligned to the 55 access guide while preserving the starter total-power baseline.","Multi-hit power is per hit; total damage, rather than each strike, meets the 20-power starter baseline."
ultimate_ouryuken,Ultimate Ouryuken,Physical,normal,signature,Mega,55.0,55,1,55,16,92,dash/lunge,2,False,"[{""kind"": ""critical"", ""stages"": 1}]",Ultimate Ouryuken gives Alphamon Ouryuken a dash physical neutral signature based on “DEF-penetrating extra strong Neutral attack on one foe.”; 55 power per hit and 16 PP are tuned around its 55 access center.,
unidentified_flying_kiss,Unidentified Flying Kiss,Special,dark,signature,Ultimate,45.0,40,1,40,21,92,dash/lunge,2,False,"[{""kind"": ""status"", ""status"": ""confuse"", ""target"": ""foe"", ""chance"": 15}]",Unidentified Flying Kiss is a magical dark fly-in attack; the short Special dash delivers its confusion effect without changing category.,
v_nova_blast,V-Nova Blast,Physical,fire,signature,Champion,35.0,38,1,38,21,92,dash/lunge,3,False,"[{""kind"": ""recoil"", ""fraction"": 4}]","V-Nova Blast gives Veedramon a dash physical fire signature based on “Physical attack, 105 Fire damage to one foe. After use, receive 5% HP damage from recoil.”; 38 power per hit and 21 PP are tuned around its 35 access center.",
vantheon,Vantheon,Physical,normal,signature,Champion,35.0,12,3,36,17,90,ranged,4,False,"[{""kind"": ""stat"", ""stat"": ""mod_attack"", ""stages"": 1, ""target"": ""self"", ""chance"": 100}]","Vantheon gives Zubaeagermon a projectile physical neutral signature based on “4-8 physical attacks, 15 Neutral damage to one foe. 20% chance of increasing ATK by 10%.”; 12 power per hit and 17 PP are tuned around its 35 access center. Its 3-hit total is 36, aligned to the 35 access guide while preserving the starter total-power baseline.","Multi-hit power is per hit; total damage, rather than each strike, meets the 20-power starter baseline."
vee_laser,Vee Laser,Physical,fairy,signature,Champion,35.0,34,1,34,22,93,line/beam,5,False,[],"Vee Laser gives ExVeemon a beam physical light signature based on “Physical attack, 95 Light damage to one foe.”; 34 power per hit and 22 PP are tuned around its 35 access center.",
veemon_headbutt,Veemon Headbutt,Physical,normal,signature,Rookie,25.0,28,1,28,26,95,dash/lunge,2,False,[],"Veemon Headbutt gives Veemon a dash physical neutral signature based on “Physical attack, 75 Neutral damage to one foe.”; 28 power per hit and 26 PP are tuned around its 25 access center.",
venom_infusion,Venom Infusion,Physical,dark,signature,Mega,55.0,51,1,51,17,90,dash/lunge,2,False,"[{""kind"": ""status"", ""status"": ""poison"", ""target"": ""foe"", ""chance"": 20}]","Venom Infusion gives VenomMyotismon a dash physical dark signature based on “Physical attack, 135 Dark damage to one foe. 50% chance of poisoning target.”; 51 power per hit and 17 PP are tuned around its 55 access center.",
venom_trap,Venom Trap,Physical,grass,generic,Rookie; Champion; Ultimate; Mega,33.11,35,1,35,18,92,ranged,5,False,"[{""kind"": ""status"", ""status"": ""poison"", ""target"": ""foe"", ""chance"": 20}]",A precise venom trap remains a normal ranged hit with a modest poison chance.,
victory_sword,Victory Sword,Physical,flying,signature,Mega,55.0,28,2,56,17,92,close,1,False,[],"Victory Sword gives UlforceVeedramon a melee physical wind signature based on “2 physical attacks, 65 Wind damage to one foe.”; 28 power per hit and 17 PP are tuned around its 55 access center. Its 2-hit total is 56, aligned to the 55 access guide while preserving the starter total-power baseline.","Multi-hit power is per hit; total damage, rather than each strike, meets the 20-power starter baseline."
volcanic_driver,Volcanic Driver,Physical,fire,signature,Mega,55.0,52,1,52,17,90,dash/lunge,3,False,"[{""kind"": ""critical"", ""stages"": 1}]","Volcanic Driver gives PileVolcamon a dash physical fire signature based on “Physical attack, 130 Fire damage to one foe. Tends to critical more often.”; 52 power per hit and 17 PP are tuned around its 55 access center.",
volcanic_strike,Volcanic Strike,Physical,fire,signature,Champion,35.0,36,1,36,22,93,close,1,False,[],"Volcanic Strike gives Monochromon a melee physical fire signature based on “Physical attack, 95 Fire damage to one foe.”; 36 power per hit and 22 PP are tuned around its 35 access center.",
vortex_penetration,Vortex Penetration,Physical,water,signature,Mega,55.0,51,1,51,18,-1,ranged,4,False,[],Vortex Penetration gives Neptunemon a projectile physical water signature based on “DEF-penetrating strong Water attack on one foe. Always hits.”; 51 power per hit and 18 PP are tuned around its 55 access center.,
vulcan_crusher,Vulcan Crusher,Physical,ground,signature,Mega,55.0,53,1,53,16,90,close,1,False,"[{""kind"": ""status"", ""status"": ""flinch"", ""target"": ""foe"", ""chance"": 20}]","Vulcan Crusher gives Leopardmon LM a melee physical earth signature based on “Physical attack, 145 Earth damage to one foe. 35% chance of stunning target. 95% accuracy.”; 53 power per hit and 16 PP are tuned around its 55 access center.",
vulcan_s_hammer,Vulcan's Hammer,Physical,electric,signature,Ultimate,45.0,42,1,42,20,92,close,1,False,[],"Vulcan's Hammer gives Zudomon a melee physical electric signature based on “Physical attack, 115 Electric damage to one foe.”; 42 power per hit and 20 PP are tuned around its 45 access center.",
waltz_s_end,Waltz's End,Physical,normal,signature,Mega,55.0,18,3,54,16,90,sweep,1,False,[],"Waltz's End gives Craniamon a sweep physical neutral signature based on “3 physical attacks, 35 Neutral damage to all foes.”; 18 power per hit and 16 PP are tuned around its 55 access center. Its 3-hit total is 54, aligned to the 55 access guide while preserving the starter total-power baseline.","Multi-hit power is per hit; total damage, rather than each strike, meets the 20-power starter baseline."
weltgeist,Weltgeist,Support,normal,signature,Mega,55.0,,1,,10,100,self,1,False,[],"Weltgeist retains its nullify all received damage until the next turn, and counterattacks when receiving physical or magic attacks. support identity through the matching native protect action; its 55-power access band pays with 8 PP.",
will_o_wisp,Will-o'-Wisp,Special,fire,signature,Champion,35.0,25,1,25,22,90,cone,2,False,"[{""kind"": ""status"", ""status"": ""burn"", ""target"": ""foe"", ""chance"": 15}]","Will-o'-Wisp gives Kyubimon a cone magic fire signature based on “Magic attack, 30 Fire damage to all foes.”; 25 power per hit and 22 PP are tuned around its 35 access center.",
will_o_wisp_slash,Will-O'-Wisp Slash,Physical,fire,signature,Mega,55.0,28,2,56,16,91,close,1,False,[],"Will-O'-Wisp Slash gives Gaiomon a melee physical fire signature based on “2 physical attacks, 70 Fire damage to one foe.”; 28 power per hit and 16 PP are tuned around its 55 access center. Its 2-hit total is 56, aligned to the 55 access guide while preserving the starter total-power baseline.","Multi-hit power is per hit; total damage, rather than each strike, meets the 20-power starter baseline."
wind_claw_i,Wind Claw I,Physical,flying,generic,Rookie,22.44,20,1,20,24,95,dash/lunge,2,False,[],Wind Claw I is tier 1 of its inherited chain: power rises from 20 toward the 22 access guide while PP falls for the stronger technique.,
wind_claw_ii,Wind Claw II,Physical,flying,generic,Champion; Ultimate,37.5,40,1,40,20,95,dash/lunge,2,False,[],Wind Claw II is tier 2 of its inherited chain: power rises from 30 toward the 38 access guide while PP falls for the stronger technique.,
wind_claw_iii,Wind Claw III,Physical,flying,generic,Ultimate; Mega,49.99,55,1,55,16,95,dash/lunge,2,False,[],"A reliable tier-III dash shared across Ultimate, Mega. 55 power stays between its stage targets near the 49.99 blended access guide; 16 PP pays for late numbered-skill strength without imposing Mega-exclusive power on earlier learners.",
wind_cutter_sword,Wind Cutter Sword,Physical,flying,signature,Ultimate,45.0,15,3,45,17,91,offset blast,3,False,[],"Wind Cutter Sword gives Chirinmon a offset physical wind signature based on “3 physical attacks, 40 Wind damage to one foe.”; 15 power per hit and 17 PP are tuned around its 45 access center. Its 3-hit total is 45, aligned to the 45 access guide while preserving the starter total-power baseline.","Multi-hit power is per hit; total damage, rather than each strike, meets the 20-power starter baseline."
winning_knuckle,Winning Knuckle,Physical,normal,signature,Ultimate,45.0,43,1,43,20,92,close,1,False,"[{""kind"": ""status"", ""status"": ""flinch"", ""target"": ""foe"", ""chance"": 15}]","Winning Knuckle gives MachGaogamon a melee physical neutral signature based on “Physical attack, 115 Neutral damage to one foe. 20% chance of stunning target.”; 43 power per hit and 20 PP are tuned around its 45 access center.",
wolf_claw,Wolf Claw,Physical,normal,signature,Ultimate,45.0,44,1,44,20,93,sweep,1,False,[],"Wolf Claw gives WereGarurumon a sweep physical neutral signature based on “Physical attack, 120 Neutral damage to one foe.”; 44 power per hit and 20 PP are tuned around its 45 access center.",
wolkenapalm_i,Wolkenapalm I,Physical,fire,generic,Rookie,22.99,20,1,20,24,95,close,1,False,[],Wolkenapalm I is tier 1 of its inherited chain: power rises from 20 toward the 23 access guide while PP falls for the stronger technique.,
wolkenapalm_ii,Wolkenapalm II,Physical,fire,generic,Champion; Ultimate,37.41,35,1,35,20,95,close,1,False,[],Wolkenapalm II is tier 2 of its inherited chain: power rises from 25 toward the 37 access guide while PP falls for the stronger technique.,
wolkenapalm_iii,Wolkenapalm III,Physical,fire,generic,Rookie; Champion; Ultimate; Mega,41.88,50,1,50,16,95,close,1,False,[],Wolkenapalm III is tier 3 of its inherited chain: power rises from 30 toward the 42 access guide while PP falls for the stronger technique.,
wyvern_s_breath,Wyvern's Breath,Physical,flying,signature,Mega,55.0,39,1,39,15,86,broad line,5,True,"[{""kind"": ""recoil"", ""fraction"": 4}]","Wyvern's Breath gives Dynasmon a wave physical wind signature based on “Physical attack, 110 Wind damage to all foes. Receive recoil damage equal to 20% of HP.”; 44 power per hit and 15 PP are tuned around its 55 access center. Its named destructive all-combatant attack deliberately risks allies; reduced power and PP price that risk.",Friendly fire is intentional for this indiscriminate large attack.
x_aura,X-Aura,Support,normal,generic,Rookie; Mega,44.71,,1,,12,100,AOE/blast,2,False,"[{""kind"": ""heal"", ""numerator"": 1, ""denominator"": 2}]","X-Aura is the party burst healing tier, restoring 1/2 maximum HP to the user and allies.",
x_heal,X-Heal,Support,normal,generic,Champion; Ultimate; Mega,41.34,,1,,18,100,thrown,4,False,"[{""kind"": ""heal"", ""numerator"": 1, ""denominator"": 2}]","X-Heal is the single-ally healing tier, restoring 1/2 maximum HP with PP scaled to its strength.",
zwei_glanze,Zwei Glanze,Physical,normal,signature,Mega,55.0,55,1,55,16,92,dash/lunge,2,False,[],"Zwei Glanze gives Durandamon a dash physical neutral signature based on “Physical attack, 150 Neutral damage to one foe.”; 55 power per hit and 16 PP are tuned around its 55 access center.",
zwei_sieger,Zwei Sieger,Physical,fairy,signature,Champion,35.0,34,1,34,22,94,close,1,False,"[{""kind"": ""critical"", ""stages"": 1}]","Zwei Sieger gives Lobomon a melee physical light signature based on “Physical attack, 90 Light damage to one for. Tends to critical more often.”; 34 power per hit and 22 PP are tuned around its 35 access center.",
